{
  "ammo": "emxarms:410x57ap",
  "ammo_amount": 30,
  "extended_mag_ammo_amount": [
    45,
    60,
    80
  ],
  "bolt": "open_bolt",
  "rpm": 420,
  "bullet": {
    "life": 0.75,
    "bullet_amount": 1,
    "damage": 18.0,
    "tracer_count_interval": 0,
    "extra_damage": {
      "armor_ignore": 0.40,
      "head_shot_multiplier": 1.35,
      "damage_adjust": [
        {"distance": 0.5, "damage": 38.5},
        {"distance": 8, "damage": 28.0},
		{"distance": 30, "damage": 18.0},
        {"distance": 60, "damage": 15.0},
        {"distance": "infinite", "damage": 13.8}
      ]
    },
    "speed": 300,
    "gravity": 0.0245,
    "knockback": 0,
    "friction": 0.01,
    "ignite": false,
    "pierce": 3
  },
  "reload": {
    "type": "magazine",
    "feed": {
      "empty": 2.8,
      "tactical": 2.8
    },
    "cooldown": {
      "empty": 4.7,
      "tactical": 3.8
    }
  },
  "draw_time": 0.55,
  "put_away_time": 0.9,
  "aim_time": 0.2,
  "sprint_time": 0.21,
  "fire_mode": [
    "semi",
    "auto"
  ],
  "recoil": {
    "pitch": [
      {"time": 0, "value": [1.78, 1.98]},
      {"time": 0.3, "value": [0.95, 0.95]},
      {"time": 0.5, "value": [-0.125, -0.125]},
      {"time": 0.65, "value": [0, 0]}
    ],
    "yaw": [
      {"time": 0, "value": [0.25, 0.45]},
      {"time": 0.3, "value": [0.15, 0.25]},
      {"time": 0.5, "value": [0, 0]}
    ]
  },
  "inaccuracy": {
    "stand": 7.1,
    "move": 8.2,
    "sneak": 6.5,
    "lie": 5,
    "aim": 0.935
  },
  "melee": {
    // 枪械距离参数，用来延升近战攻击范围
    // 会与刺刀等配件的距离做加和
    "distance": 1,
    // 使用时的冷却时间
    "cooldown": 0.7,
    // 默认近战数据，会被配件的数据替换掉
    "default": {
      // 动画类型：没有枪托的为 melee_push，有枪托的为 melee_stock
      "animation_type": "melee_push",
      // 刺刀距离参数，枪械里还有个刺刀攻击距离参数，两者做加和
      "distance": 2,
      // 刺刀范围角度
      "range_angle": 30,
      // 伤害值
      "damage": 3.0,
      // 击退效果
      "knockback": 0.5,
      // 前摇时长，单位：秒
      "prep": 0.1
    }
  },
  "allow_attachment_types": [
    "scope",
    "grip",
	"stock",
	"muzzle",
    "extended_mag"
  ],
  "exclusive_attachments": {
  }
}