{
  "ammo": "emxarms:402x31",
  "rpm": 800,
  "bullet": {
    "life": 0.6,
    "bullet_amount": 1,
    "damage": 7.1,
    "tracer_count_interval": 0,
    "extra_damage": {
      "armor_ignore": 0.25,
      "head_shot_multiplier": 1.25,
      "damage_adjust": [
        {"distance": 0.5, "damage": 10},
        {"distance": 15.0, "damage": 7.1},
        {"distance": 20.5, "damage": 5.4},
        {"distance": 44.5, "damage": 4},
        {"distance": "infinite", "damage": 3.5}
      ]
    },
    "speed": 150,
    "gravity": 0.0245,
    "knockback": 0,
    "friction": 0.012,
    "ignite": false,
    "pierce": 1
  },
  "ammo_amount": 21,
  "extended_mag_ammo_amount": [
    24,
    30,
    36
  ],
  "bolt": "closed_bolt",
  "reload": {
    "type": "magazine",
    "feed": {
      "empty": 1.63,
      "tactical": 1.05
    },
    "cooldown": {
      "empty": 1.88,
      "tactical": 1.5
    }
  },
  "draw_time": 0.32,
  "put_away_time": 0.35,
  "aim_time": 0.17,
  "sprint_time": 0.2,
  "fire_mode": [
    "semi",
	"burst"
  ],
  "burst_data": {
    "continuous_shoot": true,
    "count": 3,
    "bpm": 750,
    "min_interval": 0.3
  },
  "melee": {
    // 枪械距离参数，用来延升近战攻击范围
    // 会与刺刀等配件的距离做加和
    "distance": 1,
    // 使用时的冷却时间
    "cooldown": 0.6,
    // 默认近战数据，会被配件的数据替换掉
    "default": {
      // 动画类型：没有枪托的为 melee_push，有枪托的为 melee_stock
      "animation_type": "melee_push",
      // 刺刀距离参数，枪械里还有个刺刀攻击距离参数，两者做加和
      "distance": 2,
      // 刺刀范围角度
      "range_angle": 30,
      // 伤害值
      "damage": 2.0,
      // 击退效果
      "knockback": 0.5,
      // 前摇时长，单位：秒
      "prep": 0.1
    }
  },
  "allow_attachment_types": [
    "scope",
	"grip",
	"muzzle",
	"stock",
    "extended_mag"
  ],
  "recoil": {
    "pitch": [
      {"time": 0, "value": [0.55, 0.55]},
      {"time": 0.35, "value": [0.55, 0.55]},
      {"time": 0.6, "value": [-0.175, -0.175]},
      {"time": 0.8, "value": [0.05, 0.05]},
      {"time": 1.0, "value": [0, 0]}
    ],
    "yaw": [
      {"time": 0, "value": [-0.2, 0.2]},
      {"time": 0.45, "value": [0, 0]}
    ]
  },
  "inaccuracy": {
    "stand": 2.5,
    "move": 2.9,
    "sneak": 1.5,
    "lie": 0.7,
    "aim": 0.2
  }
}