{
	"format_version": "1.12.0",
	"minecraft:geometry": [
		{
			"description": {
				"identifier": "geometry.unknown",
				"texture_width": 256,
				"texture_height": 256,
				"visible_bounds_width": 20,
				"visible_bounds_height": 1.5,
				"visible_bounds_offset": [0, 0.25, 0]
			},
			"bones": [
				{
					"name": "emx_tac_grip",
					"pivot": [-0.36601, -0.32638, 0.75002]
				},
				{
					"name": "bone10",
					"parent": "emx_tac_grip",
					"pivot": [0, -6.5625, 11],
					"cubes": [
						{
							"origin": [-0.35937, -0.59375, -0.96875],
							"size": [0.71875, 0.26563, 1.71875],
							"uv": {
								"north": {"uv": [13, 6], "uv_size": [0.5, 0.5]},
								"east": {"uv": [5, 3], "uv_size": [1.5, 0.5]},
								"south": {"uv": [7, 13], "uv_size": [0.5, 0.5]},
								"west": {"uv": [4, 5], "uv_size": [1.5, 0.5]},
								"up": {"uv": [2, 6], "uv_size": [0.5, 1.5]},
								"down": {"uv": [3, 7.5], "uv_size": [0.5, -1.5]}
							}
						},
						{
							"origin": [-0.35937, -0.32812, -0.96875],
							"size": [0.71875, 0.25, 1.71875],
							"uv": {
								"north": {"uv": [7, 20], "uv_size": [0.5, 0.5]},
								"east": {"uv": [10, 2], "uv_size": [1.5, 0.5]},
								"south": {"uv": [20, 7], "uv_size": [0.5, 0.5]},
								"west": {"uv": [10, 6], "uv_size": [1.5, 0.5]},
								"up": {"uv": [5, 10], "uv_size": [0.5, 1.5]},
								"down": {"uv": [7, 11.5], "uv_size": [0.5, -1.5]}
							}
						},
						{
							"origin": [-0.096, -0.41476, -0.99375],
							"size": [0.048, 0.07953, 0.03962],
							"uv": {
								"north": {"uv": [13, 7], "uv_size": [0.5, 0.5]},
								"east": {"uv": [8, 13], "uv_size": [0.5, 0.5]},
								"south": {"uv": [13, 8], "uv_size": [0.5, 0.5]},
								"west": {"uv": [9, 13], "uv_size": [0.5, 0.5]},
								"up": {"uv": [13, 9], "uv_size": [0.5, 0.5]},
								"down": {"uv": [10, 13.5], "uv_size": [0.5, -0.5]}
							}
						},
						{
							"origin": [-0.096, -0.41476, -0.99375],
							"size": [0.048, 0.07953, 0.03962],
							"pivot": [0, -0.375, -0.96612],
							"rotation": [0, 0, 45],
							"uv": {
								"north": {"uv": [13, 10], "uv_size": [0.5, 0.5]},
								"east": {"uv": [11, 13], "uv_size": [0.5, 0.5]},
								"south": {"uv": [13, 11], "uv_size": [0.5, 0.5]},
								"west": {"uv": [12, 13], "uv_size": [0.5, 0.5]},
								"up": {"uv": [13, 12], "uv_size": [0.5, 0.5]},
								"down": {"uv": [13, 13.5], "uv_size": [0.5, -0.5]}
							}
						},
						{
							"origin": [0.048, -0.41476, -0.99375],
							"size": [0.048, 0.07953, 0.03962],
							"uv": {
								"north": {"uv": [2, 14], "uv_size": [0.5, 0.5]},
								"east": {"uv": [14, 2], "uv_size": [0.5, 0.5]},
								"south": {"uv": [3, 14], "uv_size": [0.5, 0.5]},
								"west": {"uv": [14, 3], "uv_size": [0.5, 0.5]},
								"up": {"uv": [4, 14], "uv_size": [0.5, 0.5]},
								"down": {"uv": [14, 4.5], "uv_size": [0.5, -0.5]}
							}
						},
						{
							"origin": [0.048, -0.41476, -0.99375],
							"size": [0.048, 0.07953, 0.03962],
							"pivot": [0, -0.375, -0.96612],
							"rotation": [0, 0, 45],
							"uv": {
								"north": {"uv": [5, 14], "uv_size": [0.5, 0.5]},
								"east": {"uv": [14, 5], "uv_size": [0.5, 0.5]},
								"south": {"uv": [6, 14], "uv_size": [0.5, 0.5]},
								"west": {"uv": [14, 6], "uv_size": [0.5, 0.5]},
								"up": {"uv": [7, 14], "uv_size": [0.5, 0.5]},
								"down": {"uv": [14, 7.5], "uv_size": [0.5, -0.5]}
							}
						},
						{
							"origin": [-0.03976, -0.327, -0.99375],
							"size": [0.07953, 0.048, 0.03962],
							"uv": {
								"north": {"uv": [8, 14], "uv_size": [0.5, 0.5]},
								"east": {"uv": [14, 8], "uv_size": [0.5, 0.5]},
								"south": {"uv": [9, 14], "uv_size": [0.5, 0.5]},
								"west": {"uv": [14, 9], "uv_size": [0.5, 0.5]},
								"up": {"uv": [10, 14], "uv_size": [0.5, 0.5]},
								"down": {"uv": [14, 10.5], "uv_size": [0.5, -0.5]}
							}
						},
						{
							"origin": [-0.03976, -0.327, -0.99375],
							"size": [0.07953, 0.048, 0.03962],
							"pivot": [0, -0.375, -0.96612],
							"rotation": [0, 0, 45],
							"uv": {
								"north": {"uv": [11, 14], "uv_size": [0.5, 0.5]},
								"east": {"uv": [14, 11], "uv_size": [0.5, 0.5]},
								"south": {"uv": [12, 14], "uv_size": [0.5, 0.5]},
								"west": {"uv": [14, 12], "uv_size": [0.5, 0.5]},
								"up": {"uv": [13, 14], "uv_size": [0.5, 0.5]},
								"down": {"uv": [14, 13.5], "uv_size": [0.5, -0.5]}
							}
						},
						{
							"origin": [-0.03976, -0.471, -0.99375],
							"size": [0.07953, 0.048, 0.03962],
							"uv": {
								"north": {"uv": [14, 14], "uv_size": [0.5, 0.5]},
								"east": {"uv": [2, 15], "uv_size": [0.5, 0.5]},
								"south": {"uv": [15, 2], "uv_size": [0.5, 0.5]},
								"west": {"uv": [3, 15], "uv_size": [0.5, 0.5]},
								"up": {"uv": [15, 3], "uv_size": [0.5, 0.5]},
								"down": {"uv": [4, 15.5], "uv_size": [0.5, -0.5]}
							}
						},
						{
							"origin": [-0.03976, -0.471, -0.99375],
							"size": [0.07953, 0.048, 0.03962],
							"pivot": [0, -0.375, -0.96612],
							"rotation": [0, 0, 45],
							"uv": {
								"north": {"uv": [15, 4], "uv_size": [0.5, 0.5]},
								"east": {"uv": [5, 15], "uv_size": [0.5, 0.5]},
								"south": {"uv": [15, 5], "uv_size": [0.5, 0.5]},
								"west": {"uv": [6, 15], "uv_size": [0.5, 0.5]},
								"up": {"uv": [15, 6], "uv_size": [0.5, 0.5]},
								"down": {"uv": [7, 15.5], "uv_size": [0.5, -0.5]}
							}
						},
						{
							"origin": [-0.35937, -0.59375, 0.75],
							"size": [0.71875, 0.39063, 0.25],
							"uv": {
								"north": {"uv": [15, 7], "uv_size": [0.5, 0.5]},
								"east": {"uv": [8, 15], "uv_size": [0.5, 0.5]},
								"south": {"uv": [15, 8], "uv_size": [0.5, 0.5]},
								"west": {"uv": [9, 15], "uv_size": [0.5, 0.5]},
								"up": {"uv": [15, 9], "uv_size": [0.5, 0.5]},
								"down": {"uv": [10, 15.5], "uv_size": [0.5, -0.5]}
							}
						},
						{
							"origin": [0.35938, -0.5625, 0.89063],
							"size": [0.0625, 0.23438, 0.59375],
							"uv": {
								"north": {"uv": [15, 10], "uv_size": [0.5, 0.5]},
								"east": {"uv": [11, 15], "uv_size": [0.5, 0.5]},
								"south": {"uv": [15, 11], "uv_size": [0.5, 0.5]},
								"west": {"uv": [12, 15], "uv_size": [0.5, 0.5]},
								"up": {"uv": [15, 12], "uv_size": [0.5, 0.5]},
								"down": {"uv": [13, 15.5], "uv_size": [0.5, -0.5]}
							}
						},
						{
							"origin": [0.42188, -0.5625, 0.89063],
							"size": [0.01563, 0.23438, 0.07813],
							"uv": {
								"north": {"uv": [15, 13], "uv_size": [0.5, 0.5]},
								"east": {"uv": [14, 15], "uv_size": [0.5, 0.5]},
								"south": {"uv": [15, 14], "uv_size": [0.5, 0.5]},
								"west": {"uv": [15, 15], "uv_size": [0.5, 0.5]},
								"up": {"uv": [2, 16], "uv_size": [0.5, 0.5]},
								"down": {"uv": [16, 2.5], "uv_size": [0.5, -0.5]}
							}
						},
						{
							"origin": [0.42188, -0.5625, 1.01563],
							"size": [0.01563, 0.23438, 0.07813],
							"uv": {
								"north": {"uv": [3, 16], "uv_size": [0.5, 0.5]},
								"east": {"uv": [16, 3], "uv_size": [0.5, 0.5]},
								"south": {"uv": [4, 16], "uv_size": [0.5, 0.5]},
								"west": {"uv": [16, 4], "uv_size": [0.5, 0.5]},
								"up": {"uv": [5, 16], "uv_size": [0.5, 0.5]},
								"down": {"uv": [16, 5.5], "uv_size": [0.5, -0.5]}
							}
						},
						{
							"origin": [0.42188, -0.5625, 1.14063],
							"size": [0.01563, 0.23438, 0.07813],
							"uv": {
								"north": {"uv": [6, 16], "uv_size": [0.5, 0.5]},
								"east": {"uv": [16, 6], "uv_size": [0.5, 0.5]},
								"south": {"uv": [7, 16], "uv_size": [0.5, 0.5]},
								"west": {"uv": [16, 7], "uv_size": [0.5, 0.5]},
								"up": {"uv": [8, 16], "uv_size": [0.5, 0.5]},
								"down": {"uv": [16, 8.5], "uv_size": [0.5, -0.5]}
							}
						},
						{
							"origin": [0.42188, -0.5625, 1.26563],
							"size": [0.01563, 0.23438, 0.07813],
							"uv": {
								"north": {"uv": [9, 16], "uv_size": [0.5, 0.5]},
								"east": {"uv": [16, 9], "uv_size": [0.5, 0.5]},
								"south": {"uv": [10, 16], "uv_size": [0.5, 0.5]},
								"west": {"uv": [16, 10], "uv_size": [0.5, 0.5]},
								"up": {"uv": [11, 16], "uv_size": [0.5, 0.5]},
								"down": {"uv": [16, 11.5], "uv_size": [0.5, -0.5]}
							}
						},
						{
							"origin": [0.42188, -0.5625, 1.39063],
							"size": [0.01563, 0.23438, 0.07813],
							"uv": {
								"north": {"uv": [12, 16], "uv_size": [0.5, 0.5]},
								"east": {"uv": [16, 12], "uv_size": [0.5, 0.5]},
								"south": {"uv": [13, 16], "uv_size": [0.5, 0.5]},
								"west": {"uv": [16, 13], "uv_size": [0.5, 0.5]},
								"up": {"uv": [14, 16], "uv_size": [0.5, 0.5]},
								"down": {"uv": [16, 14.5], "uv_size": [0.5, -0.5]}
							}
						},
						{
							"origin": [-0.42187, -0.5625, 0.89063],
							"size": [0.0625, 0.23438, 0.59375],
							"uv": {
								"north": {"uv": [15, 16], "uv_size": [0.5, 0.5]},
								"east": {"uv": [16, 15], "uv_size": [0.5, 0.5]},
								"south": {"uv": [16, 16], "uv_size": [0.5, 0.5]},
								"west": {"uv": [2, 17], "uv_size": [0.5, 0.5]},
								"up": {"uv": [17, 2], "uv_size": [0.5, 0.5]},
								"down": {"uv": [3, 17.5], "uv_size": [0.5, -0.5]}
							}
						},
						{
							"origin": [-0.4375, -0.5625, 0.89063],
							"size": [0.01563, 0.23438, 0.07813],
							"uv": {
								"north": {"uv": [17, 3], "uv_size": [0.5, 0.5]},
								"east": {"uv": [4, 17], "uv_size": [0.5, 0.5]},
								"south": {"uv": [17, 4], "uv_size": [0.5, 0.5]},
								"west": {"uv": [5, 17], "uv_size": [0.5, 0.5]},
								"up": {"uv": [17, 5], "uv_size": [0.5, 0.5]},
								"down": {"uv": [6, 17.5], "uv_size": [0.5, -0.5]}
							}
						},
						{
							"origin": [-0.4375, -0.5625, 1.01563],
							"size": [0.01563, 0.23438, 0.07813],
							"uv": {
								"north": {"uv": [17, 6], "uv_size": [0.5, 0.5]},
								"east": {"uv": [7, 17], "uv_size": [0.5, 0.5]},
								"south": {"uv": [17, 7], "uv_size": [0.5, 0.5]},
								"west": {"uv": [8, 17], "uv_size": [0.5, 0.5]},
								"up": {"uv": [17, 8], "uv_size": [0.5, 0.5]},
								"down": {"uv": [9, 17.5], "uv_size": [0.5, -0.5]}
							}
						},
						{
							"origin": [-0.4375, -0.5625, 1.14063],
							"size": [0.01563, 0.23438, 0.07813],
							"uv": {
								"north": {"uv": [17, 9], "uv_size": [0.5, 0.5]},
								"east": {"uv": [10, 17], "uv_size": [0.5, 0.5]},
								"south": {"uv": [17, 10], "uv_size": [0.5, 0.5]},
								"west": {"uv": [11, 17], "uv_size": [0.5, 0.5]},
								"up": {"uv": [17, 11], "uv_size": [0.5, 0.5]},
								"down": {"uv": [12, 17.5], "uv_size": [0.5, -0.5]}
							}
						},
						{
							"origin": [-0.4375, -0.5625, 1.26563],
							"size": [0.01563, 0.23438, 0.07813],
							"uv": {
								"north": {"uv": [17, 12], "uv_size": [0.5, 0.5]},
								"east": {"uv": [13, 17], "uv_size": [0.5, 0.5]},
								"south": {"uv": [17, 13], "uv_size": [0.5, 0.5]},
								"west": {"uv": [14, 17], "uv_size": [0.5, 0.5]},
								"up": {"uv": [17, 14], "uv_size": [0.5, 0.5]},
								"down": {"uv": [15, 17.5], "uv_size": [0.5, -0.5]}
							}
						},
						{
							"origin": [-0.4375, -0.5625, 1.39063],
							"size": [0.01563, 0.23438, 0.07813],
							"uv": {
								"north": {"uv": [17, 15], "uv_size": [0.5, 0.5]},
								"east": {"uv": [16, 17], "uv_size": [0.5, 0.5]},
								"south": {"uv": [17, 16], "uv_size": [0.5, 0.5]},
								"west": {"uv": [17, 17], "uv_size": [0.5, 0.5]},
								"up": {"uv": [2, 18], "uv_size": [0.5, 0.5]},
								"down": {"uv": [18, 2.5], "uv_size": [0.5, -0.5]}
							}
						},
						{
							"origin": [0.34375, -0.125, -0.75],
							"size": [0.23438, 0.3125, 1.5],
							"uv": {
								"north": {"uv": [3, 18], "uv_size": [0.5, 0.5]},
								"east": {"uv": [4, 6], "uv_size": [1.5, 0.5]},
								"south": {"uv": [18, 3], "uv_size": [0.5, 0.5]},
								"west": {"uv": [6, 4], "uv_size": [1.5, 0.5]},
								"up": {"uv": [6, 5], "uv_size": [0.5, 1.5]},
								"down": {"uv": [7, 3.5], "uv_size": [0.5, -1.5]}
							}
						},
						{
							"origin": [-0.60715, -0.32429, 0.28029],
							"size": [1.21429, 0.08239, 0.19892],
							"pivot": [0.01635, 0.17188, -0.16227],
							"rotation": [22.5, 0, 0],
							"uv": {
								"north": {"uv": [10, 7], "uv_size": [1, 0.5]},
								"east": {"uv": [4, 18], "uv_size": [0.5, 0.5]},
								"south": {"uv": [8, 10], "uv_size": [1, 0.5]},
								"west": {"uv": [18, 4], "uv_size": [0.5, 0.5]},
								"up": {"uv": [10, 9], "uv_size": [1, 0.5]},
								"down": {"uv": [10, 10.5], "uv_size": [1, -0.5]}
							}
						},
						{
							"origin": [-0.60715, 0.19223, 0.44325],
							"size": [1.21429, 0.08239, 0.19892],
							"pivot": [0.01635, 0.17188, -0.16227],
							"rotation": [-22.5, 0, 0],
							"uv": {
								"north": {"uv": [2, 11], "uv_size": [1, 0.5]},
								"east": {"uv": [5, 18], "uv_size": [0.5, 0.5]},
								"south": {"uv": [3, 11], "uv_size": [1, 0.5]},
								"west": {"uv": [18, 5], "uv_size": [0.5, 0.5]},
								"up": {"uv": [11, 3], "uv_size": [1, 0.5]},
								"down": {"uv": [11, 4.5], "uv_size": [1, -0.5]}
							}
						},
						{
							"origin": [-0.60715, -0.38255, 0.33855],
							"size": [1.21429, 0.19892, 0.08239],
							"pivot": [0.01635, 0.17188, -0.16227],
							"rotation": [22.5, 0, 0],
							"uv": {
								"north": {"uv": [11, 5], "uv_size": [1, 0.5]},
								"east": {"uv": [6, 18], "uv_size": [0.5, 0.5]},
								"south": {"uv": [6, 11], "uv_size": [1, 0.5]},
								"west": {"uv": [18, 6], "uv_size": [0.5, 0.5]},
								"up": {"uv": [11, 7], "uv_size": [1, 0.5]},
								"down": {"uv": [8, 11.5], "uv_size": [1, -0.5]}
							}
						},
						{
							"origin": [-0.60715, 0.13396, 0.50151],
							"size": [1.21429, 0.19892, 0.08239],
							"pivot": [0.01635, 0.17188, -0.16227],
							"rotation": [-22.5, 0, 0],
							"uv": {
								"north": {"uv": [11, 8], "uv_size": [1, 0.5]},
								"east": {"uv": [7, 18], "uv_size": [0.5, 0.5]},
								"south": {"uv": [9, 11], "uv_size": [1, 0.5]},
								"west": {"uv": [18, 7], "uv_size": [0.5, 0.5]},
								"up": {"uv": [11, 9], "uv_size": [1, 0.5]},
								"down": {"uv": [10, 11.5], "uv_size": [1, -0.5]}
							}
						},
						{
							"origin": [-0.60715, 0.19223, -0.68175],
							"size": [1.21429, 0.08239, 0.19892],
							"pivot": [0.01635, 0.17188, -1.28727],
							"rotation": [-22.5, 0, 0],
							"uv": {
								"north": {"uv": [11, 10], "uv_size": [1, 0.5]},
								"east": {"uv": [8, 18], "uv_size": [0.5, 0.5]},
								"south": {"uv": [11, 11], "uv_size": [1, 0.5]},
								"west": {"uv": [18, 8], "uv_size": [0.5, 0.5]},
								"up": {"uv": [2, 12], "uv_size": [1, 0.5]},
								"down": {"uv": [12, 2.5], "uv_size": [1, -0.5]}
							}
						},
						{
							"origin": [-0.60715, -0.32429, -0.84471],
							"size": [1.21429, 0.08239, 0.19892],
							"pivot": [0.01635, 0.17188, -1.28727],
							"rotation": [22.5, 0, 0],
							"uv": {
								"north": {"uv": [3, 12], "uv_size": [1, 0.5]},
								"east": {"uv": [9, 18], "uv_size": [0.5, 0.5]},
								"south": {"uv": [12, 3], "uv_size": [1, 0.5]},
								"west": {"uv": [18, 9], "uv_size": [0.5, 0.5]},
								"up": {"uv": [4, 12], "uv_size": [1, 0.5]},
								"down": {"uv": [12, 4.5], "uv_size": [1, -0.5]}
							}
						},
						{
							"origin": [-0.60715, 0.13396, -0.62349],
							"size": [1.21429, 0.19892, 0.08239],
							"pivot": [0.01635, 0.17188, -1.28727],
							"rotation": [-22.5, 0, 0],
							"uv": {
								"north": {"uv": [5, 12], "uv_size": [1, 0.5]},
								"east": {"uv": [10, 18], "uv_size": [0.5, 0.5]},
								"south": {"uv": [12, 5], "uv_size": [1, 0.5]},
								"west": {"uv": [18, 10], "uv_size": [0.5, 0.5]},
								"up": {"uv": [6, 12], "uv_size": [1, 0.5]},
								"down": {"uv": [12, 6.5], "uv_size": [1, -0.5]}
							}
						},
						{
							"origin": [-0.60715, -0.38255, -0.78645],
							"size": [1.21429, 0.19892, 0.08239],
							"pivot": [0.01635, 0.17188, -1.28727],
							"rotation": [22.5, 0, 0],
							"uv": {
								"north": {"uv": [7, 12], "uv_size": [1, 0.5]},
								"east": {"uv": [11, 18], "uv_size": [0.5, 0.5]},
								"south": {"uv": [12, 7], "uv_size": [1, 0.5]},
								"west": {"uv": [18, 11], "uv_size": [0.5, 0.5]},
								"up": {"uv": [8, 12], "uv_size": [1, 0.5]},
								"down": {"uv": [12, 8.5], "uv_size": [1, -0.5]}
							}
						},
						{
							"origin": [0.34375, -0.25, -0.96509],
							"size": [0.23438, 0.13032, 1.71509],
							"uv": {
								"north": {"uv": [12, 18], "uv_size": [0.5, 0.5]},
								"east": {"uv": [4, 7], "uv_size": [1.5, 0.5]},
								"south": {"uv": [18, 12], "uv_size": [0.5, 0.5]},
								"west": {"uv": [7, 5], "uv_size": [1.5, 0.5]},
								"up": {"uv": [6, 7], "uv_size": [0.5, 1.5]},
								"down": {"uv": [7, 7.5], "uv_size": [0.5, -1.5]}
							}
						},
						{
							"origin": [-0.74374, 0.50645, -0.96509],
							"size": [0.125, 0.11469, 1.71509],
							"pivot": [-1.07187, -1.25918, 0],
							"rotation": [0, 0, 45],
							"uv": {
								"north": {"uv": [13, 18], "uv_size": [0.5, 0.5]},
								"east": {"uv": [2, 8], "uv_size": [1.5, 0.5]},
								"south": {"uv": [18, 13], "uv_size": [0.5, 0.5]},
								"west": {"uv": [8, 2], "uv_size": [1.5, 0.5]},
								"up": {"uv": [8, 3], "uv_size": [0.5, 1.5]},
								"down": {"uv": [4, 9.5], "uv_size": [0.5, -1.5]}
							}
						},
						{
							"origin": [0.61874, 0.50645, -0.96509],
							"size": [0.125, 0.11469, 1.71509],
							"pivot": [1.07187, -1.25918, 0],
							"rotation": [0, 0, -45],
							"uv": {
								"north": {"uv": [14, 18], "uv_size": [0.5, 0.5]},
								"east": {"uv": [8, 6], "uv_size": [1.5, 0.5]},
								"south": {"uv": [18, 14], "uv_size": [0.5, 0.5]},
								"west": {"uv": [7, 8], "uv_size": [1.5, 0.5]},
								"up": {"uv": [5, 8], "uv_size": [0.5, 1.5]},
								"down": {"uv": [2, 10.5], "uv_size": [0.5, -1.5]}
							}
						},
						{
							"origin": [-0.49702, -0.3311, -0.96509],
							"size": [0.99405, 0.0811, 1.71509],
							"uv": {
								"north": {"uv": [9, 12], "uv_size": [1, 0.5]},
								"east": {"uv": [8, 7], "uv_size": [1.5, 0.5]},
								"south": {"uv": [12, 9], "uv_size": [1, 0.5]},
								"west": {"uv": [9, 3], "uv_size": [1.5, 0.5]},
								"up": {"uv": [4, 2], "uv_size": [1, 1.5]},
								"down": {"uv": [3, 5.5], "uv_size": [1, -1.5]}
							}
						},
						{
							"origin": [0.34375, -0.03125, -1.125],
							"size": [0.23438, 0.21875, 0.375],
							"pivot": [0.125, 0.1875, -0.75],
							"rotation": [55, 0, 0],
							"uv": {
								"north": {"uv": [15, 18], "uv_size": [0.5, 0.5]},
								"east": {"uv": [18, 15], "uv_size": [0.5, 0.5]},
								"south": {"uv": [16, 18], "uv_size": [0.5, 0.5]},
								"west": {"uv": [18, 16], "uv_size": [0.5, 0.5]},
								"up": {"uv": [17, 18], "uv_size": [0.5, 0.5]},
								"down": {"uv": [18, 17.5], "uv_size": [0.5, -0.5]}
							}
						},
						{
							"origin": [-0.57812, -0.25, -0.96509],
							"size": [0.23438, 0.13032, 1.71509],
							"uv": {
								"north": {"uv": [18, 18], "uv_size": [0.5, 0.5]},
								"east": {"uv": [9, 4], "uv_size": [1.5, 0.5]},
								"south": {"uv": [2, 19], "uv_size": [0.5, 0.5]},
								"west": {"uv": [9, 5], "uv_size": [1.5, 0.5]},
								"up": {"uv": [3, 9], "uv_size": [0.5, 1.5]},
								"down": {"uv": [6, 10.5], "uv_size": [0.5, -1.5]}
							}
						},
						{
							"origin": [-0.57812, -0.03125, -1.125],
							"size": [0.23438, 0.21875, 0.375],
							"pivot": [-0.125, 0.1875, -0.75],
							"rotation": [55, 0, 0],
							"uv": {
								"north": {"uv": [19, 2], "uv_size": [0.5, 0.5]},
								"east": {"uv": [3, 19], "uv_size": [0.5, 0.5]},
								"south": {"uv": [19, 3], "uv_size": [0.5, 0.5]},
								"west": {"uv": [4, 19], "uv_size": [0.5, 0.5]},
								"up": {"uv": [19, 4], "uv_size": [0.5, 0.5]},
								"down": {"uv": [5, 19.5], "uv_size": [0.5, -0.5]}
							}
						},
						{
							"origin": [-0.57812, -0.125, -0.75],
							"size": [0.23438, 0.3125, 1.5],
							"uv": {
								"north": {"uv": [19, 5], "uv_size": [0.5, 0.5]},
								"east": {"uv": [7, 9], "uv_size": [1.5, 0.5]},
								"south": {"uv": [6, 19], "uv_size": [0.5, 0.5]},
								"west": {"uv": [9, 8], "uv_size": [1.5, 0.5]},
								"up": {"uv": [9, 9], "uv_size": [0.5, 1.5]},
								"down": {"uv": [4, 11.5], "uv_size": [0.5, -1.5]}
							}
						},
						{
							"origin": [-0.375, -0.84375, -0.96874],
							"size": [0.75, 0.125, 0.46875],
							"uv": {
								"north": {"uv": [10, 12], "uv_size": [1, 0.5]},
								"south": {"uv": [12, 10], "uv_size": [1, 0.5]},
								"down": {"uv": [11, 12.5], "uv_size": [1, -0.5]}
							}
						},
						{
							"origin": [-0.3643, -0.766, -0.96874],
							"size": [0.177, 0.177, 0.46875],
							"pivot": [-0.375, -0.57831, -3.87499],
							"rotation": [0, 0, 45],
							"uv": {
								"north": {"uv": [19, 6], "uv_size": [0.5, 0.5]},
								"east": {"uv": [7, 19], "uv_size": [0.5, 0.5]},
								"south": {"uv": [19, 7], "uv_size": [0.5, 0.5]},
								"down": {"uv": [8, 19.5], "uv_size": [0.5, -0.5]}
							}
						},
						{
							"origin": [0.1873, -0.766, -0.96874],
							"size": [0.177, 0.177, 0.46875],
							"pivot": [0.375, -0.57831, -3.87499],
							"rotation": [0, 0, -45],
							"uv": {
								"north": {"uv": [19, 8], "uv_size": [0.5, 0.5]},
								"south": {"uv": [9, 19], "uv_size": [0.5, 0.5]},
								"west": {"uv": [19, 9], "uv_size": [0.5, 0.5]},
								"down": {"uv": [10, 19.5], "uv_size": [0.5, -0.5]}
							}
						},
						{
							"origin": [-0.375, -0.84375, -0.24999],
							"size": [0.75, 0.125, 0.25],
							"uv": {
								"north": {"uv": [12, 11], "uv_size": [1, 0.5]},
								"south": {"uv": [12, 12], "uv_size": [1, 0.5]},
								"down": {"uv": [2, 13.5], "uv_size": [1, -0.5]}
							}
						},
						{
							"origin": [-0.3643, -0.766, -0.24999],
							"size": [0.177, 0.177, 0.25],
							"pivot": [-0.375, -0.57831, -3.37499],
							"rotation": [0, 0, 45],
							"uv": {
								"north": {"uv": [19, 10], "uv_size": [0.5, 0.5]},
								"east": {"uv": [11, 19], "uv_size": [0.5, 0.5]},
								"south": {"uv": [19, 11], "uv_size": [0.5, 0.5]},
								"down": {"uv": [12, 19.5], "uv_size": [0.5, -0.5]}
							}
						},
						{
							"origin": [0.1873, -0.766, -0.24999],
							"size": [0.177, 0.177, 0.25],
							"pivot": [0.375, -0.57831, -3.37499],
							"rotation": [0, 0, -45],
							"uv": {
								"north": {"uv": [19, 12], "uv_size": [0.5, 0.5]},
								"south": {"uv": [13, 19], "uv_size": [0.5, 0.5]},
								"west": {"uv": [19, 13], "uv_size": [0.5, 0.5]},
								"down": {"uv": [14, 19.5], "uv_size": [0.5, -0.5]}
							}
						},
						{
							"origin": [-0.375, -0.84375, 0.25001],
							"size": [0.75, 0.125, 0.25],
							"uv": {
								"north": {"uv": [13, 2], "uv_size": [1, 0.5]},
								"south": {"uv": [3, 13], "uv_size": [1, 0.5]},
								"down": {"uv": [13, 3.5], "uv_size": [1, -0.5]}
							}
						},
						{
							"origin": [-0.3643, -0.766, 0.25001],
							"size": [0.177, 0.177, 0.25],
							"pivot": [-0.375, -0.57831, -2.87499],
							"rotation": [0, 0, 45],
							"uv": {
								"north": {"uv": [19, 14], "uv_size": [0.5, 0.5]},
								"east": {"uv": [15, 19], "uv_size": [0.5, 0.5]},
								"south": {"uv": [19, 15], "uv_size": [0.5, 0.5]},
								"down": {"uv": [16, 19.5], "uv_size": [0.5, -0.5]}
							}
						},
						{
							"origin": [0.1873, -0.766, 0.25001],
							"size": [0.177, 0.177, 0.25],
							"pivot": [0.375, -0.57831, -2.87499],
							"rotation": [0, 0, -45],
							"uv": {
								"north": {"uv": [19, 16], "uv_size": [0.5, 0.5]},
								"south": {"uv": [17, 19], "uv_size": [0.5, 0.5]},
								"west": {"uv": [19, 17], "uv_size": [0.5, 0.5]},
								"down": {"uv": [18, 19.5], "uv_size": [0.5, -0.5]}
							}
						},
						{
							"origin": [-0.375, -0.84375, 0.75001],
							"size": [0.75, 0.125, 0.25],
							"uv": {
								"north": {"uv": [4, 13], "uv_size": [1, 0.5]},
								"south": {"uv": [13, 4], "uv_size": [1, 0.5]},
								"down": {"uv": [5, 13.5], "uv_size": [1, -0.5]}
							}
						},
						{
							"origin": [-0.3643, -0.766, 0.75001],
							"size": [0.177, 0.177, 0.25],
							"pivot": [-0.375, -0.57831, -2.37499],
							"rotation": [0, 0, 45],
							"uv": {
								"north": {"uv": [19, 18], "uv_size": [0.5, 0.5]},
								"east": {"uv": [19, 19], "uv_size": [0.5, 0.5]},
								"south": {"uv": [2, 20], "uv_size": [0.5, 0.5]},
								"down": {"uv": [20, 2.5], "uv_size": [0.5, -0.5]}
							}
						},
						{
							"origin": [0.1873, -0.766, 0.75001],
							"size": [0.177, 0.177, 0.25],
							"pivot": [0.375, -0.57831, -2.37499],
							"rotation": [0, 0, -45],
							"uv": {
								"north": {"uv": [3, 20], "uv_size": [0.5, 0.5]},
								"south": {"uv": [20, 3], "uv_size": [0.5, 0.5]},
								"west": {"uv": [4, 20], "uv_size": [0.5, 0.5]},
								"down": {"uv": [20, 4.5], "uv_size": [0.5, -0.5]}
							}
						},
						{
							"origin": [-0.5, -0.71975, -0.96874],
							"size": [1, 0.001, 1.96875],
							"uv": {
								"north": {"uv": [0, 0], "uv_size": [1, 0]},
								"east": {"uv": [0, 0], "uv_size": [2, 0]},
								"south": {"uv": [0, 0], "uv_size": [1, 0]},
								"west": {"uv": [0, 0], "uv_size": [2, 0]},
								"up": {"uv": [2, 2], "uv_size": [1, 2]},
								"down": {"uv": [3, 4], "uv_size": [1, -2]}
							}
						},
						{
							"origin": [-0.375, -0.71875, -0.96874],
							"size": [0.75, 0.125, 1.96875],
							"uv": {
								"north": {"uv": [13, 5], "uv_size": [1, 0.5]},
								"east": {"uv": [4, 4], "uv_size": [2, 0.5]},
								"south": {"uv": [6, 13], "uv_size": [1, 0.5]},
								"west": {"uv": [5, 2], "uv_size": [2, 0.5]},
								"up": {"uv": [2, 4], "uv_size": [1, 2]}
							}
						}
					]
				},
				{
					"name": "bone11_illuminated",
					"parent": "bone10",
					"pivot": [0, -6.5625, 11],
					"cubes": [
						{
							"origin": [-0.36719, -0.40625, -0.96875],
							"size": [0.73438, 0.07813, 0.46875],
							"uv": {
								"east": {"uv": [5, 20], "uv_size": [0.5, 0.5]},
								"west": {"uv": [20, 5], "uv_size": [0.5, 0.5]}
							}
						},
						{
							"origin": [-0.36719, -0.40625, 0.28125],
							"size": [0.73438, 0.07813, 0.46875],
							"uv": {
								"east": {"uv": [8, 20], "uv_size": [0.5, 0.5]},
								"west": {"uv": [20, 8], "uv_size": [0.5, 0.5]}
							}
						},
						{
							"origin": [-0.36719, -0.40625, -0.34375],
							"size": [0.73438, 0.07813, 0.46875],
							"uv": {
								"east": {"uv": [9, 20], "uv_size": [0.5, 0.5]},
								"west": {"uv": [20, 9], "uv_size": [0.5, 0.5]}
							}
						},
						{
							"origin": [-0.02344, -0.3985, -167.40625],
							"size": [0.04688, 0.04688, 166.40625],
							"uv": {
								"north": {"uv": [6, 20], "uv_size": [0.5, 0.5]},
								"east": {"uv": [0, 0], "uv_size": [166.5, 0.5]},
								"south": {"uv": [20, 6], "uv_size": [0.5, 0.5]},
								"west": {"uv": [0, 1], "uv_size": [166.5, 0.5]},
								"up": {"uv": [0, 2], "uv_size": [0.5, 166.5]},
								"down": {"uv": [1, 168.5], "uv_size": [0.5, -166.5]}
							}
						}
					]
				}
			]
		}
	]
}