{
	"format_version": "1.12.0",
	"minecraft:geometry": [
		{
			"description": {
				"identifier": "geometry.unknown",
				"texture_width": 256,
				"texture_height": 256,
				"visible_bounds_width": 21,
				"visible_bounds_height": 1.5,
				"visible_bounds_offset": [0, 0.25, 0]
			},
			"bones": [
				{
					"name": "emx_tac_grip",
					"pivot": [-0.36601, -0.38887, -2.24998]
				},
				{
					"name": "bone10",
					"parent": "emx_tac_grip",
					"pivot": [0, 7.21876, -4.84375]
				},
				{
					"name": "dizuoi",
					"parent": "bone10",
					"pivot": [0, 1.21875, 9.15625]
				},
				{
					"name": "leize",
					"parent": "bone10",
					"pivot": [0, -2.78124, 9.15625]
				},
				{
					"name": "bone11_illuminated",
					"parent": "leize",
					"pivot": [0, -2.78124, 9.15625],
					"cubes": [
						{
							"origin": [-0.63281, -0.71875, 2.6875],
							"size": [1.26563, 0.03125, 0.28125],
							"uv": {
								"east": {"uv": [25, 20], "uv_size": [0.5, 0.5]},
								"west": {"uv": [21, 25], "uv_size": [0.5, 0.5]}
							}
						},
						{
							"origin": [-0.63281, -0.78125, 2.6875],
							"size": [1.26563, 0.03125, 0.28125],
							"uv": {
								"east": {"uv": [25, 21], "uv_size": [0.5, 0.5]},
								"west": {"uv": [22, 25], "uv_size": [0.5, 0.5]}
							}
						},
						{
							"origin": [-0.63281, -0.84375, 2.6875],
							"size": [1.26563, 0.03125, 0.28125],
							"uv": {
								"east": {"uv": [25, 22], "uv_size": [0.5, 0.5]},
								"west": {"uv": [23, 25], "uv_size": [0.5, 0.5]}
							}
						}
					]
				},
				{
					"name": "dinzi",
					"parent": "bone10",
					"pivot": [0, 1.21875, 9.15625]
				},
				{
					"name": "grip_default",
					"parent": "bone10",
					"pivot": [0, -5.92187, 9],
					"cubes": [
						{
							"origin": [-0.5, -3.23887, 2.5625],
							"size": [1, 2.61388, 0.84375],
							"uv": {
								"north": {"uv": [6, 12], "uv_size": [1, 2.5]},
								"east": {"uv": [12, 14], "uv_size": [1, 2.5]},
								"south": {"uv": [13, 14], "uv_size": [1, 2.5]},
								"west": {"uv": [14, 14], "uv_size": [1, 2.5]},
								"down": {"uv": [19, 13], "uv_size": [1, -1]}
							}
						},
						{
							"origin": [-0.5, -3.36387, 2.42188],
							"size": [1, 0.98888, 0.125],
							"uv": {
								"north": {"uv": [19, 13], "uv_size": [1, 1]},
								"east": {"uv": [10, 20], "uv_size": [0.5, 1]},
								"south": {"uv": [14, 19], "uv_size": [1, 1]},
								"west": {"uv": [20, 10], "uv_size": [0.5, 1]},
								"down": {"uv": [11, 20.5], "uv_size": [1, -0.5]}
							}
						},
						{
							"origin": [-0.5, -3.36387, 3.42188],
							"size": [1, 0.98888, 0.125],
							"uv": {
								"north": {"uv": [15, 19], "uv_size": [1, 1]},
								"east": {"uv": [20, 11], "uv_size": [0.5, 1]},
								"south": {"uv": [16, 19], "uv_size": [1, 1]},
								"west": {"uv": [12, 20], "uv_size": [0.5, 1]},
								"down": {"uv": [20, 12.5], "uv_size": [1, -0.5]}
							}
						},
						{
							"origin": [-0.5, -3.36387, 2.54688],
							"size": [1, 0.11388, 0.875],
							"uv": {
								"east": {"uv": [13, 20], "uv_size": [1, 0.5]},
								"west": {"uv": [20, 13], "uv_size": [1, 0.5]},
								"up": {"uv": [19, 16], "uv_size": [1, 1]},
								"down": {"uv": [19, 18], "uv_size": [1, -1]}
							}
						},
						{
							"origin": [-0.625, -1.61388, 2.5625],
							"size": [1.25, 1.23888, 0.84375],
							"uv": {
								"north": {"uv": [12, 17], "uv_size": [1.5, 1]},
								"east": {"uv": [18, 19], "uv_size": [1, 1]},
								"south": {"uv": [17, 16], "uv_size": [1.5, 1]},
								"west": {"uv": [19, 19], "uv_size": [1, 1]},
								"down": {"uv": [17, 18], "uv_size": [1.5, -1]}
							}
						},
						{
							"origin": [0.55662, -2.14001, 2.5625],
							"size": [0.5, 0.73888, 0.84375],
							"pivot": [1.18162, -8.26051, 4.04688],
							"rotation": [0, 0, -10],
							"uv": {
								"north": {"uv": [23, 15], "uv_size": [0.5, 0.5]},
								"east": {"uv": [14, 20], "uv_size": [1, 0.5]},
								"south": {"uv": [16, 23], "uv_size": [0.5, 0.5]},
								"west": {"uv": [20, 14], "uv_size": [1, 0.5]},
								"up": {"uv": [15, 20], "uv_size": [0.5, 1]},
								"down": {"uv": [16, 21], "uv_size": [0.5, -1]}
							}
						},
						{
							"origin": [-1.05662, -2.14001, 2.5625],
							"size": [0.5, 0.73888, 0.84375],
							"pivot": [-1.18162, -8.26051, 4.04688],
							"rotation": [0, 0, 10],
							"uv": {
								"north": {"uv": [23, 16], "uv_size": [0.5, 0.5]},
								"east": {"uv": [20, 16], "uv_size": [1, 0.5]},
								"south": {"uv": [17, 23], "uv_size": [0.5, 0.5]},
								"west": {"uv": [17, 20], "uv_size": [1, 0.5]},
								"up": {"uv": [20, 17], "uv_size": [0.5, 1]},
								"down": {"uv": [18, 21], "uv_size": [0.5, -1]}
							}
						},
						{
							"origin": [-0.5, -1.82812, -4.64062],
							"size": [0.25, 0.5, 0.25],
							"uv": {
								"north": {"uv": [23, 17], "uv_size": [0.5, 0.5]},
								"east": {"uv": [18, 23], "uv_size": [0.5, 0.5]},
								"south": {"uv": [23, 18], "uv_size": [0.5, 0.5]},
								"west": {"uv": [19, 23], "uv_size": [0.5, 0.5]}
							}
						},
						{
							"origin": [0.25, -1.82812, -4.64062],
							"size": [0.25, 0.5, 0.25],
							"uv": {
								"north": {"uv": [25, 17], "uv_size": [0.5, 0.5]},
								"east": {"uv": [18, 25], "uv_size": [0.5, 0.5]},
								"south": {"uv": [25, 18], "uv_size": [0.5, 0.5]},
								"west": {"uv": [19, 25], "uv_size": [0.5, 0.5]}
							}
						},
						{
							"origin": [-0.5, -3.35937, -2.64062],
							"size": [1, 2.03125, 0.25],
							"uv": {
								"north": {"uv": [7, 16], "uv_size": [1, 2]},
								"east": {"uv": [2, 20], "uv_size": [0.5, 2]},
								"south": {"uv": [8, 16], "uv_size": [1, 2]},
								"west": {"uv": [3, 20], "uv_size": [0.5, 2]},
								"down": {"uv": [20, 18.5], "uv_size": [1, -0.5]}
							}
						},
						{
							"origin": [-0.5, -3.26562, -5.65625],
							"size": [1, 0.125, 0.125],
							"pivot": [0, -6.73437, -4.03125],
							"rotation": [-45, 0, 0],
							"uv": {
								"north": {"uv": [19, 20], "uv_size": [1, 0.5]},
								"east": {"uv": [23, 19], "uv_size": [0.5, 0.5]},
								"west": {"uv": [20, 23], "uv_size": [0.5, 0.5]}
							}
						},
						{
							"origin": [-0.4375, -3.26562, -4.40625],
							"size": [0.875, 0.21875, 0.21875],
							"pivot": [0, -6.73437, -2.78125],
							"rotation": [-45, 0, 0],
							"uv": {
								"north": {"uv": [20, 19], "uv_size": [1, 0.5]},
								"east": {"uv": [23, 20], "uv_size": [0.5, 0.5]},
								"west": {"uv": [21, 23], "uv_size": [0.5, 0.5]}
							}
						},
						{
							"origin": [-0.4375, -2.70312, -4.40625],
							"size": [0.875, 0.21875, 0.21875],
							"pivot": [0, -6.17187, -2.78125],
							"rotation": [-45, 0, 0],
							"uv": {
								"east": {"uv": [23, 21], "uv_size": [0.5, 0.5]},
								"west": {"uv": [22, 23], "uv_size": [0.5, 0.5]},
								"down": {"uv": [20, 20.5], "uv_size": [1, -0.5]}
							}
						},
						{
							"origin": [-0.4375, -2.70312, -5.48437],
							"size": [0.875, 0.21875, 0.21875],
							"pivot": [0, -6.17187, -3.85937],
							"rotation": [-45, 0, 0],
							"uv": {
								"east": {"uv": [23, 22], "uv_size": [0.5, 0.5]},
								"south": {"uv": [21, 2], "uv_size": [1, 0.5]},
								"west": {"uv": [23, 23], "uv_size": [0.5, 0.5]}
							}
						},
						{
							"origin": [-0.4375, -3.26562, -5.48437],
							"size": [0.875, 0.21875, 0.21875],
							"pivot": [0, -6.73437, -3.85937],
							"rotation": [-45, 0, 0],
							"uv": {
								"east": {"uv": [2, 24], "uv_size": [0.5, 0.5]},
								"west": {"uv": [24, 2], "uv_size": [0.5, 0.5]},
								"up": {"uv": [21, 3], "uv_size": [1, 0.5]}
							}
						},
						{
							"origin": [-0.4375, -2.51562, -5.48437],
							"size": [0.875, 0.21875, 0.21875],
							"pivot": [0, -5.98437, -3.85937],
							"rotation": [-45, 0, 0],
							"uv": {
								"east": {"uv": [3, 24], "uv_size": [0.5, 0.5]},
								"west": {"uv": [24, 3], "uv_size": [0.5, 0.5]},
								"up": {"uv": [4, 21], "uv_size": [1, 0.5]}
							}
						},
						{
							"origin": [-0.5, -2.52618, -0.50561],
							"size": [1, 0.22931, 0.09936],
							"pivot": [0, -5.98437, 1.14063],
							"rotation": [-45, 0, 0],
							"uv": {
								"north": {"uv": [21, 4], "uv_size": [1, 0.5]},
								"east": {"uv": [4, 24], "uv_size": [0.5, 0.5]},
								"south": {"uv": [5, 21], "uv_size": [1, 0.5]},
								"west": {"uv": [24, 4], "uv_size": [0.5, 0.5]}
							}
						},
						{
							"origin": [-0.5, -2.52618, 6.375],
							"size": [1, 0.22931, 0.09936],
							"pivot": [0, -5.98437, 4.82813],
							"rotation": [45, 0, 0],
							"uv": {
								"north": {"uv": [21, 5], "uv_size": [1, 0.5]},
								"east": {"uv": [5, 24], "uv_size": [0.5, 0.5]},
								"south": {"uv": [6, 21], "uv_size": [1, 0.5]},
								"west": {"uv": [24, 5], "uv_size": [0.5, 0.5]}
							}
						},
						{
							"origin": [-0.4375, -2.70312, -4.23437],
							"size": [0.875, 0.21875, 0.21875],
							"pivot": [0, -6.17187, -2.60937],
							"rotation": [-45, 0, 0],
							"uv": {
								"east": {"uv": [6, 24], "uv_size": [0.5, 0.5]},
								"south": {"uv": [21, 6], "uv_size": [1, 0.5]},
								"west": {"uv": [24, 6], "uv_size": [0.5, 0.5]}
							}
						},
						{
							"origin": [-0.4375, -3.26562, -4.23437],
							"size": [0.875, 0.21875, 0.21875],
							"pivot": [0, -6.73437, -2.60937],
							"rotation": [-45, 0, 0],
							"uv": {
								"east": {"uv": [7, 24], "uv_size": [0.5, 0.5]},
								"west": {"uv": [24, 7], "uv_size": [0.5, 0.5]},
								"up": {"uv": [7, 21], "uv_size": [1, 0.5]}
							}
						},
						{
							"origin": [-0.4375, -3.26562, -3.15625],
							"size": [0.875, 0.21875, 0.21875],
							"pivot": [0, -6.73437, -1.53125],
							"rotation": [-45, 0, 0],
							"uv": {
								"north": {"uv": [21, 7], "uv_size": [1, 0.5]},
								"east": {"uv": [8, 24], "uv_size": [0.5, 0.5]},
								"west": {"uv": [24, 8], "uv_size": [0.5, 0.5]}
							}
						},
						{
							"origin": [-0.4375, -2.70312, -3.15625],
							"size": [0.875, 0.21875, 0.21875],
							"pivot": [0, -6.17187, -1.53125],
							"rotation": [-45, 0, 0],
							"uv": {
								"east": {"uv": [9, 24], "uv_size": [0.5, 0.5]},
								"west": {"uv": [24, 9], "uv_size": [0.5, 0.5]},
								"down": {"uv": [21, 8.5], "uv_size": [1, -0.5]}
							}
						},
						{
							"origin": [-0.4375, -2.70312, -2.98437],
							"size": [0.875, 0.21875, 0.21875],
							"pivot": [0, -6.17187, -1.35937],
							"rotation": [-45, 0, 0],
							"uv": {
								"east": {"uv": [10, 24], "uv_size": [0.5, 0.5]},
								"south": {"uv": [9, 21], "uv_size": [1, 0.5]},
								"west": {"uv": [24, 10], "uv_size": [0.5, 0.5]}
							}
						},
						{
							"origin": [-0.4375, -3.26562, -2.98437],
							"size": [0.875, 0.21875, 0.21875],
							"pivot": [0, -6.73437, -1.35937],
							"rotation": [-45, 0, 0],
							"uv": {
								"east": {"uv": [11, 24], "uv_size": [0.5, 0.5]},
								"west": {"uv": [24, 11], "uv_size": [0.5, 0.5]},
								"up": {"uv": [21, 9], "uv_size": [1, 0.5]}
							}
						},
						{
							"origin": [-0.4375, -3.26562, -1.90625],
							"size": [0.875, 0.21875, 0.21875],
							"pivot": [0, -6.73437, -0.28125],
							"rotation": [-45, 0, 0],
							"uv": {
								"north": {"uv": [10, 21], "uv_size": [1, 0.5]},
								"east": {"uv": [12, 24], "uv_size": [0.5, 0.5]},
								"west": {"uv": [24, 12], "uv_size": [0.5, 0.5]}
							}
						},
						{
							"origin": [-0.4375, -2.70312, -1.90625],
							"size": [0.875, 0.21875, 0.21875],
							"pivot": [0, -6.17187, -0.28125],
							"rotation": [-45, 0, 0],
							"uv": {
								"east": {"uv": [13, 24], "uv_size": [0.5, 0.5]},
								"west": {"uv": [24, 13], "uv_size": [0.5, 0.5]},
								"down": {"uv": [21, 10.5], "uv_size": [1, -0.5]}
							}
						},
						{
							"origin": [-0.4375, -3.26562, -0.65625],
							"size": [0.875, 0.21875, 0.10938],
							"pivot": [0, -6.73437, 0.96875],
							"rotation": [-45, 0, 0],
							"uv": {
								"north": {"uv": [11, 21], "uv_size": [1, 0.5]},
								"east": {"uv": [14, 24], "uv_size": [0.5, 0.5]},
								"west": {"uv": [24, 14], "uv_size": [0.5, 0.5]}
							}
						},
						{
							"origin": [-0.4375, -2.70312, -0.65625],
							"size": [0.875, 0.09375, 0.21875],
							"pivot": [0, -6.17187, 0.96875],
							"rotation": [-45, 0, 0],
							"uv": {
								"east": {"uv": [15, 24], "uv_size": [0.5, 0.5]},
								"west": {"uv": [24, 15], "uv_size": [0.5, 0.5]},
								"up": {"uv": [21, 11], "uv_size": [1, 0.5]},
								"down": {"uv": [12, 21.5], "uv_size": [1, -0.5]}
							}
						},
						{
							"origin": [-0.4375, -2.70312, -1.73437],
							"size": [0.875, 0.21875, 0.21875],
							"pivot": [0, -6.17187, -0.10937],
							"rotation": [-45, 0, 0],
							"uv": {
								"east": {"uv": [16, 24], "uv_size": [0.5, 0.5]},
								"south": {"uv": [21, 12], "uv_size": [1, 0.5]},
								"west": {"uv": [24, 16], "uv_size": [0.5, 0.5]}
							}
						},
						{
							"origin": [-0.4375, -3.26562, -1.73437],
							"size": [0.875, 0.21875, 0.21875],
							"pivot": [0, -6.73437, -0.10937],
							"rotation": [-45, 0, 0],
							"uv": {
								"east": {"uv": [17, 24], "uv_size": [0.5, 0.5]},
								"west": {"uv": [24, 17], "uv_size": [0.5, 0.5]},
								"up": {"uv": [13, 21], "uv_size": [1, 0.5]}
							}
						},
						{
							"origin": [-0.5, -1.45312, -5.65625],
							"size": [1, 0.125, 0.125],
							"pivot": [0, -4.92187, -4.03125],
							"rotation": [-45, 0, 0],
							"uv": {
								"east": {"uv": [18, 24], "uv_size": [0.5, 0.5]},
								"west": {"uv": [24, 18], "uv_size": [0.5, 0.5]},
								"down": {"uv": [21, 13.5], "uv_size": [1, -0.5]}
							}
						},
						{
							"origin": [-0.5, -1.45312, -7.42187],
							"size": [1, 0.125, 0.125],
							"pivot": [0, -4.92187, -5.79687],
							"rotation": [-45, 0, 0],
							"uv": {
								"east": {"uv": [19, 24], "uv_size": [0.5, 0.5]},
								"south": {"uv": [14, 21], "uv_size": [1, 0.5]},
								"west": {"uv": [24, 19], "uv_size": [0.5, 0.5]}
							}
						},
						{
							"origin": [-0.5, -1.32812, -4.64062],
							"size": [1, 0.78125, 2.25],
							"uv": {
								"north": {"uv": [5, 20], "uv_size": [1, 1]},
								"east": {"uv": [15, 7], "uv_size": [2.5, 1]},
								"south": {"uv": [7, 20], "uv_size": [1, 1]},
								"west": {"uv": [15, 14], "uv_size": [2.5, 1]},
								"down": {"uv": [6, 17.5], "uv_size": [1, -2.5]}
							}
						},
						{
							"origin": [-0.60937, -0.89062, -4.26294],
							"size": [1.21875, 0.1875, 0.1875],
							"pivot": [0, -0.79687, -4.16919],
							"rotation": [-45, 0, 0],
							"uv": {
								"north": {"uv": [21, 14], "uv_size": [1, 0.5]},
								"east": {"uv": [20, 24], "uv_size": [0.5, 0.5]},
								"south": {"uv": [15, 21], "uv_size": [1, 0.5]},
								"west": {"uv": [24, 20], "uv_size": [0.5, 0.5]},
								"up": {"uv": [21, 15], "uv_size": [1, 0.5]},
								"down": {"uv": [16, 21.5], "uv_size": [1, -0.5]}
							}
						},
						{
							"origin": [-0.60937, -0.89062, -3.07544],
							"size": [1.21875, 0.1875, 0.1875],
							"pivot": [0, -0.79687, -2.98169],
							"rotation": [-45, 0, 0],
							"uv": {
								"north": {"uv": [21, 16], "uv_size": [1, 0.5]},
								"east": {"uv": [21, 24], "uv_size": [0.5, 0.5]},
								"south": {"uv": [17, 21], "uv_size": [1, 0.5]},
								"west": {"uv": [24, 21], "uv_size": [0.5, 0.5]},
								"up": {"uv": [21, 17], "uv_size": [1, 0.5]},
								"down": {"uv": [18, 21.5], "uv_size": [1, -0.5]}
							}
						},
						{
							"origin": [-0.53125, -2.89062, 2.89331],
							"size": [1.0625, 0.1875, 0.1875],
							"pivot": [0, -2.79687, 2.98706],
							"rotation": [-45, 0, 0],
							"uv": {
								"north": {"uv": [21, 18], "uv_size": [1, 0.5]},
								"east": {"uv": [22, 24], "uv_size": [0.5, 0.5]},
								"south": {"uv": [19, 21], "uv_size": [1, 0.5]},
								"west": {"uv": [24, 22], "uv_size": [0.5, 0.5]},
								"up": {"uv": [21, 19], "uv_size": [1, 0.5]},
								"down": {"uv": [20, 21.5], "uv_size": [1, -0.5]}
							}
						},
						{
							"origin": [-0.57812, -1.14062, -4.64062],
							"size": [1.15625, 0.71875, 2.25],
							"uv": {
								"north": {"uv": [21, 20], "uv_size": [1, 0.5]},
								"east": {"uv": [2, 18], "uv_size": [2.5, 0.5]},
								"south": {"uv": [21, 21], "uv_size": [1, 0.5]},
								"west": {"uv": [6, 18], "uv_size": [2.5, 0.5]},
								"down": {"uv": [15, 17.5], "uv_size": [1, -2.5]}
							}
						},
						{
							"origin": [-0.5, -1.00664, -0.66401],
							"size": [1, 2.17188, 0.25],
							"pivot": [0, -5.13164, 0.96099],
							"rotation": [45, 0, 0],
							"uv": {
								"north": {"uv": [9, 16], "uv_size": [1, 2]},
								"east": {"uv": [20, 7], "uv_size": [0.5, 2]},
								"south": {"uv": [16, 16], "uv_size": [1, 2]},
								"west": {"uv": [8, 20], "uv_size": [0.5, 2]},
								"up": {"uv": [2, 22], "uv_size": [1, 0.5]}
							}
						},
						{
							"origin": [-0.4375, -3.36387, -3.10487],
							"size": [0.875, 0.23888, 5.52675],
							"uv": {
								"east": {"uv": [12, 12], "uv_size": [5.5, 0.5]},
								"west": {"uv": [12, 13], "uv_size": [5.5, 0.5]},
								"up": {"uv": [3, 2], "uv_size": [1, 5.5]},
								"down": {"uv": [4, 7.5], "uv_size": [1, -5.5]}
							}
						},
						{
							"origin": [-0.5, -3.36387, -3.10487],
							"size": [1, 0.23888, 0.46425],
							"uv": {
								"east": {"uv": [23, 24], "uv_size": [0.5, 0.5]},
								"west": {"uv": [24, 23], "uv_size": [0.5, 0.5]},
								"up": {"uv": [22, 2], "uv_size": [1, 0.5]},
								"down": {"uv": [3, 22.5], "uv_size": [1, -0.5]}
							}
						},
						{
							"origin": [-0.4375, -2.57812, -2.39062],
							"size": [0.875, 0.20313, 4.8125],
							"uv": {
								"east": {"uv": [16, 2], "uv_size": [5, 0.5]},
								"west": {"uv": [16, 3], "uv_size": [5, 0.5]},
								"up": {"uv": [5, 2], "uv_size": [1, 5]},
								"down": {"uv": [6, 7], "uv_size": [1, -5]}
							}
						},
						{
							"origin": [-0.375, -2.51562, -2.57812],
							"size": [0.75, 0.26563, 5.1875],
							"uv": {
								"east": {"uv": [16, 4], "uv_size": [5, 0.5]},
								"west": {"uv": [16, 5], "uv_size": [5, 0.5]},
								"up": {"uv": [7, 2], "uv_size": [1, 5]},
								"down": {"uv": [5, 12], "uv_size": [1, -5]}
							}
						},
						{
							"origin": [-0.375, -0.57812, -2.57812],
							"size": [0.75, 0.32813, 5.1875],
							"uv": {
								"east": {"uv": [16, 6], "uv_size": [5, 0.5]},
								"west": {"uv": [16, 15], "uv_size": [5, 0.5]},
								"down": {"uv": [6, 12], "uv_size": [1, -5]}
							}
						},
						{
							"origin": [-0.4375, -3.14062, -0.07812],
							"size": [0.875, 0.57813, 0.1875],
							"uv": {
								"north": {"uv": [22, 3], "uv_size": [1, 0.5]},
								"east": {"uv": [24, 24], "uv_size": [0.5, 0.5]},
								"west": {"uv": [2, 25], "uv_size": [0.5, 0.5]}
							}
						},
						{
							"origin": [-0.4375, -3.14062, -1.32812],
							"size": [0.875, 0.57813, 0.1875],
							"uv": {
								"north": {"uv": [4, 22], "uv_size": [1, 0.5]},
								"east": {"uv": [25, 2], "uv_size": [0.5, 0.5]},
								"west": {"uv": [3, 25], "uv_size": [0.5, 0.5]}
							}
						},
						{
							"origin": [-0.4375, -3.14062, 1.17188],
							"size": [0.875, 0.57813, 0.1875],
							"uv": {
								"north": {"uv": [22, 4], "uv_size": [1, 0.5]},
								"east": {"uv": [25, 3], "uv_size": [0.5, 0.5]},
								"west": {"uv": [4, 25], "uv_size": [0.5, 0.5]}
							}
						}
					]
				},
				{
					"name": "bone3",
					"parent": "grip_default",
					"pivot": [0, -9.73437, 13.6875],
					"cubes": [
						{
							"origin": [-0.35937, -0.5, -4.65625],
							"size": [0.71875, 0.25, 8.09375],
							"uv": {
								"north": {"uv": [25, 4], "uv_size": [0.5, 0.5]},
								"east": {"uv": [7, 7], "uv_size": [8, 0.5]},
								"south": {"uv": [5, 25], "uv_size": [0.5, 0.5]},
								"west": {"uv": [8, 2], "uv_size": [8, 0.5]},
								"up": {"uv": [3, 8], "uv_size": [0.5, 8]},
								"down": {"uv": [4, 16], "uv_size": [0.5, -8]}
							}
						},
						{
							"origin": [0.34375, -0.29687, -4.4375],
							"size": [0.29688, 0.3125, 7.875],
							"uv": {
								"north": {"uv": [25, 5], "uv_size": [0.5, 0.5]},
								"east": {"uv": [8, 3], "uv_size": [8, 0.5]},
								"south": {"uv": [6, 25], "uv_size": [0.5, 0.5]},
								"west": {"uv": [8, 4], "uv_size": [8, 0.5]},
								"up": {"uv": [7, 8], "uv_size": [0.5, 8]}
							}
						},
						{
							"origin": [0.34375, -0.42187, -4.65259],
							"size": [0.29688, 0.13032, 8.09009],
							"uv": {
								"north": {"uv": [25, 6], "uv_size": [0.5, 0.5]},
								"south": {"uv": [7, 25], "uv_size": [0.5, 0.5]},
								"west": {"uv": [8, 5], "uv_size": [8, 0.5]},
								"up": {"uv": [8, 8], "uv_size": [0.5, 8]},
								"down": {"uv": [9, 16], "uv_size": [0.5, -8]}
							}
						},
						{
							"origin": [-0.74374, 0.33458, -4.65259],
							"size": [0.125, 0.11469, 8.09009],
							"pivot": [-1.07187, -1.43105, 2.6875],
							"rotation": [0, 0, 45],
							"uv": {
								"north": {"uv": [25, 7], "uv_size": [0.5, 0.5]},
								"south": {"uv": [8, 25], "uv_size": [0.5, 0.5]},
								"west": {"uv": [8, 6], "uv_size": [8, 0.5]}
							}
						},
						{
							"origin": [0.61874, 0.33458, -4.65259],
							"size": [0.125, 0.11469, 8.09009],
							"pivot": [1.07187, -1.43105, 2.6875],
							"rotation": [0, 0, -45],
							"uv": {
								"north": {"uv": [25, 8], "uv_size": [0.5, 0.5]},
								"east": {"uv": [10, 8], "uv_size": [8, 0.5]},
								"south": {"uv": [9, 25], "uv_size": [0.5, 0.5]},
								"down": {"uv": [2, 18], "uv_size": [0.5, -8]}
							}
						},
						{
							"origin": [-0.49702, -0.50298, -4.65259],
							"size": [0.99405, 0.0811, 8.09009],
							"uv": {
								"north": {"uv": [5, 22], "uv_size": [1, 0.5]},
								"south": {"uv": [22, 5], "uv_size": [1, 0.5]},
								"down": {"uv": [2, 10], "uv_size": [1, -8]}
							}
						},
						{
							"origin": [0.34375, -0.20312, -4.8125],
							"size": [0.29688, 0.21875, 0.375],
							"pivot": [0.125, 0.01563, -4.4375],
							"rotation": [55, 0, 0],
							"uv": {
								"north": {"uv": [25, 9], "uv_size": [0.5, 0.5]},
								"east": {"uv": [10, 25], "uv_size": [0.5, 0.5]},
								"south": {"uv": [25, 10], "uv_size": [0.5, 0.5]},
								"west": {"uv": [11, 25], "uv_size": [0.5, 0.5]},
								"up": {"uv": [25, 11], "uv_size": [0.5, 0.5]},
								"down": {"uv": [12, 25.5], "uv_size": [0.5, -0.5]}
							}
						},
						{
							"origin": [-0.64062, -0.42187, -4.65259],
							"size": [0.29688, 0.13032, 8.09009],
							"uv": {
								"north": {"uv": [25, 12], "uv_size": [0.5, 0.5]},
								"east": {"uv": [10, 9], "uv_size": [8, 0.5]},
								"south": {"uv": [13, 25], "uv_size": [0.5, 0.5]},
								"up": {"uv": [10, 10], "uv_size": [0.5, 8]},
								"down": {"uv": [11, 18], "uv_size": [0.5, -8]}
							}
						},
						{
							"origin": [-0.64062, -0.20312, -4.8125],
							"size": [0.29688, 0.21875, 0.375],
							"pivot": [-0.125, 0.01563, -4.4375],
							"rotation": [55, 0, 0],
							"uv": {
								"north": {"uv": [25, 13], "uv_size": [0.5, 0.5]},
								"east": {"uv": [14, 25], "uv_size": [0.5, 0.5]},
								"south": {"uv": [25, 14], "uv_size": [0.5, 0.5]},
								"west": {"uv": [15, 25], "uv_size": [0.5, 0.5]},
								"up": {"uv": [25, 15], "uv_size": [0.5, 0.5]},
								"down": {"uv": [16, 25.5], "uv_size": [0.5, -0.5]}
							}
						},
						{
							"origin": [-0.64062, -0.29687, -4.4375],
							"size": [0.29688, 0.3125, 7.875],
							"uv": {
								"north": {"uv": [25, 16], "uv_size": [0.5, 0.5]},
								"east": {"uv": [12, 10], "uv_size": [8, 0.5]},
								"south": {"uv": [17, 25], "uv_size": [0.5, 0.5]},
								"west": {"uv": [12, 11], "uv_size": [8, 0.5]},
								"up": {"uv": [5, 12], "uv_size": [0.5, 8]}
							}
						}
					]
				},
				{
					"name": "bone11_illuminated2",
					"parent": "bone3",
					"pivot": [0, -9.73437, 13.6875]
				},
				{
					"name": "leiz",
					"parent": "emx_tac_grip",
					"pivot": [-0.36601, -0.38887, -2.24998]
				},
				{
					"name": "bone2",
					"parent": "leiz",
					"pivot": [0, -7.68749, 4.89063],
					"cubes": [
						{
							"origin": [-0.35937, -1.59374, -4.625],
							"size": [0.71875, 0.26563, 2.03125],
							"uv": {
								"north": {"uv": [6, 22], "uv_size": [0.5, 0.5]},
								"east": {"uv": [18, 7], "uv_size": [2, 0.5]},
								"south": {"uv": [22, 6], "uv_size": [0.5, 0.5]},
								"west": {"uv": [18, 8], "uv_size": [2, 0.5]},
								"up": {"uv": [14, 17], "uv_size": [0.5, 2]},
								"down": {"uv": [9, 20], "uv_size": [0.5, -2]}
							}
						},
						{
							"origin": [-0.096, -1.571, -4.66563],
							"size": [0.048, 0.07953, 0.16462],
							"uv": {
								"north": {"uv": [7, 22], "uv_size": [0.5, 0.5]},
								"east": {"uv": [22, 7], "uv_size": [0.5, 0.5]},
								"south": {"uv": [8, 22], "uv_size": [0.5, 0.5]},
								"west": {"uv": [22, 8], "uv_size": [0.5, 0.5]},
								"up": {"uv": [9, 22], "uv_size": [0.5, 0.5]},
								"down": {"uv": [22, 9.5], "uv_size": [0.5, -0.5]}
							}
						},
						{
							"origin": [-0.096, -1.571, -4.66563],
							"size": [0.048, 0.07953, 0.16462],
							"pivot": [0, -1.53124, -4.63799],
							"rotation": [0, 0, 45],
							"uv": {
								"north": {"uv": [10, 22], "uv_size": [0.5, 0.5]},
								"east": {"uv": [22, 10], "uv_size": [0.5, 0.5]},
								"south": {"uv": [11, 22], "uv_size": [0.5, 0.5]},
								"west": {"uv": [22, 11], "uv_size": [0.5, 0.5]},
								"up": {"uv": [12, 22], "uv_size": [0.5, 0.5]},
								"down": {"uv": [22, 12.5], "uv_size": [0.5, -0.5]}
							}
						},
						{
							"origin": [0.048, -1.571, -4.66563],
							"size": [0.048, 0.07953, 0.16462],
							"uv": {
								"north": {"uv": [13, 22], "uv_size": [0.5, 0.5]},
								"east": {"uv": [22, 13], "uv_size": [0.5, 0.5]},
								"south": {"uv": [14, 22], "uv_size": [0.5, 0.5]},
								"west": {"uv": [22, 14], "uv_size": [0.5, 0.5]},
								"up": {"uv": [15, 22], "uv_size": [0.5, 0.5]},
								"down": {"uv": [22, 15.5], "uv_size": [0.5, -0.5]}
							}
						},
						{
							"origin": [0.048, -1.571, -4.66563],
							"size": [0.048, 0.07953, 0.16462],
							"pivot": [0, -1.53124, -4.63799],
							"rotation": [0, 0, 45],
							"uv": {
								"north": {"uv": [16, 22], "uv_size": [0.5, 0.5]},
								"east": {"uv": [22, 16], "uv_size": [0.5, 0.5]},
								"south": {"uv": [17, 22], "uv_size": [0.5, 0.5]},
								"west": {"uv": [22, 17], "uv_size": [0.5, 0.5]},
								"up": {"uv": [18, 22], "uv_size": [0.5, 0.5]},
								"down": {"uv": [22, 18.5], "uv_size": [0.5, -0.5]}
							}
						},
						{
							"origin": [-0.03976, -1.48324, -4.66563],
							"size": [0.07953, 0.048, 0.16462],
							"uv": {
								"north": {"uv": [19, 22], "uv_size": [0.5, 0.5]},
								"east": {"uv": [22, 19], "uv_size": [0.5, 0.5]},
								"south": {"uv": [20, 22], "uv_size": [0.5, 0.5]},
								"west": {"uv": [22, 20], "uv_size": [0.5, 0.5]},
								"up": {"uv": [21, 22], "uv_size": [0.5, 0.5]},
								"down": {"uv": [22, 21.5], "uv_size": [0.5, -0.5]}
							}
						},
						{
							"origin": [-0.03976, -1.48324, -4.66563],
							"size": [0.07953, 0.048, 0.16462],
							"pivot": [0, -1.53124, -4.63799],
							"rotation": [0, 0, 45],
							"uv": {
								"north": {"uv": [22, 22], "uv_size": [0.5, 0.5]},
								"east": {"uv": [2, 23], "uv_size": [0.5, 0.5]},
								"south": {"uv": [23, 2], "uv_size": [0.5, 0.5]},
								"west": {"uv": [3, 23], "uv_size": [0.5, 0.5]},
								"up": {"uv": [23, 3], "uv_size": [0.5, 0.5]},
								"down": {"uv": [4, 23.5], "uv_size": [0.5, -0.5]}
							}
						},
						{
							"origin": [-0.03976, -1.62725, -4.66563],
							"size": [0.07953, 0.048, 0.16462],
							"uv": {
								"north": {"uv": [23, 4], "uv_size": [0.5, 0.5]},
								"east": {"uv": [5, 23], "uv_size": [0.5, 0.5]},
								"south": {"uv": [23, 5], "uv_size": [0.5, 0.5]},
								"west": {"uv": [6, 23], "uv_size": [0.5, 0.5]},
								"up": {"uv": [23, 6], "uv_size": [0.5, 0.5]},
								"down": {"uv": [7, 23.5], "uv_size": [0.5, -0.5]}
							}
						},
						{
							"origin": [-0.03976, -1.62725, -4.66563],
							"size": [0.07953, 0.048, 0.16462],
							"pivot": [0, -1.53124, -4.63799],
							"rotation": [0, 0, 45],
							"uv": {
								"north": {"uv": [23, 7], "uv_size": [0.5, 0.5]},
								"east": {"uv": [8, 23], "uv_size": [0.5, 0.5]},
								"south": {"uv": [23, 8], "uv_size": [0.5, 0.5]},
								"west": {"uv": [9, 23], "uv_size": [0.5, 0.5]},
								"up": {"uv": [23, 9], "uv_size": [0.5, 0.5]},
								"down": {"uv": [10, 23.5], "uv_size": [0.5, -0.5]}
							}
						},
						{
							"origin": [-0.34374, -1.70312, -4.62499],
							"size": [0.6875, 0.20313, 2.03125],
							"uv": {
								"north": {"uv": [23, 10], "uv_size": [0.5, 0.5]},
								"east": {"uv": [18, 9], "uv_size": [2, 0.5]},
								"south": {"uv": [11, 23], "uv_size": [0.5, 0.5]},
								"west": {"uv": [10, 18], "uv_size": [2, 0.5]},
								"up": {"uv": [12, 18], "uv_size": [0.5, 2]},
								"down": {"uv": [18, 14], "uv_size": [0.5, -2]}
							}
						},
						{
							"origin": [-0.74374, -0.49354, -4.63696],
							"size": [0.125, 0.11469, 2.24634],
							"pivot": [-1.07187, -2.25917, -3.67187],
							"rotation": [0, 0, 45],
							"uv": {
								"north": {"uv": [23, 11], "uv_size": [0.5, 0.5]},
								"east": {"uv": [18, 14], "uv_size": [2, 0.5]},
								"south": {"uv": [12, 23], "uv_size": [0.5, 0.5]},
								"west": {"uv": [15, 18], "uv_size": [2, 0.5]},
								"up": {"uv": [13, 18], "uv_size": [0.5, 2]},
								"down": {"uv": [17, 20], "uv_size": [0.5, -2]}
							}
						},
						{
							"origin": [0.61874, -0.49354, -4.63696],
							"size": [0.125, 0.11469, 2.24634],
							"pivot": [1.07187, -2.25917, -3.67187],
							"rotation": [0, 0, -45],
							"uv": {
								"north": {"uv": [23, 12], "uv_size": [0.5, 0.5]},
								"east": {"uv": [18, 18], "uv_size": [2, 0.5]},
								"south": {"uv": [13, 23], "uv_size": [0.5, 0.5]},
								"west": {"uv": [2, 19], "uv_size": [2, 0.5]},
								"up": {"uv": [4, 19], "uv_size": [0.5, 2]},
								"down": {"uv": [6, 21], "uv_size": [0.5, -2]}
							}
						},
						{
							"origin": [-0.49702, -1.33109, -4.63696],
							"size": [0.99405, 0.0811, 2.24634],
							"uv": {
								"north": {"uv": [9, 20], "uv_size": [1, 0.5]},
								"east": {"uv": [7, 19], "uv_size": [2, 0.5]},
								"south": {"uv": [20, 9], "uv_size": [1, 0.5]},
								"west": {"uv": [10, 19], "uv_size": [2, 0.5]},
								"up": {"uv": [3, 16], "uv_size": [1, 2]},
								"down": {"uv": [4, 18], "uv_size": [1, -2]}
							}
						}
					]
				},
				{
					"name": "bone112_illuminated",
					"parent": "leiz",
					"pivot": [0, -6.62499, 3],
					"cubes": [
						{
							"origin": [-0.36719, -1.53125, -4.09375],
							"size": [0.73438, 0.07813, 0.46875],
							"uv": {
								"east": {"uv": [23, 13], "uv_size": [0.5, 0.5]},
								"west": {"uv": [14, 23], "uv_size": [0.5, 0.5]}
							}
						},
						{
							"origin": [-0.36719, -1.53125, -3.40625],
							"size": [0.73438, 0.07813, 0.46875],
							"uv": {
								"east": {"uv": [25, 19], "uv_size": [0.5, 0.5]},
								"west": {"uv": [20, 25], "uv_size": [0.5, 0.5]}
							}
						},
						{
							"origin": [-0.02344, -1.55475, -171.04687],
							"size": [0.04688, 0.04688, 166.40625],
							"uv": {
								"north": {"uv": [23, 14], "uv_size": [0.5, 0.5]},
								"east": {"uv": [0, 0], "uv_size": [166.5, 0.5]},
								"south": {"uv": [15, 23], "uv_size": [0.5, 0.5]},
								"west": {"uv": [0, 1], "uv_size": [166.5, 0.5]},
								"up": {"uv": [0, 2], "uv_size": [0.5, 166.5]},
								"down": {"uv": [1, 168.5], "uv_size": [0.5, -166.5]}
							}
						}
					]
				}
			]
		}
	]
}