{
	"format_version": "1.12.0",
	"minecraft:geometry": [
		{
			"description": {
				"identifier": "geometry.sight_sro_dot - Converted",
				"texture_width": 128,
				"texture_height": 128,
				"visible_bounds_width": 11,
				"visible_bounds_height": 2,
				"visible_bounds_offset": [0, 0, 0]
			},
			"bones": [
				{
					"name": "scope_view",
					"pivot": [0, 1.20313, 7]
				},
				{
					"name": "scope_body",
					"pivot": [0, 18.95, 0]
				},
				{
					"name": "knobs",
					"parent": "scope_body",
					"pivot": [0, 18.95, 0]
				},
				{
					"name": "octagon3",
					"parent": "knobs",
					"pivot": [0, 18.95, 0]
				},
				{
					"name": "octagon",
					"parent": "knobs",
					"pivot": [0, 18.95, 0]
				},
				{
					"name": "screws",
					"parent": "scope_body",
					"pivot": [0, 18.90581, 1.25]
				},
				{
					"name": "bone7",
					"parent": "scope_body",
					"pivot": [0, 2.98125, 2.68751],
					"cubes": [
						{
							"origin": [-0.68402, -0.02251, -0.76407],
							"size": [1.36461, 0.32147, 0.75216],
							"uv": {
								"north": {"uv": [10, 12], "uv_size": [1, 0.5]},
								"east": {"uv": [11, 14], "uv_size": [0.5, 0.5]},
								"south": {"uv": [12, 10], "uv_size": [1, 0.5]},
								"west": {"uv": [14, 11], "uv_size": [0.5, 0.5]},
								"up": {"uv": [11, 12], "uv_size": [1, 0.5]},
								"down": {"uv": [12, 11.5], "uv_size": [1, -0.5]}
							}
						},
						{
							"origin": [-0.54212, 0.76919, -2.28594],
							"size": [0.09671, 0.06504, 2.27403],
							"pivot": [0.03306, 0.39532, -1.27849],
							"rotation": [0, 0, -45],
							"uv": {
								"north": {"uv": [12, 14], "uv_size": [0.5, 0.5]},
								"east": {"uv": [4, 0], "uv_size": [2, 0.5]},
								"south": {"uv": [14, 12], "uv_size": [0.5, 0.5]},
								"west": {"uv": [1, 4], "uv_size": [2, 0.5]},
								"up": {"uv": [4, 1], "uv_size": [0.5, 2]},
								"down": {"uv": [3, 6], "uv_size": [0.5, -2]}
							}
						},
						{
							"origin": [-0.61563, 0.29896, -2.29451],
							"size": [1.22783, 0.06839, 2.28259],
							"uv": {
								"north": {"uv": [12, 12], "uv_size": [1, 0.5]},
								"east": {"uv": [4, 3], "uv_size": [2, 0.5]},
								"south": {"uv": [13, 0], "uv_size": [1, 0.5]},
								"west": {"uv": [4, 4], "uv_size": [2, 0.5]},
								"up": {"uv": [0, 0], "uv_size": [1, 2]},
								"down": {"uv": [1, 2], "uv_size": [1, -2]}
							}
						},
						{
							"origin": [0.46235, 0.72002, -2.28594],
							"size": [0.0967, 0.06504, 2.27403],
							"pivot": [0.03306, 0.39532, -1.27849],
							"rotation": [0, 0, 45],
							"uv": {
								"north": {"uv": [13, 14], "uv_size": [0.5, 0.5]},
								"east": {"uv": [0, 5], "uv_size": [2, 0.5]},
								"south": {"uv": [14, 13], "uv_size": [0.5, 0.5]},
								"west": {"uv": [5, 1], "uv_size": [2, 0.5]},
								"up": {"uv": [2, 5], "uv_size": [0.5, 2]},
								"down": {"uv": [4, 7], "uv_size": [0.5, -2]}
							}
						},
						{
							"origin": [-0.22691, -0.35882, -1.44786],
							"size": [0.09671, 0.06838, 0.68378],
							"pivot": [0.03306, 0.39532, -1.27849],
							"rotation": [0, 0, 45],
							"uv": {
								"north": {"uv": [14, 14], "uv_size": [0.5, 0.5]},
								"east": {"uv": [0, 15], "uv_size": [0.5, 0.5]},
								"south": {"uv": [15, 0], "uv_size": [0.5, 0.5]},
								"west": {"uv": [1, 15], "uv_size": [0.5, 0.5]},
								"up": {"uv": [15, 1], "uv_size": [0.5, 0.5]},
								"down": {"uv": [2, 15.5], "uv_size": [0.5, -0.5]}
							}
						},
						{
							"origin": [0.1302, -0.35882, -1.44786],
							"size": [0.09671, 0.06838, 0.68378],
							"pivot": [-0.03305, 0.39532, -1.27849],
							"rotation": [0, 0, -45],
							"uv": {
								"north": {"uv": [15, 2], "uv_size": [0.5, 0.5]},
								"east": {"uv": [3, 15], "uv_size": [0.5, 0.5]},
								"south": {"uv": [15, 3], "uv_size": [0.5, 0.5]},
								"west": {"uv": [4, 15], "uv_size": [0.5, 0.5]},
								"up": {"uv": [15, 4], "uv_size": [0.5, 0.5]},
								"down": {"uv": [5, 15.5], "uv_size": [0.5, -0.5]}
							}
						},
						{
							"origin": [-0.68402, 0.04588, -1.44786],
							"size": [1.36461, 0.25309, 0.68378],
							"uv": {
								"north": {"uv": [1, 13], "uv_size": [1, 0.5]},
								"east": {"uv": [15, 5], "uv_size": [0.5, 0.5]},
								"south": {"uv": [13, 1], "uv_size": [1, 0.5]},
								"west": {"uv": [6, 15], "uv_size": [0.5, 0.5]},
								"up": {"uv": [2, 13], "uv_size": [1, 0.5]},
								"down": {"uv": [3, 13.5], "uv_size": [1, -0.5]}
							}
						},
						{
							"origin": [-0.68402, -0.02251, -2.28594],
							"size": [1.36461, 0.32147, 0.83809],
							"uv": {
								"north": {"uv": [4, 13], "uv_size": [1, 0.5]},
								"east": {"uv": [13, 4], "uv_size": [1, 0.5]},
								"south": {"uv": [5, 13], "uv_size": [1, 0.5]},
								"west": {"uv": [6, 13], "uv_size": [1, 0.5]},
								"up": {"uv": [5, 2], "uv_size": [1, 1]},
								"down": {"uv": [5, 6], "uv_size": [1, -1]}
							}
						},
						{
							"origin": [-0.68402, 0.29897, -2.28594],
							"size": [1.36461, 0.08085, 1.43966],
							"uv": {
								"north": {"uv": [7, 13], "uv_size": [1, 0.5]},
								"east": {"uv": [8, 0], "uv_size": [1.5, 0.5]},
								"south": {"uv": [13, 7], "uv_size": [1, 0.5]},
								"west": {"uv": [8, 1], "uv_size": [1.5, 0.5]},
								"up": {"uv": [3, 0], "uv_size": [1, 1.5]},
								"down": {"uv": [3, 3.5], "uv_size": [1, -1.5]}
							}
						},
						{
							"origin": [-0.60496, 0.33334, -2.25156],
							"size": [1.20992, 0.13753, 2.20645],
							"uv": {
								"north": {"uv": [8, 13], "uv_size": [1, 0.5]},
								"east": {"uv": [0, 6], "uv_size": [2, 0.5]},
								"south": {"uv": [13, 8], "uv_size": [1, 0.5]},
								"west": {"uv": [6, 0], "uv_size": [2, 0.5]},
								"up": {"uv": [0, 2], "uv_size": [1, 2]},
								"down": {"uv": [2, 2], "uv_size": [1, -2]}
							}
						},
						{
							"origin": [-0.71942, 0.4177, -0.61243],
							"size": [1.43884, 0.09063, 0.21881],
							"pivot": [0.01799, 0.39532, -1.27849],
							"rotation": [-22.5, 0, 0],
							"uv": {
								"north": {"uv": [2, 8], "uv_size": [1.5, 0.5]},
								"east": {"uv": [15, 6], "uv_size": [0.5, 0.5]},
								"south": {"uv": [8, 2], "uv_size": [1.5, 0.5]},
								"west": {"uv": [7, 15], "uv_size": [0.5, 0.5]},
								"up": {"uv": [8, 3], "uv_size": [1.5, 0.5]},
								"down": {"uv": [4, 8.5], "uv_size": [1.5, -0.5]}
							}
						},
						{
							"origin": [-0.71942, -0.21456, -0.72759],
							"size": [1.43884, 0.21881, 0.09063],
							"pivot": [0.01799, 0.39532, -1.27849],
							"rotation": [22.5, 0, 0],
							"uv": {
								"north": {"uv": [8, 5], "uv_size": [1.5, 0.5]},
								"east": {"uv": [15, 7], "uv_size": [0.5, 0.5]},
								"south": {"uv": [8, 6], "uv_size": [1.5, 0.5]},
								"west": {"uv": [8, 15], "uv_size": [0.5, 0.5]},
								"up": {"uv": [7, 8], "uv_size": [1.5, 0.5]},
								"down": {"uv": [0, 9.5], "uv_size": [1.5, -0.5]}
							}
						},
						{
							"origin": [-0.71942, 0.35361, -0.54833],
							"size": [1.43884, 0.21881, 0.09063],
							"pivot": [0.01799, 0.39532, -1.27849],
							"rotation": [-22.5, 0, 0],
							"uv": {
								"north": {"uv": [2, 9], "uv_size": [1.5, 0.5]},
								"east": {"uv": [15, 8], "uv_size": [0.5, 0.5]},
								"south": {"uv": [4, 9], "uv_size": [1.5, 0.5]},
								"west": {"uv": [9, 15], "uv_size": [0.5, 0.5]},
								"up": {"uv": [9, 4], "uv_size": [1.5, 0.5]},
								"down": {"uv": [6, 9.5], "uv_size": [1.5, -0.5]}
							}
						},
						{
							"origin": [-0.71942, -0.15047, -0.79169],
							"size": [1.43884, 0.09063, 0.21881],
							"pivot": [0.01799, 0.39532, -1.27849],
							"rotation": [22.5, 0, 0],
							"uv": {
								"north": {"uv": [9, 7], "uv_size": [1.5, 0.5]},
								"east": {"uv": [15, 9], "uv_size": [0.5, 0.5]},
								"south": {"uv": [8, 9], "uv_size": [1.5, 0.5]},
								"west": {"uv": [10, 15], "uv_size": [0.5, 0.5]},
								"up": {"uv": [9, 8], "uv_size": [1.5, 0.5]},
								"down": {"uv": [0, 10.5], "uv_size": [1.5, -0.5]}
							}
						},
						{
							"origin": [-0.71942, 0.4177, -1.71243],
							"size": [1.43884, 0.09063, 0.21881],
							"pivot": [0.01799, 0.39532, -2.37849],
							"rotation": [-22.5, 0, 0],
							"uv": {
								"north": {"uv": [10, 0], "uv_size": [1.5, 0.5]},
								"east": {"uv": [15, 10], "uv_size": [0.5, 0.5]},
								"south": {"uv": [10, 1], "uv_size": [1.5, 0.5]},
								"west": {"uv": [11, 15], "uv_size": [0.5, 0.5]},
								"up": {"uv": [2, 10], "uv_size": [1.5, 0.5]},
								"down": {"uv": [10, 2.5], "uv_size": [1.5, -0.5]}
							}
						},
						{
							"origin": [-0.71942, -0.21456, -1.8276],
							"size": [1.43884, 0.21881, 0.09063],
							"pivot": [0.01799, 0.39532, -2.37849],
							"rotation": [22.5, 0, 0],
							"uv": {
								"north": {"uv": [10, 3], "uv_size": [1.5, 0.5]},
								"east": {"uv": [15, 11], "uv_size": [0.5, 0.5]},
								"south": {"uv": [4, 10], "uv_size": [1.5, 0.5]},
								"west": {"uv": [12, 15], "uv_size": [0.5, 0.5]},
								"up": {"uv": [10, 5], "uv_size": [1.5, 0.5]},
								"down": {"uv": [6, 10.5], "uv_size": [1.5, -0.5]}
							}
						},
						{
							"origin": [-0.71942, -0.15047, -1.89169],
							"size": [1.43884, 0.09063, 0.21881],
							"pivot": [0.01799, 0.39532, -2.37849],
							"rotation": [22.5, 0, 0],
							"uv": {
								"north": {"uv": [10, 6], "uv_size": [1.5, 0.5]},
								"east": {"uv": [15, 12], "uv_size": [0.5, 0.5]},
								"south": {"uv": [8, 10], "uv_size": [1.5, 0.5]},
								"west": {"uv": [13, 15], "uv_size": [0.5, 0.5]},
								"up": {"uv": [10, 9], "uv_size": [1.5, 0.5]},
								"down": {"uv": [10, 10.5], "uv_size": [1.5, -0.5]}
							}
						},
						{
							"origin": [-0.71942, 0.35361, -1.64834],
							"size": [1.43884, 0.21881, 0.09063],
							"pivot": [0.01799, 0.39532, -2.37849],
							"rotation": [-22.5, 0, 0],
							"uv": {
								"north": {"uv": [0, 11], "uv_size": [1.5, 0.5]},
								"east": {"uv": [15, 13], "uv_size": [0.5, 0.5]},
								"south": {"uv": [2, 11], "uv_size": [1.5, 0.5]},
								"west": {"uv": [14, 15], "uv_size": [0.5, 0.5]},
								"up": {"uv": [4, 11], "uv_size": [1.5, 0.5]},
								"down": {"uv": [11, 4.5], "uv_size": [1.5, -0.5]}
							}
						}
					]
				},
				{
					"name": "ocularring",
					"pivot": [0, 0, 0],
					"cubes": [
						{
							"origin": [0.55348, 0.47084, -2.28594],
							"size": [0.12711, 0.30941, 2.2752],
							"uv": {
								"north": {"uv": [15, 14], "uv_size": [0.5, 0.5]},
								"east": {"uv": [6, 2], "uv_size": [2, 0.5]},
								"south": {"uv": [15, 15], "uv_size": [0.5, 0.5]},
								"west": {"uv": [6, 3], "uv_size": [2, 0.5]},
								"up": {"uv": [3, 6], "uv_size": [0.5, 2]},
								"down": {"uv": [6, 6], "uv_size": [0.5, -2]}
							}
						},
						{
							"origin": [0.67379, 0.47084, -0.84219],
							"size": [0.02398, 0.30941, 0.0752],
							"uv": {
								"north": {"uv": [15, 14], "uv_size": [0.5, 0.5]},
								"east": {"uv": [6, 2], "uv_size": [2, 0.5]},
								"south": {"uv": [15, 15], "uv_size": [0.5, 0.5]},
								"west": {"uv": [6, 3], "uv_size": [2, 0.5]},
								"up": {"uv": [3, 6], "uv_size": [0.5, 2]},
								"down": {"uv": [6, 6], "uv_size": [0.5, -2]}
							}
						},
						{
							"origin": [0.67379, 0.47084, -0.73906],
							"size": [0.02398, 0.30941, 0.0752],
							"uv": {
								"north": {"uv": [15, 14], "uv_size": [0.5, 0.5]},
								"east": {"uv": [6, 2], "uv_size": [2, 0.5]},
								"south": {"uv": [15, 15], "uv_size": [0.5, 0.5]},
								"west": {"uv": [6, 3], "uv_size": [2, 0.5]},
								"up": {"uv": [3, 6], "uv_size": [0.5, 2]},
								"down": {"uv": [6, 6], "uv_size": [0.5, -2]}
							}
						},
						{
							"origin": [0.67379, 0.47084, -0.53281],
							"size": [0.02398, 0.30941, 0.0752],
							"uv": {
								"north": {"uv": [15, 14], "uv_size": [0.5, 0.5]},
								"east": {"uv": [6, 2], "uv_size": [2, 0.5]},
								"south": {"uv": [15, 15], "uv_size": [0.5, 0.5]},
								"west": {"uv": [6, 3], "uv_size": [2, 0.5]},
								"up": {"uv": [3, 6], "uv_size": [0.5, 2]},
								"down": {"uv": [6, 6], "uv_size": [0.5, -2]}
							}
						},
						{
							"origin": [0.67379, 0.47084, -0.63594],
							"size": [0.02398, 0.30941, 0.0752],
							"uv": {
								"north": {"uv": [15, 14], "uv_size": [0.5, 0.5]},
								"east": {"uv": [6, 2], "uv_size": [2, 0.5]},
								"south": {"uv": [15, 15], "uv_size": [0.5, 0.5]},
								"west": {"uv": [6, 3], "uv_size": [2, 0.5]},
								"up": {"uv": [3, 6], "uv_size": [0.5, 2]},
								"down": {"uv": [6, 6], "uv_size": [0.5, -2]}
							}
						},
						{
							"origin": [0.67379, 0.47084, -0.32656],
							"size": [0.02398, 0.30941, 0.0752],
							"uv": {
								"north": {"uv": [15, 14], "uv_size": [0.5, 0.5]},
								"east": {"uv": [6, 2], "uv_size": [2, 0.5]},
								"south": {"uv": [15, 15], "uv_size": [0.5, 0.5]},
								"west": {"uv": [6, 3], "uv_size": [2, 0.5]},
								"up": {"uv": [3, 6], "uv_size": [0.5, 2]},
								"down": {"uv": [6, 6], "uv_size": [0.5, -2]}
							}
						},
						{
							"origin": [0.67379, 0.47084, -0.42969],
							"size": [0.02398, 0.30941, 0.0752],
							"uv": {
								"north": {"uv": [15, 14], "uv_size": [0.5, 0.5]},
								"east": {"uv": [6, 2], "uv_size": [2, 0.5]},
								"south": {"uv": [15, 15], "uv_size": [0.5, 0.5]},
								"west": {"uv": [6, 3], "uv_size": [2, 0.5]},
								"up": {"uv": [3, 6], "uv_size": [0.5, 2]},
								"down": {"uv": [6, 6], "uv_size": [0.5, -2]}
							}
						},
						{
							"origin": [0.67379, 0.47084, -0.22344],
							"size": [0.02398, 0.30941, 0.0752],
							"uv": {
								"north": {"uv": [15, 14], "uv_size": [0.5, 0.5]},
								"east": {"uv": [6, 2], "uv_size": [2, 0.5]},
								"south": {"uv": [15, 15], "uv_size": [0.5, 0.5]},
								"west": {"uv": [6, 3], "uv_size": [2, 0.5]},
								"up": {"uv": [3, 6], "uv_size": [0.5, 2]},
								"down": {"uv": [6, 6], "uv_size": [0.5, -2]}
							}
						},
						{
							"origin": [0.67379, 0.47084, -0.12031],
							"size": [0.02398, 0.30941, 0.0752],
							"uv": {
								"north": {"uv": [15, 14], "uv_size": [0.5, 0.5]},
								"east": {"uv": [6, 2], "uv_size": [2, 0.5]},
								"south": {"uv": [15, 15], "uv_size": [0.5, 0.5]},
								"west": {"uv": [6, 3], "uv_size": [2, 0.5]},
								"up": {"uv": [3, 6], "uv_size": [0.5, 2]},
								"down": {"uv": [6, 6], "uv_size": [0.5, -2]}
							}
						},
						{
							"origin": [-0.69777, 0.47084, -0.22344],
							"size": [0.02398, 0.30941, 0.0752],
							"uv": {
								"north": {"uv": [15.5, 14], "uv_size": [-0.5, 0.5]},
								"east": {"uv": [8, 3], "uv_size": [-2, 0.5]},
								"south": {"uv": [15.5, 15], "uv_size": [-0.5, 0.5]},
								"west": {"uv": [8, 2], "uv_size": [-2, 0.5]},
								"up": {"uv": [3.5, 6], "uv_size": [-0.5, 2]},
								"down": {"uv": [6.5, 6], "uv_size": [-0.5, -2]}
							}
						},
						{
							"origin": [-0.69777, 0.47084, -0.12031],
							"size": [0.02398, 0.30941, 0.0752],
							"uv": {
								"north": {"uv": [15.5, 14], "uv_size": [-0.5, 0.5]},
								"east": {"uv": [8, 3], "uv_size": [-2, 0.5]},
								"south": {"uv": [15.5, 15], "uv_size": [-0.5, 0.5]},
								"west": {"uv": [8, 2], "uv_size": [-2, 0.5]},
								"up": {"uv": [3.5, 6], "uv_size": [-0.5, 2]},
								"down": {"uv": [6.5, 6], "uv_size": [-0.5, -2]}
							}
						},
						{
							"origin": [-0.69777, 0.47084, -0.32656],
							"size": [0.02398, 0.30941, 0.0752],
							"uv": {
								"north": {"uv": [15.5, 14], "uv_size": [-0.5, 0.5]},
								"east": {"uv": [8, 3], "uv_size": [-2, 0.5]},
								"south": {"uv": [15.5, 15], "uv_size": [-0.5, 0.5]},
								"west": {"uv": [8, 2], "uv_size": [-2, 0.5]},
								"up": {"uv": [3.5, 6], "uv_size": [-0.5, 2]},
								"down": {"uv": [6.5, 6], "uv_size": [-0.5, -2]}
							}
						},
						{
							"origin": [-0.69777, 0.47084, -0.42969],
							"size": [0.02398, 0.30941, 0.0752],
							"uv": {
								"north": {"uv": [15.5, 14], "uv_size": [-0.5, 0.5]},
								"east": {"uv": [8, 3], "uv_size": [-2, 0.5]},
								"south": {"uv": [15.5, 15], "uv_size": [-0.5, 0.5]},
								"west": {"uv": [8, 2], "uv_size": [-2, 0.5]},
								"up": {"uv": [3.5, 6], "uv_size": [-0.5, 2]},
								"down": {"uv": [6.5, 6], "uv_size": [-0.5, -2]}
							}
						},
						{
							"origin": [-0.69777, 0.47084, -0.53281],
							"size": [0.02398, 0.30941, 0.0752],
							"uv": {
								"north": {"uv": [15.5, 14], "uv_size": [-0.5, 0.5]},
								"east": {"uv": [8, 3], "uv_size": [-2, 0.5]},
								"south": {"uv": [15.5, 15], "uv_size": [-0.5, 0.5]},
								"west": {"uv": [8, 2], "uv_size": [-2, 0.5]},
								"up": {"uv": [3.5, 6], "uv_size": [-0.5, 2]},
								"down": {"uv": [6.5, 6], "uv_size": [-0.5, -2]}
							}
						},
						{
							"origin": [-0.69777, 0.47084, -0.63594],
							"size": [0.02398, 0.30941, 0.0752],
							"uv": {
								"north": {"uv": [15.5, 14], "uv_size": [-0.5, 0.5]},
								"east": {"uv": [8, 3], "uv_size": [-2, 0.5]},
								"south": {"uv": [15.5, 15], "uv_size": [-0.5, 0.5]},
								"west": {"uv": [8, 2], "uv_size": [-2, 0.5]},
								"up": {"uv": [3.5, 6], "uv_size": [-0.5, 2]},
								"down": {"uv": [6.5, 6], "uv_size": [-0.5, -2]}
							}
						},
						{
							"origin": [-0.69777, 0.47084, -0.73906],
							"size": [0.02398, 0.30941, 0.0752],
							"uv": {
								"north": {"uv": [15.5, 14], "uv_size": [-0.5, 0.5]},
								"east": {"uv": [8, 3], "uv_size": [-2, 0.5]},
								"south": {"uv": [15.5, 15], "uv_size": [-0.5, 0.5]},
								"west": {"uv": [8, 2], "uv_size": [-2, 0.5]},
								"up": {"uv": [3.5, 6], "uv_size": [-0.5, 2]},
								"down": {"uv": [6.5, 6], "uv_size": [-0.5, -2]}
							}
						},
						{
							"origin": [-0.69777, 0.47084, -0.84219],
							"size": [0.02398, 0.30941, 0.0752],
							"uv": {
								"north": {"uv": [15.5, 14], "uv_size": [-0.5, 0.5]},
								"east": {"uv": [8, 3], "uv_size": [-2, 0.5]},
								"south": {"uv": [15.5, 15], "uv_size": [-0.5, 0.5]},
								"west": {"uv": [8, 2], "uv_size": [-2, 0.5]},
								"up": {"uv": [3.5, 6], "uv_size": [-0.5, 2]},
								"down": {"uv": [6.5, 6], "uv_size": [-0.5, -2]}
							}
						},
						{
							"origin": [0.51094, 0.56218, -2.15256],
							"size": [0.17016, 0.12203, 1.17907],
							"uv": {
								"west": {"uv": [6, 91], "uv_size": [81.5, 7.5]}
							}
						},
						{
							"origin": [-0.6811, 0.56218, -2.15256],
							"size": [0.17016, 0.12203, 1.17907],
							"uv": {
								"east": {"uv": [87.5, 91], "uv_size": [-81.5, 7.5]}
							}
						},
						{
							"origin": [0.55348, 0.78022, -2.28594],
							"size": [0.12711, 0.91097, 1.0205],
							"uv": {
								"north": {"uv": [9, 13], "uv_size": [0.5, 1]},
								"east": {"uv": [5, 6], "uv_size": [1, 1]},
								"south": {"uv": [10, 13], "uv_size": [0.5, 1]},
								"west": {"uv": [6, 6], "uv_size": [1, 1]},
								"up": {"uv": [13, 10], "uv_size": [0.5, 1]},
								"down": {"uv": [11, 14], "uv_size": [0.5, -1]}
							}
						},
						{
							"origin": [0.57066, 0.81459, -2.14844],
							"size": [0.12711, 0.73909, 0.79707],
							"uv": {
								"west": {"uv": [6.5, 42], "uv_size": [35.5, 32.5]}
							}
						},
						{
							"origin": [-0.69777, 0.81459, -2.14844],
							"size": [0.12711, 0.73909, 0.79707],
							"uv": {
								"east": {"uv": [42, 42], "uv_size": [-35.5, 32.5]}
							}
						},
						{
							"origin": [0.55348, 0.65231, -1.71382],
							"size": [0.12711, 1.00897, 0.44278],
							"pivot": [0, 1.68887, -1.33569],
							"rotation": [25, 0, 0],
							"uv": {
								"north": {"uv": [13, 11], "uv_size": [0.5, 1]},
								"east": {"uv": [12, 13], "uv_size": [0.5, 1]},
								"south": {"uv": [13, 12], "uv_size": [0.5, 1]},
								"west": {"uv": [13, 13], "uv_size": [0.5, 1]},
								"up": {"uv": [0, 16], "uv_size": [0.5, 0.5]},
								"down": {"uv": [16, 0.5], "uv_size": [0.5, -0.5]}
							}
						},
						{
							"origin": [0.80982, 1.23355, -2.28594],
							"size": [0.12711, 0.15472, 1.0205],
							"pivot": [0.25634, 1.15293, 0.00001],
							"rotation": [0, 0, -45],
							"uv": {
								"north": {"uv": [1, 16], "uv_size": [0.5, 0.5]},
								"east": {"uv": [0, 14], "uv_size": [1, 0.5]},
								"south": {"uv": [16, 1], "uv_size": [0.5, 0.5]},
								"west": {"uv": [14, 0], "uv_size": [1, 0.5]},
								"up": {"uv": [1, 14], "uv_size": [0.5, 1]},
								"down": {"uv": [14, 2], "uv_size": [0.5, -1]}
							}
						},
						{
							"origin": [-0.57119, 1.68064, -2.28594],
							"size": [1.14236, 0.11994, 1.0205],
							"uv": {
								"north": {"uv": [2, 14], "uv_size": [1, 0.5]},
								"east": {"uv": [14, 2], "uv_size": [1, 0.5]},
								"south": {"uv": [3, 14], "uv_size": [1, 0.5]},
								"west": {"uv": [14, 3], "uv_size": [1, 0.5]},
								"up": {"uv": [0, 7], "uv_size": [1, 1]},
								"down": {"uv": [1, 8], "uv_size": [1, -1]}
							}
						},
						{
							"origin": [-0.93693, 1.23355, -2.28594],
							"size": [0.12711, 0.15472, 1.0205],
							"pivot": [-0.25634, 1.15293, 0.00001],
							"rotation": [0, 0, 45],
							"uv": {
								"north": {"uv": [2, 16], "uv_size": [0.5, 0.5]},
								"east": {"uv": [4, 14], "uv_size": [1, 0.5]},
								"south": {"uv": [16, 2], "uv_size": [0.5, 0.5]},
								"west": {"uv": [14, 4], "uv_size": [1, 0.5]},
								"up": {"uv": [5, 14], "uv_size": [0.5, 1]},
								"down": {"uv": [14, 6], "uv_size": [0.5, -1]}
							}
						},
						{
							"origin": [-0.68058, 0.78022, -2.28594],
							"size": [0.12711, 0.91097, 1.0205],
							"uv": {
								"north": {"uv": [6, 14], "uv_size": [0.5, 1]},
								"east": {"uv": [7, 1], "uv_size": [1, 1]},
								"south": {"uv": [14, 6], "uv_size": [0.5, 1]},
								"west": {"uv": [2, 7], "uv_size": [1, 1]},
								"up": {"uv": [7, 14], "uv_size": [0.5, 1]},
								"down": {"uv": [14, 8], "uv_size": [0.5, -1]}
							}
						},
						{
							"origin": [-0.68058, 0.65231, -1.71382],
							"size": [0.12711, 1.00897, 0.44278],
							"pivot": [0, 1.68887, -1.33569],
							"rotation": [25, 0, 0],
							"uv": {
								"north": {"uv": [8, 14], "uv_size": [0.5, 1]},
								"east": {"uv": [14, 8], "uv_size": [0.5, 1]},
								"south": {"uv": [9, 14], "uv_size": [0.5, 1]},
								"west": {"uv": [14, 9], "uv_size": [0.5, 1]},
								"up": {"uv": [3, 16], "uv_size": [0.5, 0.5]},
								"down": {"uv": [16, 3.5], "uv_size": [0.5, -0.5]}
							}
						},
						{
							"origin": [-0.68058, 0.47084, -2.28594],
							"size": [0.12711, 0.30941, 2.2752],
							"uv": {
								"north": {"uv": [4, 16], "uv_size": [0.5, 0.5]},
								"east": {"uv": [4, 7], "uv_size": [2, 0.5]},
								"south": {"uv": [16, 4], "uv_size": [0.5, 0.5]},
								"west": {"uv": [7, 4], "uv_size": [2, 0.5]},
								"up": {"uv": [7, 5], "uv_size": [0.5, 2]},
								"down": {"uv": [6, 9], "uv_size": [0.5, -2]}
							}
						},
						{
							"origin": [-0.5534, 0.47084, -2.28594],
							"size": [1.1068, 0.30941, 2.2752],
							"uv": {
								"north": {"uv": [10, 14], "uv_size": [1, 0.5]},
								"east": {"uv": [7, 7], "uv_size": [2, 0.5]},
								"south": {"uv": [14, 10], "uv_size": [1, 0.5]},
								"west": {"uv": [0, 8], "uv_size": [2, 0.5]},
								"up": {"uv": [1, 2], "uv_size": [1, 2]},
								"down": {"uv": [2, 4], "uv_size": [1, -2]}
							}
						},
						{
							"origin": [0.79264, 0.25387, -2.28594],
							"size": [0.12711, 0.15472, 1.41582],
							"pivot": [0.23916, 0.17325, 0.00001],
							"rotation": [0, 0, -45],
							"uv": {
								"north": {"uv": [5, 16], "uv_size": [0.5, 0.5]},
								"east": {"uv": [6, 11], "uv_size": [1.5, 0.5]},
								"south": {"uv": [16, 5], "uv_size": [0.5, 0.5]},
								"west": {"uv": [11, 7], "uv_size": [1.5, 0.5]},
								"up": {"uv": [8, 11], "uv_size": [0.5, 1.5]},
								"down": {"uv": [9, 12.5], "uv_size": [0.5, -1.5]}
							}
						},
						{
							"origin": [-0.91973, 0.25387, -2.28594],
							"size": [0.12711, 0.15472, 1.41582],
							"pivot": [-0.23915, 0.17325, 0.00001],
							"rotation": [0, 0, 45],
							"uv": {
								"north": {"uv": [6, 16], "uv_size": [0.5, 0.5]},
								"east": {"uv": [11, 8], "uv_size": [1.5, 0.5]},
								"south": {"uv": [16, 6], "uv_size": [0.5, 0.5]},
								"west": {"uv": [10, 11], "uv_size": [1.5, 0.5]},
								"up": {"uv": [0, 12], "uv_size": [0.5, 1.5]},
								"down": {"uv": [12, 1.5], "uv_size": [0.5, -1.5]}
							}
						}
					]
				},
				{
					"name": "bone_illuminated",
					"parent": "ocularring",
					"pivot": [0, -10.93125, 0.67031],
					"cubes": [
						{
							"origin": [-0.6909, 0.05834, -0.17187],
							"size": [1.3818, 0.17191, 0.02363],
							"uv": {
								"north": {"uv": [1, 12], "uv_size": [1.5, 0.5]},
								"east": {"uv": [7, 16], "uv_size": [0.5, 0.5]},
								"south": {"uv": [12, 2], "uv_size": [1.5, 0.5]},
								"west": {"uv": [16, 7], "uv_size": [0.5, 0.5]},
								"up": {"uv": [3, 12], "uv_size": [1.5, 0.5]},
								"down": {"uv": [12, 3.5], "uv_size": [1.5, -0.5]}
							}
						},
						{
							"origin": [-0.6909, 0.05834, -0.24063],
							"size": [1.3818, 0.17191, 0.02363],
							"uv": {
								"north": {"uv": [5, 12], "uv_size": [1.5, 0.5]},
								"east": {"uv": [8, 16], "uv_size": [0.5, 0.5]},
								"south": {"uv": [12, 5], "uv_size": [1.5, 0.5]},
								"west": {"uv": [16, 8], "uv_size": [0.5, 0.5]},
								"up": {"uv": [12, 6], "uv_size": [1.5, 0.5]},
								"down": {"uv": [12, 9.5], "uv_size": [1.5, -0.5]}
							}
						},
						{
							"origin": [-0.6909, 0.10991, -2.21719],
							"size": [1.3818, 0.12035, 0.36738],
							"uv": {
								"west": {"uv": [7, 103], "uv_size": [15.5, 5]}
							}
						}
					]
				},
				{
					"name": "division",
					"pivot": [0, 0, 0]
				},
				{
					"name": "division_illuminated",
					"parent": "division",
					"pivot": [0, 0.75125, -55.3],
					"cubes": [
						{
							"origin": [-0.54375, 0.77324, -17.56562],
							"size": [1.0875, 1.0875, 0.33],
							"uv": {
								"south": {"uv": [74.5, 0], "uv_size": [53.5, 53.5]}
							}
						}
					]
				},
				{
					"name": "ocular",
					"pivot": [0, 2.60938, -0.2875],
					"cubes": [
						{
							"origin": [-0.56871, 0.78294, -1.62965],
							"size": [1.15116, 0.88678, 0.02709],
							"uv": {
								"south": {"uv": [0, 4], "uv_size": [1, 1]}
							}
						}
					]
				}
			]
		}
	]
}