{
//材料
  "materials": [
    {
      "item": {
//特定的某种材料
        "item": "minecraft:redstone"
      },
      "count": 20
    },
    {
      "item": {
//特定的某种材料
        "item": "minecraft:nether_star"
      },
      "count": 1
    },
    {
      "item": {
//特定的某种材料
        "item": "minecraft:lime_dye"
      },
      "count": 2
    },
    {
      "item": {
//特定的某种材料
        "item": "minecraft:netherite_scrap"
      },
      "count": 6
    },
    {
      "item": {
//特定的某种材料
        "item": "minecraft:iron_ingot"
      },
      "count": 10
    }
  ],
 //输出结果
  "result": {
 //类型
    "type": "attachment",
//输出物品
    "id": "emxarms:bayonet_emx_glowsword"
  }
}