{
  "model": "classicr:gun/sti2011_geo",
  "texture": "classicr:gun/uv/sti2011",
  "lod": {
    "model": "classicr:gun/lod/sti2011",
    "texture": "classicr:gun/lod/sti2011"
  },
  "hud": "classicr:gun/hud/sti2011",
  "slot": "classicr:gun/slot/sti2011",
  "animation": "classicr:sti2011",
  "use_default_animation": "pistol",
  "player_animator_3rd": "tacz:pistol_default.player_animation",
  "transform": {
    "scale": {
      "thirdperson": [0.6, 0.6, 0.6],
      "ground": [0.6, 0.6, 0.6],
      "fixed": [1.2, 1.2, 1.2]
    }
  },
  "shell": {
    "initial_velocity": [6.0, 5.0, 0.5],
    "random_velocity": [2, 1.5, 0.25],
    "acceleration": [0.0, -20, 0.0],
    "angular_velocity": [360, -720, 90],
    "living_time": 1.0
  },
  "muzzle_flash": {
    "texture": "tacz:flash/common_muzzle_flash",
    "scale": 0.55
  },
  "sounds": {
    "shoot": "classicr:sti2011/ttisti2011_fire",
    "shoot_3p": "tacz:cz75/cz75_shoot_3p",
    "silence": "classicr:sti2011/ttisti2011_fire_s",
    "silence_3p": "tacz:cz75/cz75_silence_3p",
    "dry_fire": "tacz:dry_fire",
    "fire_select": "tacz:fire_select",
    "head_hit": "tacz:head_hit",
    "flesh_hit": "classicr:flesh_hit",
    "kill": "classicr:kill"
  },
  "offhand_show": {
    "pos": [4, 13, -1],
    "rotate": [-90, -35, 90],
    "scale": [0.5, 0.5, 0.5]
  },
  "hotbar_show": {
    "0": {
      "pos": [-5, 13, -1],
      "rotate": [-90, -35, 90],
      "scale": [0.5, 0.5, 0.5]
    }
  }
}