{
//材料
  "materials": [
    {
      "item": {
//材料类型
        "item": "minecraft:redstone"
      },
      "count": 16
    },
    {
      "item": {
//特定的某种材料
        "item": "minecraft:copper_ingot"
      },
      "count": 75
    },
	{
      "item": {
//特定的某种材料
        "item": "minecraft:quartz"
      },
      "count": 16
    },
    {
      "item": {
//特定的某种材料
        "item": "minecraft:lime_dye"
      },
      "count": 4
    },
    {
      "item": {
//特定的某种材料
        "item": "minecraft:iron_ingot"
      },
      "count": 50
    }
  ],
 //输出结果
  "result": {
 //类型
    "type": "gun",
//输出物品
    "id": "emxarms:emx_enforcer",
	"attachments": {
       // 配件类型：配件 id
       "scope": "emxarms:sight_emx_laterano"
    }
  }
}