{
//材料
  "materials": [
    {
      "item": {
//特定的某种材料
        "item": "minecraft:copper_ingot"
      },
      "count": 120
    },
    {
      "item": {
//材料类型
        "tag": "forge:gems/diamond"
      },
      "count": 10
    },
    {
      "item": {
//特定的某种材料
        "item": "minecraft:nether_star"
      },
      "count": 1
    },
    {
      "item": {
        // forge 提供的宽松型 NBT 写法，只要输入物品符合其中的 NBT，即可合成
        "type": "forge:partial_nbt",
        // 默认枪械物品 id
        "item": "tacz:modern_kinetic_gun",
        // 附加的 NBT 数值
        // 这里我们填写了枪械 id
        "nbt": {
          "GunId": "emxarms:emx_kund50"
        }
      },
      "count": 1
    },
    {
      "item": {
//特定的某种材料
        "item": "minecraft:iron_ingot"
      },
      "count": 100
    }
  ],
 //输出结果
  "result": {
 //类型
    "type": "gun",
//输出物品
    "id": "emxarms:emx_kund50ex",
	"attachments": {
       // 配件类型：配件 id
       "scope": "emxarms:sight_emx_demo2",
	   "muzzle": "emxarms:bayonet_emx_skyhunter"
    }
  }
}