{
  "ammo": "tacz:68x51fury",
  "ammo_amount": 20,
  "extended_mag_ammo_amount": [
    25,
    30,
    40
  ],
  "bolt": "closed_bolt",
  "rpm": 600,
  "bullet": {
    "life": 0.8,
    "bullet_amount": 1,
    "damage": 9,
    "tracer_count_interval": 0,
    "extra_damage": {
      "armor_ignore": 0.2,
      "head_shot_multiplier": 1.7,
      "damage_adjust": [
        {"distance": 35, "damage": 9},
        {"distance": 85, "damage": 6},
        {"distance": "infinite", "damage": 5}
      ]
    },
    "speed": 300,
    "gravity": 0.15,
    "knockback": 1,
    "friction": 0.0125,
    "ignite": false,
    "pierce": 1
  },
  "reload": {
    "type": "magazine",
    "feed": {
      "empty": 1.83,
      "tactical": 1.3
    },
    "cooldown": {
      "empty": 2.3,
      "tactical": 2
    }
  },
  "draw_time": 0.47,
  "put_away_time": 0.53,
  "aim_time": 0.16,
  "sprint_time": 0.17,
  "fire_mode": [
    "semi",
    "auto"
  ],
  "fire_mode_adjust": {
    // 全自动状态的数值调整，如无调整可不写
    "auto": {
      // 加算，全自动模式的开火数值调整，如无调整可不写
      "damage": 0,
      "rpm": 0,
      "speed": 0,
      "knockback": 0,
      "armor_ignore": 0,
      "head_shot_multiplier": 0,
      "aim_inaccuracy": 0,
      "other_inaccuracy": 0
    },
    "semi": {
      // 加算，半自动模式的开火数值调整，如无调整可不写
      "damage": 5,
      "rpm": -300,
      "speed": 20,
      "knockback": 0.1,
      "armor_ignore": 0.4,
      "head_shot_multiplier": 0.1,
      "aim_inaccuracy": -0.1,
      "other_inaccuracy": -0.5
      }
  },
  "recoil": {
    "pitch": [
      {"time": 0, "value": [1.0, 1.0]},
      {"time": 0.25, "value": [1.0, 1.0]},
      {"time": 0.45, "value": [-0.2, -0.2]},
      {"time": 0.6, "value": [0, 0]},
      {"time": 0.7, "value": [0, 0]}
    ],
    "yaw": [
      {"time": 0, "value": [-0.3, 0.15]},
      {"time": 0.35, "value": [-0.3, 0.15]},
      {"time": 0.5, "value": [0, 0]}
    ]
  },
  "inaccuracy": {
    "stand": 5.5,
    "move": 6,
    "sneak": 5.25,
    "lie": 4,
    "aim": 0.075
  },
  // 近战相关
  "melee": {
    // 枪械距离参数，用来延升近战攻击范围
    // 会与刺刀等配件的距离做加和
    "distance": 1,
    // 使用时的冷却时间
    "cooldown": 0.6,
    // 默认近战数据，会被配件的数据替换掉
    "default": {
      // 动画类型：没有枪托的为 melee_push，有枪托的为 melee_stock
      "animation_type": "melee_stock",
      // 刺刀距离参数，枪械里还有个刺刀攻击距离参数，两者做加和
      "distance": 1,
      // 刺刀范围角度
      "range_angle": 30,
      // 伤害值
      "damage": 2,
      // 击退效果
      "knockback": 0.6,
      // 前摇时长，单位：秒
      "prep": 0.1
    }
  },
  "allow_attachment_types": [
    "scope",
    "grip",
    "extended_mag"
  ],
  "exclusive_attachments": {
    "tacz:scope_standard_8x": {
      "weight": 2.0,
      "ads_addend": 0.04,
      "recoil_modifier": {
        "yaw": -0.2
      }
    }
  }
}