{
  "ammo": "tacz:556x45",
  "ammo_amount": 20,
  "extended_mag_ammo_amount": [
    25,
    38,
    45
  ],
  "bolt": "closed_bolt",
  "rpm": 400,
  "bullet": {
    "life": 0.8,
    "bullet_amount": 1,
    "damage": 14,
    "tracer_count_interval": 0,
    "extra_damage": {
      "armor_ignore": 0.25,
      "head_shot_multiplier": 1.5,
      "damage_adjust": [
        {"distance": 55, "damage": 14},
        {"distance": 80, "damage": 10},
        {"distance": "infinite", "damage": 8}
      ]
    },
    "speed": 400,
    "gravity": 0.15,
    "knockback": 0,
    "friction": 0.0125,
    "ignite": false,
    "pierce": 1
  },
  "reload": {
    "type": "magazine",
    "feed": {
      "empty": 1.87,
      "tactical": 1.40
    },
    "cooldown": {
      "empty": 2.2,
      "tactical": 1.87
    }
  },
  "draw_time": 0.3,
  "put_away_time": 0.43,
  "aim_time": 0.17,
  "sprint_time": 0.18,
  "fire_mode": [
    "semi"
  ],
  "recoil": {
    "pitch": [
      {"time": 0, "value": [1.75, 1.75]},
      {"time": 0.05, "value": [1.75, 1.75]},
      {"time": 0.25, "value": [-0.35, -0.25]},
      {"time": 0.5, "value": [0, 0]},
      {"time": 0.7, "value": [0.15, 0.25]},
      {"time": 0.9, "value": [0, 0]}
    ],
    "yaw": [
      {"time": 0, "value": [-0.55, 0.35]},
      {"time": 0.05, "value": [-0.55, 0.35]},
      {"time": 0.25, "value": [0, 0]}
    ]
  },
  "inaccuracy": {
    "stand": 5.5,
    "move": 6,
    "sneak": 5.25,
    "lie": 4,
    "aim": 0.075
  },
  // 近战相关
  "melee": {
    // 枪械距离参数，用来延升近战攻击范围
    // 会与刺刀等配件的距离做加和
    "distance": 1,
    // 使用时的冷却时间
    "cooldown": 0.6,
    // 默认近战数据，会被配件的数据替换掉
    "default": {
      // 动画类型：没有枪托的为 melee_push，有枪托的为 melee_stock
      "animation_type": "melee_stock",
      // 刺刀距离参数，枪械里还有个刺刀攻击距离参数，两者做加和
      "distance": 1,
      // 刺刀范围角度
      "range_angle": 30,
      // 伤害值
      "damage": 2,
      // 击退效果
      "knockback": 0.6,
      // 前摇时长，单位：秒
      "prep": 0.1
    }
  },
  "allow_attachment_types": [
    "scope",
    "muzzle",
    "grip",
    "extended_mag",
    "stock"
  ],
  "exclusive_attachments": {
    "tacz:scope_standard_8x": {
      "weight": 2.0,
      "ads_addend": 0.04,
      "recoil_modifier": {
        "yaw": -0.2
      }
    }
  }
}