{
	"format_version": "1.8.0",
	"animations": {
		"static_idle": {
			"loop": true,
			"bones": {
				"L": {
					"rotation": [111.33068, -370.9504, -185.06009],
					"position": [6.975, -16.825, 4.6875]
				},
				"R2": {
					"rotation": [0, 0, 0],
					"position": [0, 0, 0]
				},
				"R1": {
					"rotation": [94.93393, 4.57237, -174.60633],
					"position": [-7.5, -14, 4],
					"scale": [1.75, 2, 1.75]
				},
				"righthand": {
					"rotation": [94.93393, 4.57237, -174.60633],
					"position": [-6.5, -16, 4],
					"scale": [1, 1.5, 1]
				},
				"gun_and_righthand": {
					"rotation": [0, 0, 0],
					"position": [0, 0, 0]
				},
				"bone2": {
					"position": [0, 0, 52]
				},
				"lefthand": {
					"scale": [1, 1.5, 1]
				}
			}
		},
		"draw": {
			"animation_length": 1,
			"bones": {
				"L": {
					"rotation": {
						"0.375": {
							"pre": [75.88852, -376.41371, -186.1549],
							"post": [75.88852, -376.41371, -186.1549],
							"lerp_mode": "catmullrom"
						},
						"0.5417": {
							"post": [112.30998, -334.28457, -169.90459],
							"lerp_mode": "catmullrom"
						},
						"0.75": {
							"post": [108.16768, -381.08027, -171.1649],
							"lerp_mode": "catmullrom"
						},
						"0.8333": {
							"post": [111.33068, -370.9504, -185.06009],
							"lerp_mode": "catmullrom"
						}
					},
					"position": {
						"0.375": {
							"pre": [21.95502, -29.91187, 8.03349],
							"post": [21.95502, -29.91187, 8.03349],
							"lerp_mode": "catmullrom"
						},
						"0.5417": {
							"post": [16.875, -26.125, 3.6875],
							"lerp_mode": "catmullrom"
						},
						"0.75": {
							"post": [9.175, -17.125, 3.3875],
							"lerp_mode": "catmullrom"
						},
						"0.8333": {
							"post": [6.975, -16.825, 4.6875],
							"lerp_mode": "catmullrom"
						}
					}
				},
				"R1": {
					"rotation": [94.93393, 4.57237, -174.60633],
					"position": [-7.5, -14, 4],
					"scale": [1.75, 2, 1.75]
				},
				"colt_python": {
					"rotation": {
						"0.0417": {
							"pre": [77.5, 0, 0],
							"post": [77.5, 0, 0],
							"lerp_mode": "catmullrom"
						},
						"0.375": [-346.375, -2.5625, -3.4375],
						"0.5": [-353.7361, -1.99308, -2.67364],
						"0.6667": {
							"pre": [-360.4206, -1.13891, -1.52781],
							"post": [-360.4206, -1.13891, -1.52781],
							"lerp_mode": "catmullrom"
						},
						"0.7917": {
							"post": [-360, 0, 0],
							"lerp_mode": "catmullrom"
						}
					},
					"position": {
						"0.0417": [1, 0, 0],
						"0.375": [1, 2, 0],
						"0.5417": [1, 2.1, 0],
						"0.75": [0, 0, 0]
					}
				},
				"root": {
					"rotation": {
						"0.0": {
							"post": [38.52472, -9.21955, 2.10886],
							"lerp_mode": "catmullrom"
						},
						"0.1667": {
							"post": [-12.20483, -7.80723, 5.82235],
							"lerp_mode": "catmullrom"
						},
						"0.2917": {
							"post": [-28.90444, -11.69786, 2.36058],
							"lerp_mode": "catmullrom"
						},
						"0.375": {
							"post": [-30.63, -14.26, -5.75],
							"lerp_mode": "catmullrom"
						},
						"0.4167": {
							"post": [-31.91055, -12.36053, -4.84755],
							"lerp_mode": "catmullrom"
						},
						"0.5417": {
							"post": [-23.54, -9.33, -9.91],
							"lerp_mode": "catmullrom"
						},
						"0.625": {
							"post": [-9.81, -5.45, -9.02],
							"lerp_mode": "catmullrom"
						},
						"0.75": {
							"post": [2.55185, -1.1729, 2.05081],
							"lerp_mode": "catmullrom"
						},
						"0.875": {
							"post": [0, 0, 0],
							"lerp_mode": "catmullrom"
						},
						"1.0": {
							"post": [0, 0, 0],
							"lerp_mode": "catmullrom"
						}
					},
					"position": {
						"0.0": {
							"post": [-5.6, -21.3125, 5],
							"lerp_mode": "catmullrom"
						},
						"0.1667": {
							"post": [-7.6, -6.4125, -4.6],
							"lerp_mode": "catmullrom"
						},
						"0.2917": {
							"post": [-6.875, -1.7825, -2.4525],
							"lerp_mode": "catmullrom"
						},
						"0.4583": {
							"post": [-6.17, -2.0525, 1.1325],
							"lerp_mode": "catmullrom"
						},
						"0.5833": {
							"post": [-4.23, -1.78, 1.74],
							"lerp_mode": "catmullrom"
						},
						"0.75": {
							"post": [-0.6, -0.3, 0],
							"lerp_mode": "catmullrom"
						},
						"0.875": {
							"post": [0, 0, 0],
							"lerp_mode": "catmullrom"
						},
						"1.0": {
							"post": [0, 0, 0],
							"lerp_mode": "catmullrom"
						}
					}
				},
				"bone2": {
					"scale": 0
				},
				"righthand": {
					"rotation": [94.93393, 4.57237, -174.60633],
					"position": [-6.5, -16, 4]
				},
				"camera": {
					"rotation": {
						"0.0": {
							"post": [0, 0, 0],
							"lerp_mode": "catmullrom"
						},
						"0.3333": {
							"post": [0.25, 0, 0.75],
							"lerp_mode": "catmullrom"
						},
						"0.625": {
							"post": [0, 0, -0.58],
							"lerp_mode": "catmullrom"
						},
						"0.9167": {
							"post": [0, 0, 0],
							"lerp_mode": "catmullrom"
						}
					}
				}
			},
			"sound_effects": {
				"0.2083": {
					"effect": "pi_stimpistol_raise_first_010_pullout"
				},
				"0.5833": {
					"effect": "pi_stimpistol_reload_030_tiltdown"
				}
			}
		},
		"reload_tactical": {
			"animation_length": 3.125,
			"bones": {
				"loader": {
					"rotation": {
						"2.2083": [0, 0, 0],
						"2.25": [1.37, 3.06, 0],
						"2.3333": [11, 24.5, 0],
						"2.5": [119.57903, 75.74708, 69.51301]
					},
					"position": {
						"2.2083": [0, 0, 0],
						"2.25": [0.31, 0.23, 0.06],
						"2.3333": [2.51, 1.87, 0.48],
						"2.5": [9.81, -0.94, 2.69],
						"2.5833": [2.81, -19.94, 11.69],
						"2.7083": [2.81, -19.94, 11.69]
					},
					"scale": {
						"2.5417": [1, 1, 1],
						"2.5833": [0, 0, 0]
					}
				},
				"L": {
					"rotation": {
						"0.0": [111.33068, -370.9504, -185.06009],
						"0.1667": [28.0888, -382.26404, -69.07359],
						"0.2083": [28.0888, -382.26404, -69.07359],
						"0.2917": [10.67132, -365.93384, -16.85677],
						"0.375": [10.67132, -365.93384, -16.85677],
						"0.5833": [51.04497, -374.29795, -69.68584],
						"1.0417": [51.04497, -374.29795, -69.68584],
						"1.375": [72.30031, -391.85547, -85.5168],
						"2.375": [72.30031, -391.85547, -85.5168],
						"2.5": [66.33158, -425.4108, -85.70056],
						"2.5833": [96.28, -409.14, -137.87],
						"2.75": [96.28, -409.14, -137.87],
						"2.875": [116.92038, -373.98194, -198.95954],
						"2.9583": [111.33068, -370.9504, -185.06009]
					},
					"position": {
						"0.0": [6.975, -16.825, 4.6875],
						"0.0833": [7.76, -15.52, 0.78],
						"0.1667": [5.755, -12.62, -1.5225],
						"0.2083": [5.755, -12.62, -1.5225],
						"0.2917": [4.555, -11.62, -2.6225],
						"0.375": [4.555, -11.62, -2.6225],
						"0.5833": [4.255, -14.92, -1.0225],
						"1.0417": [4.255, -14.92, -1.0225],
						"1.375": [6.93663, -15.92713, -1.96556],
						"2.375": [6.93663, -15.92713, -1.96556],
						"2.5": [8.65295, -13.87375, -1.83314],
						"2.5833": [7.96, -13.07, -0.81],
						"2.75": [7.96, -13.07, -0.81],
						"2.875": [8.67, -15.92, 0.99],
						"2.9583": [6.975, -16.825, 4.6875]
					}
				},
				"R1": {
					"rotation": {
						"0.0": [94.93393, 4.57237, -174.60633],
						"0.2083": [95.45373, 10.0056, -168.04312],
						"0.3333": {
							"pre": [95.45, 10.01, -168.04],
							"post": [95.45, 10.01, -168.04],
							"lerp_mode": "catmullrom"
						},
						"0.4583": {
							"post": [78.73247, 13.60809, -152.10759],
							"lerp_mode": "catmullrom"
						},
						"0.6667": {
							"post": [106.62396, 49.94866, -67.30203],
							"lerp_mode": "catmullrom"
						},
						"0.75": [125.21984, 62.85804, -44.14133],
						"0.8333": [116.76856, 54.25678, -54.01271],
						"0.875": [114.64277, 50.8771, -56.68846],
						"1.0": [86.22795, 31.02823, -97.28591],
						"1.125": [92.73611, 56.0894, -74.02224],
						"1.25": [110.15497, -9.80362, -121.73407],
						"1.5": {
							"pre": [124.01079, -15.21964, -110.22875],
							"post": [124.01079, -15.21964, -110.22875],
							"lerp_mode": "catmullrom"
						},
						"1.625": [124.99408, -20.75749, -122.33203],
						"1.8333": [132.23205, -14.91232, -116.59075],
						"2.0": [116.59795, -20.99837, -117.2744],
						"2.1667": [116.59795, -20.99837, -117.2744],
						"2.4167": [94.93393, 4.57237, -174.60633]
					},
					"position": {
						"0.0": [-7.5, -14, 4],
						"0.2083": [-7.6, -13.8, 4.6],
						"0.3333": {
							"pre": [-7.6, -13.8, 4.6],
							"post": [-7.6, -13.8, 4.6],
							"lerp_mode": "catmullrom"
						},
						"0.4583": {
							"post": [-7.57417, -10.0203, 7.37522],
							"lerp_mode": "catmullrom"
						},
						"0.5417": {
							"post": [-4.56091, -8.31291, -0.96711],
							"lerp_mode": "catmullrom"
						},
						"0.6667": {
							"post": [-2.61146, -10.8733, -8.09634],
							"lerp_mode": "catmullrom"
						},
						"0.75": [-3.22742, -11.16695, -5.88875],
						"0.8333": [-3.13419, -10.99241, -6.58871],
						"0.875": [-3.13419, -10.99241, -6.58871],
						"1.0": [-2.69516, -5.02011, 0.95142],
						"1.125": [-5.24008, -3.20464, 13.10369],
						"1.25": [-6.27311, -14.24745, 14.58322],
						"1.375": {
							"pre": [-7.42837, -16.90139, 16.25742],
							"post": [-7.42837, -16.90139, 16.25742],
							"lerp_mode": "catmullrom"
						},
						"1.5": {
							"post": [-5.89784, -14.40361, 13.00335],
							"lerp_mode": "catmullrom"
						},
						"1.625": [-4.39, -11.37, 10.91],
						"1.7083": [-5.47034, -10.74375, 8.4],
						"1.75": [-5.47, -10.94, 8.65],
						"1.9583": [-5.47034, -10.84375, 8.3],
						"2.0": [-5.48, -10.85, 5.95],
						"2.1667": [-5.48, -10.85, 5.95],
						"2.2917": [-6.49, -12.22, 8.17],
						"2.4167": [-7.5, -14, 4]
					},
					"scale": [1.75, 2, 1.75]
				},
				"root": {
					"rotation": {
						"0.0": {
							"post": [0, 0, 0],
							"lerp_mode": "catmullrom"
						},
						"0.2083": {
							"post": [-8.24461, -5.65804, 2.82806],
							"lerp_mode": "catmullrom"
						},
						"0.2917": {
							"post": [-6.89069, -10.91705, -31.38776],
							"lerp_mode": "catmullrom"
						},
						"0.4167": {
							"post": [-18.94149, -17.17895, -27.76634],
							"lerp_mode": "catmullrom"
						},
						"0.5417": {
							"post": [-53.46754, -41.34497, -23.31829],
							"lerp_mode": "catmullrom"
						},
						"0.5833": {
							"post": [-63.63892, -45.47974, -20.43462],
							"lerp_mode": "catmullrom"
						},
						"0.75": {
							"post": [-68.88, -47.62, -21.41],
							"lerp_mode": "catmullrom"
						},
						"0.7917": {
							"post": [-68.84226, -42.28678, -18.30956],
							"lerp_mode": "catmullrom"
						},
						"0.875": {
							"post": [-72.52937, -47.10851, -20.72942],
							"lerp_mode": "catmullrom"
						},
						"1.0": {
							"post": [-69.39594, -43.01015, -19.05675],
							"lerp_mode": "catmullrom"
						},
						"1.125": {
							"post": [-52.83892, -45.47974, -20.43462],
							"lerp_mode": "catmullrom"
						},
						"1.2917": {
							"post": [24.02635, -14.68315, -35.97251],
							"lerp_mode": "catmullrom"
						},
						"1.5": {
							"post": [37.18059, -17.88219, -36.89765],
							"lerp_mode": "catmullrom"
						},
						"1.7083": {
							"post": [38.24825, -20.99777, -33.91329],
							"lerp_mode": "catmullrom"
						},
						"1.75": {
							"post": [38.03, -20.23, -33.16],
							"lerp_mode": "catmullrom"
						},
						"1.8333": {
							"post": [38.41419, -23.20992, -32.94515],
							"lerp_mode": "catmullrom"
						},
						"1.9583": {
							"post": [37.30828, -25.29192, -30.89082],
							"lerp_mode": "catmullrom"
						},
						"2.0": {
							"post": [38.78811, -25.57553, -28.53641],
							"lerp_mode": "catmullrom"
						},
						"2.0833": {
							"post": [41.23081, -22.20418, -26.15271],
							"lerp_mode": "catmullrom"
						},
						"2.1667": {
							"post": [37.84056, -26.40645, -20.74728],
							"lerp_mode": "catmullrom"
						},
						"2.2917": {
							"post": [41.49846, -25.36421, -22.67059],
							"lerp_mode": "catmullrom"
						},
						"2.4583": {
							"post": [41.49846, -25.36421, -22.67059],
							"lerp_mode": "catmullrom"
						},
						"2.5417": {
							"post": [16.79639, -23.77243, 1.72963],
							"lerp_mode": "catmullrom"
						},
						"2.5833": {
							"post": [18.58465, -19.1856, -6.06895],
							"lerp_mode": "catmullrom"
						},
						"2.6667": {
							"post": [15.83714, -17.82404, -0.35926],
							"lerp_mode": "catmullrom"
						},
						"2.8333": {
							"post": [0.33285, -4.19445, 1.64639],
							"lerp_mode": "catmullrom"
						},
						"2.9167": {
							"post": [0.01527, 0.49977, 1.75007],
							"lerp_mode": "catmullrom"
						},
						"3.0": {
							"post": [0, -0.19, 0.1],
							"lerp_mode": "catmullrom"
						},
						"3.125": {
							"post": [0, 0, 0],
							"lerp_mode": "catmullrom"
						}
					},
					"position": {
						"0.0": {
							"post": [0, 0, 0],
							"lerp_mode": "catmullrom"
						},
						"0.125": {
							"post": [0.8, -0.5, 1.55],
							"lerp_mode": "catmullrom"
						},
						"0.3333": {
							"post": [0.8, -0.5, 2.85],
							"lerp_mode": "catmullrom"
						},
						"0.5": {
							"post": [0.8, -3, 2.4],
							"lerp_mode": "catmullrom"
						},
						"0.6667": {
							"post": [1.5, -5.8125, 1.0375],
							"lerp_mode": "catmullrom"
						},
						"0.7083": {
							"post": [1.45, -5.88, 0.825],
							"lerp_mode": "catmullrom"
						},
						"0.75": {
							"post": [1.45, -7.69, 0.83],
							"lerp_mode": "catmullrom"
						},
						"1.0": {
							"post": [1.225, -4.3525, 1.035],
							"lerp_mode": "catmullrom"
						},
						"1.25": {
							"post": [-1, -0.5, 1.375],
							"lerp_mode": "catmullrom"
						},
						"1.4167": {
							"post": [-1.88, 1.55, 1.67],
							"lerp_mode": "catmullrom"
						},
						"1.625": {
							"post": [-1.86, 1.07, 1.67],
							"lerp_mode": "catmullrom"
						},
						"1.8333": {
							"post": [-1.905, 1.245, 1.635],
							"lerp_mode": "catmullrom"
						},
						"2.0833": {
							"post": [-1.5175, 1.245, 1.635],
							"lerp_mode": "catmullrom"
						},
						"2.4167": {
							"post": [-1.905, 1.545, 1.635],
							"lerp_mode": "catmullrom"
						},
						"2.625": {
							"post": [0, 0, 0.8],
							"lerp_mode": "catmullrom"
						},
						"2.875": {
							"post": [0, -0.075, -0.3],
							"lerp_mode": "catmullrom"
						},
						"2.9583": {
							"post": [0, 0, 0.15],
							"lerp_mode": "catmullrom"
						},
						"3.125": {
							"post": [0, 0, 0],
							"lerp_mode": "catmullrom"
						}
					}
				},
				"cylinder_group": {
					"rotation": {
						"0.2083": [0, 0, 0],
						"0.2917": [0, 0, 100],
						"2.5": [0, 0, 100],
						"2.5833": [0, 0, 0]
					}
				},
				"cylinder_bullets": {
					"scale": {
						"1.0833": [1, 1, 1],
						"1.125": [0, 0, 0],
						"2.125": [0, 0, 0],
						"2.1667": [1, 1, 1]
					}
				},
				"bullets": {
					"position": {
						"2.125": [0, 0, 0],
						"2.1667": [0, 0, -1]
					}
				},
				"bone2": {
					"rotation": {
						"1.5": [-13.96449, -24.65525, 3.06798],
						"1.625": [4.86217, 5.11301, -8.14629],
						"1.7083": [2.88386, 0.07593, -18.22959],
						"1.8333": [0, 0, 2.025],
						"1.875": [0, 0, -0.81],
						"1.9167": [0, 0, 0.025],
						"2.0": [0, 0, 0.025],
						"2.0417": [0, 0, 0.025]
					},
					"position": {
						"1.25": [-2.2142, -2.2604, 6.74856],
						"1.375": {
							"pre": [-3.77837, -1.02639, 11.55742],
							"post": [-3.77837, -1.02639, 11.55742],
							"lerp_mode": "catmullrom"
						},
						"1.5": {
							"post": [-7.14784, 0.17139, 8.60335],
							"lerp_mode": "catmullrom"
						},
						"1.625": [-7.64, 1.105, 6.21],
						"1.7083": [-7.82034, 0.13125, 2.84],
						"1.75": [-7.82, -0.065, 2.88],
						"1.8333": [-7.82, -0.03, 2.69],
						"1.875": [-7.82034, 0.03125, 2.44],
						"1.9583": [-7.68, 0.01, 2.24],
						"2.0": [-7.68, 0.01, 1],
						"2.0417": [-7.62534, 0.00625, 1],
						"2.2917": [-7.68, 0.01, 1]
					},
					"scale": {
						"0.0": [0, 0, 0],
						"1.125": [0, 0, 0],
						"1.25": [1, 1, 1]
					}
				},
				"righthand": {
					"rotation": {
						"0.0": [94.93393, 4.57237, -174.60633],
						"0.2083": [94.93393, 4.57237, -174.60633],
						"0.3333": {
							"pre": [95.45, 10.01, -168.04],
							"post": [95.45, 10.01, -168.04],
							"lerp_mode": "catmullrom"
						},
						"0.4583": {
							"post": [78.73247, 13.60809, -152.10759],
							"lerp_mode": "catmullrom"
						},
						"0.6667": {
							"post": [106.62396, 49.94866, -67.30203],
							"lerp_mode": "catmullrom"
						},
						"0.75": [125.21984, 62.85804, -44.14133],
						"0.8333": [116.76856, 54.25678, -54.01271],
						"0.875": [114.64277, 50.8771, -56.68846],
						"1.0": [86.22795, 31.02823, -97.28591],
						"1.125": [92.73611, 56.0894, -74.02224],
						"1.25": [110.15497, -9.80362, -121.73407],
						"1.5": {
							"pre": [124.01079, -15.21964, -110.22875],
							"post": [124.01079, -15.21964, -110.22875],
							"lerp_mode": "catmullrom"
						},
						"1.625": [124.99408, -20.75749, -122.33203],
						"1.8333": [132.23205, -14.91232, -116.59075],
						"2.0": [116.59795, -20.99837, -117.2744],
						"2.1667": [116.59795, -20.99837, -117.2744],
						"2.4167": [94.93393, 4.57237, -174.60633]
					},
					"position": {
						"0.0": [-6.5, -16, 4],
						"0.2083": [-6.5, -16, 4],
						"0.3333": {
							"pre": [-7.6, -13.8, 4.6],
							"post": [-7.6, -13.8, 4.6],
							"lerp_mode": "catmullrom"
						},
						"0.4583": {
							"post": [-7.57417, -10.0203, 7.37522],
							"lerp_mode": "catmullrom"
						},
						"0.5417": {
							"post": [-4.56091, -8.31291, -0.96711],
							"lerp_mode": "catmullrom"
						},
						"0.6667": {
							"post": [-4.61146, -13.8733, -5.09634],
							"lerp_mode": "catmullrom"
						},
						"0.75": [-3.22742, -14.16695, -2.88875],
						"0.8333": [-3.22742, -14.16695, -2.88875],
						"0.875": [-3.22742, -14.16695, -2.88875],
						"1.0": [-2.69516, -5.02011, 0.95142],
						"1.125": [-5.24008, -3.20464, 13.10369],
						"1.25": [-6.27311, -14.24745, 14.58322],
						"1.375": {
							"pre": [-7.42837, -16.90139, 16.25742],
							"post": [-7.42837, -16.90139, 16.25742],
							"lerp_mode": "catmullrom"
						},
						"1.5": {
							"post": [-5.89784, -14.40361, 13.00335],
							"lerp_mode": "catmullrom"
						},
						"1.625": [-2.39, -14.37, 10.91],
						"1.7083": [-3.47034, -13.74375, 8.4],
						"1.75": [-3.47, -13.94, 8.65],
						"1.9583": [-3.47034, -13.84375, 8.3],
						"2.0": [-3.48, -13.85, 5.95],
						"2.1667": [-3.48, -13.85, 5.95],
						"2.2917": [-4.49, -15.22, 8.17],
						"2.4167": [-6.5, -16, 4]
					},
					"scale": [1, 1.5, 1]
				},
				"lefthand": {
					"scale": [1, 1.5, 1]
				},
				"camera": {
					"rotation": {
						"0.0": [0, 0, 0],
						"0.0417": [-0.01, 0, 0],
						"0.0833": [-0.01, 0, 0.01],
						"0.125": [0.08, 0, -0.03],
						"0.1667": [0.25, 0.01, -0.1],
						"0.2083": [0.49, 0.02, -0.19],
						"0.25": [1, 0.04, -0.4],
						"0.2917": [1.18, 0.05, -0.47],
						"0.3333": [1.27, 0.05, -0.52],
						"0.375": [1.32, 0.05, -0.55],
						"0.4167": [1.33, 0.05, -0.57],
						"0.4583": [1.32, 0.05, -0.58],
						"0.5": {
							"pre": [1.27, 0.05, -0.63],
							"post": [1.27, 0.05, -0.63],
							"lerp_mode": "catmullrom"
						},
						"0.75": {
							"post": [1.18, 0.05, -0.67],
							"lerp_mode": "catmullrom"
						},
						"0.7917": [0.57, 0.05, -0.01],
						"0.8333": [0.26, 0.05, 0.38],
						"0.875": [0.47, 0.05, -0.06],
						"0.9167": [0.86, 0.06, -0.78],
						"0.9583": [1.05, 0.06, -1.16],
						"1.0": [0.89, 0.07, -0.87],
						"1.0417": [0.71, 0.07, -0.54],
						"1.0833": [0.59, 0.07, -0.35],
						"1.125": {
							"pre": [0.57, 0.07, -0.48],
							"post": [0.57, 0.07, -0.48],
							"lerp_mode": "catmullrom"
						},
						"1.25": {
							"post": [1, 0.07, -0.5],
							"lerp_mode": "catmullrom"
						},
						"1.5417": {
							"post": [-1, 0.07, -0.53],
							"lerp_mode": "catmullrom"
						},
						"1.875": {
							"post": [0.6, 0.07, -0.62],
							"lerp_mode": "catmullrom"
						},
						"1.9167": [0.64, 0.07, -0.71],
						"1.9583": [0.66, 0.07, -0.74],
						"2.0": [0.74, 0.05, -0.71],
						"2.0417": [0.84, 0.05, -0.6],
						"2.0833": [1.27, 0.05, 0.07],
						"2.125": [1.58, 0.05, 0.5],
						"2.1667": [1.05, 0.05, -0.76],
						"2.2083": [0.81, 0.05, -1.25],
						"2.25": [0.84, 0.05, -1.08],
						"2.2917": [0.98, 0.05, -0.61],
						"2.3333": [0.95, 0.04, -0.21],
						"2.375": [0.81, 0.04, -0.26],
						"2.4167": [0.64, 0.03, -0.33],
						"2.4583": [0.48, 0.02, -0.32],
						"2.5": [0.16, 0.01, 0.03],
						"2.5417": [0.01, 0, 0.23],
						"2.5833": [-0.07, 0, 0.33],
						"2.625": [-0.07, 0, 0.2],
						"2.6667": [0.08, 0, -0.22],
						"2.7083": [0.06, 0, -0.18],
						"2.75": [0.01, 0, -0.05],
						"2.7917": [-0.02, 0, 0.05],
						"2.8333": [-0.02, 0, 0.04],
						"2.875": [-0.01, 0, 0.02],
						"2.9167": [0, 0, 0]
					}
				}
			},
			"sound_effects": {
				"0.0": {
					"effect": "wfoly_pi_cpapa_charge_reload_open_cylinder_01"
				},
				"0.0417": {
					"effect": "wfoly_pi_cpapa_charge_reload_arm"
				},
				"0.625": {
					"effect": "wfoly_pi_cpapa_charge_reload_speed_loader_01"
				},
				"0.7917": {
					"effect": "wfoly_pi_cpapa_charge_reload_shelleject_01"
				},
				"1.125": {
					"effect": "wfoly_pi_cpapa_charge_reload_fast_arm"
				},
				"1.5": {
					"effect": "wfoly_pi_cpapa_charge_reload_mvmnt"
				},
				"1.6667": {
					"effect": "wfoly_pi_cpapa_stock_reload_fast_speedloader_01"
				},
				"2.5": {
					"effect": "wfoly_pi_cpapa_stock_reload_cylinderclose_01"
				},
				"2.6667": {
					"effect": "wfoly_pi_cpapa_stock_reload_rattle"
				}
			}
		},
		"inspect": {
			"animation_length": 5.75,
			"bones": {
				"L": {
					"rotation": {
						"0.0": [111.33068, -370.9504, -185.06009],
						"0.25": [113.34288, -329.67552, -167.7079],
						"5.2083": [113.34288, -329.67552, -167.7079],
						"5.375": [105.5341, -389.98678, -161.53547],
						"5.4583": [111.33068, -370.9504, -185.06009]
					},
					"position": {
						"0.0": [6.975, -16.825, 4.6875],
						"0.25": [15.88, -27.12, 8.69],
						"5.2083": [15.88, -27.12, 8.69],
						"5.375": [8.975, -17.325, 5.4875],
						"5.4583": [6.975, -16.825, 4.6875]
					}
				},
				"R2": {
					"rotation": {
						"0.0": {
							"post": [0, 0, 0],
							"lerp_mode": "catmullrom"
						},
						"0.1667": {
							"post": [15.82154, -2.60627, 10.75016],
							"lerp_mode": "catmullrom"
						},
						"0.25": {
							"post": [-29.75797, -3.99024, -6.93945],
							"lerp_mode": "catmullrom"
						},
						"0.4167": {
							"post": [-33.72501, -6.80141, -10.46775],
							"lerp_mode": "catmullrom"
						},
						"0.5": {
							"post": [-31.89502, -11.43418, -15.67902],
							"lerp_mode": "catmullrom"
						},
						"0.5833": {
							"post": [-30.94266, -12.89322, -15.81875],
							"lerp_mode": "catmullrom"
						},
						"0.7917": {
							"post": [-25.99775, -22.52142, -25.82302],
							"lerp_mode": "catmullrom"
						},
						"1.0417": {
							"post": [-26.66229, -23.64621, -27.13419],
							"lerp_mode": "catmullrom"
						},
						"1.5833": {
							"post": [-26.99775, -22.52142, -25.82302],
							"lerp_mode": "catmullrom"
						},
						"1.875": {
							"post": [-27.47961, -20.76992, -22.70305],
							"lerp_mode": "catmullrom"
						},
						"2.0833": {
							"post": [-28.97606, -19.49827, -21.4678],
							"lerp_mode": "catmullrom"
						},
						"2.4583": {
							"post": [-29.11143, -19.22071, -20.33025],
							"lerp_mode": "catmullrom"
						},
						"2.6667": {
							"post": [-25.81617, -8.53906, -7.30326],
							"lerp_mode": "catmullrom"
						},
						"2.8333": {
							"post": [-0.34978, 24.07093, 86.40766],
							"lerp_mode": "catmullrom"
						},
						"2.9583": {
							"post": [4.89118, 8.36539, 78.36024],
							"lerp_mode": "catmullrom"
						},
						"3.125": {
							"post": [-42.57716, 18.94805, 55.8365],
							"lerp_mode": "catmullrom"
						},
						"3.2083": {
							"post": [-32.48043, 9.19734, 50.63627],
							"lerp_mode": "catmullrom"
						},
						"3.2917": {
							"post": [-13.575, 3.68165, 58.49269],
							"lerp_mode": "catmullrom"
						},
						"3.4583": {
							"post": [-4.7081, -0.74625, 45.20692],
							"lerp_mode": "catmullrom"
						},
						"3.5833": {
							"post": [-35.72, -11.263, -30.25942],
							"lerp_mode": "catmullrom"
						},
						"3.7083": {
							"post": [-13.08733, -18.86992, -31.3484],
							"lerp_mode": "catmullrom"
						},
						"3.9167": {
							"post": [-19.77607, -16.01829, -27.5328],
							"lerp_mode": "catmullrom"
						},
						"4.0": {
							"post": [-31.74892, -9.24929, -27.94045],
							"lerp_mode": "catmullrom"
						},
						"4.0833": {
							"post": [-43.61681, 1.71789, -22.22971],
							"lerp_mode": "catmullrom"
						},
						"4.1667": {
							"post": [-44.95377, 1.13657, -23.91025],
							"lerp_mode": "catmullrom"
						},
						"4.2917": {
							"post": [-45.56218, 2.32289, -24.18882],
							"lerp_mode": "catmullrom"
						},
						"4.4167": {
							"post": [-43.64278, 0.33782, -23.67753],
							"lerp_mode": "catmullrom"
						},
						"4.5": {
							"post": [-36.22, -5.61, -17.85],
							"lerp_mode": "catmullrom"
						},
						"4.625": {
							"post": [-4.37272, -14.18812, -7.83273],
							"lerp_mode": "catmullrom"
						},
						"4.8333": {
							"post": [-25.26572, -7.13504, -4.4306],
							"lerp_mode": "catmullrom"
						},
						"4.875": {
							"post": [-26.68783, -4.33467, -1.25666],
							"lerp_mode": "catmullrom"
						},
						"4.9167": {
							"post": [-25.35184, -2.86115, -0.51512],
							"lerp_mode": "catmullrom"
						},
						"5.125": {
							"post": [-25.32035, 0.75437, -2.22683],
							"lerp_mode": "catmullrom"
						},
						"5.2917": {
							"post": [-4.98107, -0.43523, -4.98107],
							"lerp_mode": "catmullrom"
						},
						"5.4167": {
							"post": [0, 0, 0],
							"lerp_mode": "catmullrom"
						}
					},
					"position": {
						"0.0": {
							"post": [0, 0, 0],
							"lerp_mode": "catmullrom"
						},
						"0.125": {
							"post": [-1.24, -3.42, -0.31],
							"lerp_mode": "catmullrom"
						},
						"0.2083": {
							"post": [-2.2875, -0.55, -1.2125],
							"lerp_mode": "catmullrom"
						},
						"0.2917": {
							"post": [-3.3525, 0.875, -2.05],
							"lerp_mode": "catmullrom"
						},
						"0.4167": {
							"post": [-4.35, 0.16, -1.73],
							"lerp_mode": "catmullrom"
						},
						"0.5417": {
							"post": [-5.08, -1.3, -1.38],
							"lerp_mode": "catmullrom"
						},
						"0.7917": {
							"post": [-5.8, 1.14, -1.04],
							"lerp_mode": "catmullrom"
						},
						"1.2083": {
							"post": [-5.84, 0.81, -1.07],
							"lerp_mode": "catmullrom"
						},
						"1.5833": {
							"post": [-5.75, 0.88, -1.1],
							"lerp_mode": "catmullrom"
						},
						"1.9167": {
							"post": [-5.5, 0.705, -0.75],
							"lerp_mode": "catmullrom"
						},
						"2.4583": {
							"post": [-5.86, 0.41, -0.68],
							"lerp_mode": "catmullrom"
						},
						"2.6667": {
							"post": [-7.5, -0.43, -0.68],
							"lerp_mode": "catmullrom"
						},
						"2.875": {
							"post": [-15.75, -6.43, -1.75],
							"lerp_mode": "catmullrom"
						},
						"3.0417": {
							"post": [-6.75, 1.1775, -4.32],
							"lerp_mode": "catmullrom"
						},
						"3.2917": {
							"post": [-5.935, -0.6975, -0.98],
							"lerp_mode": "catmullrom"
						},
						"3.4583": {
							"post": [-6.15, -0.53, -0.05],
							"lerp_mode": "catmullrom"
						},
						"3.6667": {
							"post": [-4.125, 4.67, -0.85],
							"lerp_mode": "catmullrom"
						},
						"3.8333": {
							"post": [-5.8125, 0.97, 0.25],
							"lerp_mode": "catmullrom"
						},
						"3.9583": {
							"post": [-5.58, 0.32, 1.65],
							"lerp_mode": "catmullrom"
						},
						"4.0417": {
							"post": [-5.3125, 2.37, 2.5],
							"lerp_mode": "catmullrom"
						},
						"4.2083": {
							"post": [-5.32, 2.45, 2.64],
							"lerp_mode": "catmullrom"
						},
						"4.375": {
							"post": [-5.3125, 1.97, 2.5],
							"lerp_mode": "catmullrom"
						},
						"4.5": {
							"post": [-4.69, -1.06, 0.75],
							"lerp_mode": "catmullrom"
						},
						"4.5833": {
							"post": [-4.32, -1.74, 0.25],
							"lerp_mode": "catmullrom"
						},
						"4.7083": {
							"post": [-4.39, 0.71, 0.62],
							"lerp_mode": "catmullrom"
						},
						"4.7917": {
							"post": [-4.34, 0.5, 0.75],
							"lerp_mode": "catmullrom"
						},
						"4.9167": {
							"post": [-4.21, 0.685, 0.97],
							"lerp_mode": "catmullrom"
						},
						"5.125": {
							"post": [-4.21, 0.385, 0.97],
							"lerp_mode": "catmullrom"
						},
						"5.2917": {
							"post": [-0.3, -1.3, 0.5],
							"lerp_mode": "catmullrom"
						},
						"5.4167": {
							"post": [0, 0, 0],
							"lerp_mode": "catmullrom"
						}
					}
				},
				"R1": {
					"rotation": [94.93393, 4.57237, -174.60633],
					"position": [-7.5, -14, 4],
					"scale": [1.75, 2, 1.75]
				},
				"root": {
					"rotation": {
						"0.0": {
							"post": [0, 0, 0],
							"lerp_mode": "catmullrom"
						},
						"0.1667": {
							"post": [0.75, -4.81, -2.43],
							"lerp_mode": "catmullrom"
						},
						"0.5417": [3.69054, -23.64635, -11.95579],
						"2.5417": [3.69054, -23.64635, -11.95579],
						"5.2083": {
							"pre": [0, 0, 0],
							"post": [0, 0, 0],
							"lerp_mode": "catmullrom"
						},
						"5.4167": {
							"post": [0, 0, 0],
							"lerp_mode": "catmullrom"
						},
						"5.4583": {
							"post": [0.36987, 0.01934, 2.36893],
							"lerp_mode": "catmullrom"
						},
						"5.5417": {
							"post": [0, 0, -0.5],
							"lerp_mode": "catmullrom"
						},
						"5.6667": {
							"post": [0, 0, 0],
							"lerp_mode": "catmullrom"
						}
					},
					"position": {
						"0.0": {
							"post": [0, 0, 0],
							"lerp_mode": "catmullrom"
						},
						"0.2917": {
							"post": [0.73, 0.57, 0.31],
							"lerp_mode": "catmullrom"
						},
						"0.5417": [3.6, 1.2, -2.5],
						"2.5417": [3.6, 1.2, -2.5],
						"3.2083": [2.74, 0.92, -2.61],
						"3.6667": [2.15, 0.73, -4.68],
						"4.5": [2.15, 0.73, -4.68],
						"4.875": {
							"pre": [0, 0, -4.68],
							"post": [0, 0, -4.68],
							"lerp_mode": "catmullrom"
						},
						"5.2083": {
							"post": [0, 0, -4.68],
							"lerp_mode": "catmullrom"
						},
						"5.4583": {
							"post": [0, -0.225, -0.45],
							"lerp_mode": "catmullrom"
						},
						"5.5833": {
							"post": [0, 0, 0],
							"lerp_mode": "catmullrom"
						}
					}
				},
				"colt_python": {
					"rotation": {
						"0.2083": {
							"pre": [0, 0, 0],
							"post": [0, 0, 0],
							"lerp_mode": "catmullrom"
						},
						"0.4167": [-351.21082, -3.84097, -14.51082],
						"0.5": [-369.51761, -3.84055, -14.51047],
						"0.625": [-368.01, -3.84, -14.51],
						"0.8333": [-374.51082, -3.84097, -14.51082],
						"1.5833": [-374.51082, -3.84097, -14.51082],
						"1.9167": [-374.51082, -3.84097, -16.07332],
						"2.75": [-374.51082, -3.84097, -14.51082],
						"2.9583": [-354.51082, -3.84097, -14.51082],
						"3.2083": [-756.4625, 0.16, 14.4275],
						"3.5417": [-756.4625, 0.16, 14.4275],
						"3.75": [-1402.87955, -1.05364, 13.215],
						"4.0": [-1846.12, -2.51, 11.76],
						"4.125": [-1819.94, -2.81, 11.46],
						"4.25": [-1821.96015, -3.11499, 11.15395],
						"4.5": [-1836.04832, -3.84097, 10.42668],
						"4.7083": [-1476.57, -3.84, -14.51],
						"4.7917": [-1447.57, -3.84, -14.51],
						"4.875": [-1455.57, -3.84, -14.51],
						"5.0833": [-1459.57, -3.84, -14.51],
						"5.2917": [-1440, 0, 0]
					},
					"position": {
						"0.0": [0, 0, 0],
						"0.25": [2.4, 1, 1.875],
						"0.5417": [2.4, 1, 1.875],
						"1.5833": [2.4, 1, 1.875],
						"1.9167": [2.4, 1, 1.875],
						"2.5": [2.4, 1, 1.875],
						"2.9583": [2.4, 1, 1.875],
						"3.7083": [1.93, 1, 0.67],
						"3.875": [2.47, 1, 0.56],
						"4.0833": [2.63, 0.68, 0.39],
						"4.5": [2.63, 0.68, 0.39],
						"4.75": [1.935, 1.2025, 0.06],
						"5.0833": [1.935, 1.2025, 0.06],
						"5.2917": [0, 0, 0]
					}
				},
				"bone2": {
					"scale": 0
				},
				"righthand": {
					"rotation": [94.93393, 4.57237, -174.60633],
					"position": [-6.5, -16, 4],
					"scale": [1, 1.5, 1]
				},
				"gun_and_righthand": {
					"rotation": {
						"0.0": {
							"post": [0, 0, 0],
							"lerp_mode": "catmullrom"
						},
						"0.1667": {
							"post": [15.82154, -2.60627, 10.75016],
							"lerp_mode": "catmullrom"
						},
						"0.25": {
							"post": [-29.75797, -3.99024, -6.93945],
							"lerp_mode": "catmullrom"
						},
						"0.4167": {
							"post": [-33.72501, -6.80141, -10.46775],
							"lerp_mode": "catmullrom"
						},
						"0.5": {
							"post": [-31.89502, -11.43418, -15.67902],
							"lerp_mode": "catmullrom"
						},
						"0.5833": {
							"post": [-30.94266, -12.89322, -15.81875],
							"lerp_mode": "catmullrom"
						},
						"0.7917": {
							"post": [-25.99775, -22.52142, -25.82302],
							"lerp_mode": "catmullrom"
						},
						"1.0417": {
							"post": [-26.66229, -23.64621, -27.13419],
							"lerp_mode": "catmullrom"
						},
						"1.5833": {
							"post": [-26.99775, -22.52142, -25.82302],
							"lerp_mode": "catmullrom"
						},
						"1.875": {
							"post": [-27.47961, -20.76992, -22.70305],
							"lerp_mode": "catmullrom"
						},
						"2.0833": {
							"post": [-28.97606, -19.49827, -21.4678],
							"lerp_mode": "catmullrom"
						},
						"2.4583": {
							"post": [-29.11143, -19.22071, -20.33025],
							"lerp_mode": "catmullrom"
						},
						"2.6667": {
							"post": [-25.81617, -8.53906, -7.30326],
							"lerp_mode": "catmullrom"
						},
						"2.8333": {
							"post": [-0.34978, 24.07093, 86.40766],
							"lerp_mode": "catmullrom"
						},
						"2.9583": {
							"post": [4.89118, 8.36539, 78.36024],
							"lerp_mode": "catmullrom"
						},
						"3.125": {
							"post": [-42.57716, 18.94805, 55.8365],
							"lerp_mode": "catmullrom"
						},
						"3.2083": {
							"post": [-32.48043, 9.19734, 50.63627],
							"lerp_mode": "catmullrom"
						},
						"3.2917": {
							"post": [-13.575, 3.68165, 58.49269],
							"lerp_mode": "catmullrom"
						},
						"3.4583": {
							"post": [-4.7081, -0.74625, 45.20692],
							"lerp_mode": "catmullrom"
						},
						"3.5833": {
							"post": [-35.72, -11.263, -30.25942],
							"lerp_mode": "catmullrom"
						},
						"3.7083": {
							"post": [-13.08733, -18.86992, -31.3484],
							"lerp_mode": "catmullrom"
						},
						"3.9167": {
							"post": [-19.77607, -16.01829, -27.5328],
							"lerp_mode": "catmullrom"
						},
						"4.0": {
							"post": [-31.74892, -9.24929, -27.94045],
							"lerp_mode": "catmullrom"
						},
						"4.0833": {
							"post": [-43.61681, 1.71789, -22.22971],
							"lerp_mode": "catmullrom"
						},
						"4.1667": {
							"post": [-44.95377, 1.13657, -23.91025],
							"lerp_mode": "catmullrom"
						},
						"4.2917": {
							"post": [-45.56218, 2.32289, -24.18882],
							"lerp_mode": "catmullrom"
						},
						"4.4167": {
							"post": [-43.64278, 0.33782, -23.67753],
							"lerp_mode": "catmullrom"
						},
						"4.5": {
							"post": [-36.22, -5.61, -17.85],
							"lerp_mode": "catmullrom"
						},
						"4.625": {
							"post": [-4.37272, -14.18812, -7.83273],
							"lerp_mode": "catmullrom"
						},
						"4.8333": {
							"post": [-25.26572, -7.13504, -4.4306],
							"lerp_mode": "catmullrom"
						},
						"4.875": {
							"post": [-26.68783, -4.33467, -1.25666],
							"lerp_mode": "catmullrom"
						},
						"4.9167": {
							"post": [-25.35184, -2.86115, -0.51512],
							"lerp_mode": "catmullrom"
						},
						"5.125": {
							"post": [-25.32035, 0.75437, -2.22683],
							"lerp_mode": "catmullrom"
						},
						"5.2917": {
							"post": [-4.98107, -0.43523, -4.98107],
							"lerp_mode": "catmullrom"
						},
						"5.4167": {
							"post": [0, 0, 0],
							"lerp_mode": "catmullrom"
						}
					},
					"position": {
						"0.0": {
							"post": [0, 0, 0],
							"lerp_mode": "catmullrom"
						},
						"0.125": {
							"post": [-1.24, -3.42, -0.31],
							"lerp_mode": "catmullrom"
						},
						"0.2083": {
							"post": [-2.2875, -0.55, -1.2125],
							"lerp_mode": "catmullrom"
						},
						"0.2917": {
							"post": [-3.3525, 0.875, -2.05],
							"lerp_mode": "catmullrom"
						},
						"0.4167": {
							"post": [-4.35, 0.16, -1.73],
							"lerp_mode": "catmullrom"
						},
						"0.5417": {
							"post": [-5.08, -1.3, -1.38],
							"lerp_mode": "catmullrom"
						},
						"0.7917": {
							"post": [-5.8, 1.14, -1.04],
							"lerp_mode": "catmullrom"
						},
						"1.2083": {
							"post": [-5.84, 0.81, -1.07],
							"lerp_mode": "catmullrom"
						},
						"1.5833": {
							"post": [-5.75, 0.88, -1.1],
							"lerp_mode": "catmullrom"
						},
						"1.9167": {
							"post": [-5.5, 0.705, -0.75],
							"lerp_mode": "catmullrom"
						},
						"2.4583": {
							"post": [-5.86, 0.41, -0.68],
							"lerp_mode": "catmullrom"
						},
						"2.6667": {
							"post": [-7.5, -0.43, -0.68],
							"lerp_mode": "catmullrom"
						},
						"2.875": {
							"post": [-15.75, -6.43, -1.75],
							"lerp_mode": "catmullrom"
						},
						"3.0417": {
							"post": [-6.75, 1.1775, -4.32],
							"lerp_mode": "catmullrom"
						},
						"3.2917": {
							"post": [-5.935, -0.6975, -0.98],
							"lerp_mode": "catmullrom"
						},
						"3.4583": {
							"post": [-6.15, -0.53, -0.05],
							"lerp_mode": "catmullrom"
						},
						"3.6667": {
							"post": [-4.125, 4.67, -0.85],
							"lerp_mode": "catmullrom"
						},
						"3.8333": {
							"post": [-5.8125, 0.97, 0.25],
							"lerp_mode": "catmullrom"
						},
						"3.9583": {
							"post": [-5.58, 0.32, 1.65],
							"lerp_mode": "catmullrom"
						},
						"4.0417": {
							"post": [-5.3125, 2.37, 2.5],
							"lerp_mode": "catmullrom"
						},
						"4.2083": {
							"post": [-5.32, 2.45, 2.64],
							"lerp_mode": "catmullrom"
						},
						"4.375": {
							"post": [-5.3125, 1.97, 2.5],
							"lerp_mode": "catmullrom"
						},
						"4.5": {
							"post": [-4.69, -1.06, 0.75],
							"lerp_mode": "catmullrom"
						},
						"4.5833": {
							"post": [-4.32, -1.74, 0.25],
							"lerp_mode": "catmullrom"
						},
						"4.7083": {
							"post": [-4.39, 0.71, 0.62],
							"lerp_mode": "catmullrom"
						},
						"4.7917": {
							"post": [-4.34, 0.5, 0.75],
							"lerp_mode": "catmullrom"
						},
						"4.9167": {
							"post": [-4.21, 0.685, 0.97],
							"lerp_mode": "catmullrom"
						},
						"5.125": {
							"post": [-4.21, 0.385, 0.97],
							"lerp_mode": "catmullrom"
						},
						"5.2917": {
							"post": [-0.3, -1.3, 0.5],
							"lerp_mode": "catmullrom"
						},
						"5.4167": {
							"post": [0, 0, 0],
							"lerp_mode": "catmullrom"
						}
					}
				},
				"lefthand": {
					"scale": [1, 1.5, 1]
				},
				"camera": {
					"rotation": {
						"0.0": [0, 0, 0],
						"0.0417": [-0.01, 0, -0.04],
						"0.0833": [-0.01, -0.01, -0.17],
						"0.125": [0.08, 0, -0.22],
						"0.1667": [0.19, 0.01, -0.26],
						"0.2083": [0.37, 0.03, -0.31],
						"0.25": [0.75, 0.07, -0.39],
						"0.2917": [0.91, 0.09, -0.4],
						"0.3333": [1, 0.1, -0.37],
						"0.375": [0.95, 0.11, -0.16],
						"0.4167": [0.67, 0.13, 0.25],
						"0.4583": [0.76, 0.14, 0.06],
						"0.5": [0.92, 0.16, -0.29],
						"0.5417": [1.09, 0.18, -0.63],
						"0.5833": [1.26, 0.23, -0.78],
						"0.625": [1.26, 0.26, -0.6],
						"0.6667": [1.26, 0.29, -0.38],
						"0.7083": [1.3, 0.32, -0.22],
						"0.75": [1.59, 0.4, -0.1],
						"0.7917": [1.74, 0.43, -0.09],
						"0.8333": [1.8, 0.45, -0.15],
						"0.875": [1.77, 0.45, -0.28],
						"0.9167": [1.56, 0.41, -0.7],
						"0.9583": [1.42, 0.39, -0.89],
						"1.0": [1.27, 0.37, -1],
						"1.0417": [1.02, 0.35, -0.98],
						"1.0833": [0.44, 0.31, -0.72],
						"1.125": [0.31, 0.3, -0.7],
						"1.1667": [0.33, 0.3, -0.77],
						"1.2083": [0.42, 0.29, -0.88],
						"1.25": [0.7, 0.3, -1.17],
						"1.2917": [0.85, 0.3, -1.32],
						"1.3333": [0.97, 0.3, -1.44],
						"1.375": [1.05, 0.3, -1.52],
						"1.4167": [1.04, 0.3, -1.6],
						"1.4583": [0.98, 0.3, -1.59],
						"1.5": {
							"pre": [0.92, 0.3, -1.56],
							"post": [0.92, 0.3, -1.56],
							"lerp_mode": "catmullrom"
						},
						"1.625": {
							"post": [0.77, 0.3, -1.54],
							"lerp_mode": "catmullrom"
						},
						"1.7917": {
							"post": [0.93, 0.3, -1.49],
							"lerp_mode": "catmullrom"
						},
						"1.8333": [0.97, 0.3, -1.29],
						"1.875": [1.01, 0.3, -1.16],
						"1.9167": [1.07, 0.3, -1.21],
						"1.9583": [1.11, 0.3, -1.28],
						"2.0": [1.16, 0.28, -1.27],
						"2.0417": [1.19, 0.25, -1.24],
						"2.0833": [1.28, 0.19, -1.1],
						"2.125": [1.33, 0.16, -1.02],
						"2.1667": [1.38, 0.12, -0.93],
						"2.2083": [1.42, 0.09, -0.85],
						"2.25": [1.49, 0.05, -0.72],
						"2.2917": [1.49, 0.04, -0.69],
						"2.3333": {
							"pre": [1.46, 0.05, -0.7],
							"post": [1.46, 0.05, -0.7],
							"lerp_mode": "catmullrom"
						},
						"2.5417": {
							"post": [1.64, 0.05, -0.81],
							"lerp_mode": "catmullrom"
						},
						"2.75": {
							"post": [1.43, 0.06, -0.71],
							"lerp_mode": "catmullrom"
						},
						"2.7917": [1.45, 0.08, -0.6],
						"2.8333": [1.7, 0.09, -0.15],
						"2.875": [2.03, 0.09, 0.43],
						"2.9167": [2.15, 0.03, 0.65],
						"2.9583": [1.55, -0.12, -0.32],
						"3.0": [1.16, -0.27, -0.95],
						"3.0417": [0.94, -0.55, -1.3],
						"3.0833": [0.97, -0.92, -1.25],
						"3.125": [1.34, -1.97, -0.68],
						"3.1667": [1.53, -2.47, -0.37],
						"3.2083": [1.62, -2.86, -0.2],
						"3.25": [1.59, -3.09, -0.18],
						"3.2917": [1.39, -3.41, -0.31],
						"3.3333": [1.26, -3.51, -0.42],
						"3.375": [1.16, -3.57, -0.52],
						"3.4167": [1.11, -3.6, -0.6],
						"3.4583": [1.11, -3.6, -0.67],
						"3.5": {
							"pre": [1.13, -3.58, -0.71],
							"post": [1.13, -3.58, -0.71],
							"lerp_mode": "catmullrom"
						},
						"3.5417": {
							"post": [1.43, -3.44, -0.71],
							"lerp_mode": "catmullrom"
						},
						"3.5833": {
							"post": [1.45, -3.22, -0.6],
							"lerp_mode": "catmullrom"
						},
						"3.625": {
							"post": [1.7, -2.91, -0.15],
							"lerp_mode": "catmullrom"
						},
						"3.6667": {
							"post": [2.03, -2.91, 0.43],
							"lerp_mode": "catmullrom"
						},
						"3.7083": {
							"post": [2.15, -2.97, 0.65],
							"lerp_mode": "catmullrom"
						},
						"3.75": {
							"post": [1.55, -2.82, -0.32],
							"lerp_mode": "catmullrom"
						},
						"3.7917": {
							"post": [1.16, -2.87, -0.95],
							"lerp_mode": "catmullrom"
						},
						"3.8333": {
							"post": [0.94, -2.75, -1.3],
							"lerp_mode": "catmullrom"
						},
						"3.875": {
							"post": [0.97, -2.42, -1.25],
							"lerp_mode": "catmullrom"
						},
						"3.9167": [1.34, -2.47, -0.68],
						"3.9583": [1.53, -2.47, -0.37],
						"4.0": [1.62, -2.86, -0.2],
						"4.0417": [1.59, -3.09, -0.18],
						"4.0833": [1.39, -3.41, -0.31],
						"4.125": [1.26, -3.51, -0.42],
						"4.1667": [1.16, -3.57, -0.52],
						"4.2083": [1.11, -3.6, -0.6],
						"4.25": [1.11, -3.6, -0.67],
						"4.2917": [1.13, -3.58, -0.71],
						"4.3333": [1.16, -3.55, -0.75],
						"4.375": [1.19, -3.51, -0.78],
						"4.4167": [1.27, -3.38, -0.84],
						"4.4583": [1.3, -3.3, -0.87],
						"4.5": [1.33, -3.19, -0.89],
						"4.625": {
							"pre": [1.43, -3.44, -0.71],
							"post": [1.43, -3.44, -0.71],
							"lerp_mode": "catmullrom"
						},
						"4.6667": {
							"post": [1.45, -3.22, -0.6],
							"lerp_mode": "catmullrom"
						},
						"4.7083": {
							"post": [1.7, -2.91, -0.15],
							"lerp_mode": "catmullrom"
						},
						"4.75": {
							"post": [2.03, -2.31, 0.43],
							"lerp_mode": "catmullrom"
						},
						"4.7917": {
							"post": [2.15, -1.97, 0.65],
							"lerp_mode": "catmullrom"
						},
						"4.8333": {
							"post": [1.55, -1.42, -0.32],
							"lerp_mode": "catmullrom"
						},
						"4.875": {
							"post": [1.16, -0.97, -0.95],
							"lerp_mode": "catmullrom"
						},
						"4.9167": {
							"post": [0.94, -0.45, -1.3],
							"lerp_mode": "catmullrom"
						},
						"4.9583": [1.34, -0.09, -0.07],
						"5.0": [1.47, -0.08, -0.42],
						"5.0417": [1.1, -0.05, -0.67],
						"5.0833": [0.67, -0.02, -0.42],
						"5.125": [0.35, 0, -0.22],
						"5.1667": [0.27, 0, -0.17],
						"5.2083": [0.33, 0, -0.14],
						"5.25": [0.34, 0, -0.1],
						"5.2917": [0.28, 0, -0.01],
						"5.3333": [0.19, 0, 0.12],
						"5.375": [0.05, 0, 0.28],
						"5.4167": [0.04, 0, 0.17],
						"5.4583": [0.07, 0, -0.03],
						"5.5": [0.08, 0, -0.15],
						"5.5417": [-0.02, 0, 0.02],
						"5.5833": [-0.05, 0, 0.1],
						"5.625": [-0.05, 0, 0.1],
						"5.6667": [-0.03, 0, 0.07],
						"5.7083": [0, 0, 0]
					}
				}
			},
			"sound_effects": {
				"0.0": {
					"effect": "p25_pi_decho_akimbo_l_inspect_rattle"
				},
				"0.1667": {
					"effect": "p25_pi_decho_akimbo_r_inspect_rotate"
				},
				"2.5417": {
					"effect": "p25_pi_decho_akimbo_r_reload_empty_rattle"
				},
				"2.7917": {
					"effect": "p25_pi_decho_akimbo_r_inspect_end"
				},
				"2.9583": {
					"effect": "p25_pi_decho_akimbo_l_drop_quick_rattle"
				},
				"3.5": {
					"effect": "p25_pi_decho_inspect_empty_rotate2"
				},
				"3.625": {
					"effect": "p25_pi_decho_reload_end"
				},
				"3.7917": {
					"effect": "p25_pi_decho_inspect_empty_slidecheck2"
				},
				"4.4583": {
					"effect": "p25_pi_decho_akimbo_r_drop_quick_rattle"
				},
				"4.7083": {
					"effect": "p25_pi_decho_akimbo_r_inspect_rattle"
				},
				"5.2083": {
					"effect": "p25_pi_decho_akimbo_r_reload_raise"
				}
			}
		},
		"shoot": {
			"loop": "hold_on_last_frame",
			"animation_length": 0.5667,
			"bones": {
				"root": {
					"rotation": {
						"0.0": [0, 0, 0],
						"0.0333": [5.94, -0.27, -11.04],
						"0.0667": [-53.08, -2.77, 6.13],
						"0.1": [-27.98, -8.63, -7.72],
						"0.1333": [-17.35, -1, 2.05],
						"0.1667": [-13.94, -1.29, 3.6],
						"0.2": [-10.31, -2.35, 3.27],
						"0.2333": [-3.57, -1.83, 0.57],
						"0.2667": [2.03, -0.93, -2.03],
						"0.3": [2.35, -0.29, -1.82],
						"0.3333": [1.06, 0.38, -0.79],
						"0.3667": [0, 0.75, 0],
						"0.4": [-0.15, 0.59, 0.12],
						"0.4333": [-0.07, 0.13, 0],
						"0.4667": [0, -0.2, -0.1],
						"0.5": [0, -0.21, -0.08],
						"0.5333": [0, -0.09, -0.03],
						"0.5667": [0, 0, 0]
					},
					"position": {
						"0.0": [0, 0, 0],
						"0.0333": [0, -0.22, 2.42],
						"0.0667": [-0.17, 0.16, 1.63],
						"0.1": [-0.16, 0.56, 1.75],
						"0.1333": [-0.11, 0.56, 1.14],
						"0.1667": [-0.06, 0.41, 0.43],
						"0.2": [-0.03, 0.13, 0.14],
						"0.2333": [-0.01, -0.23, -0.06],
						"0.2667": [0, -0.45, -0.17],
						"0.3": [0, -0.39, -0.14],
						"0.3333": [0, -0.19, -0.02],
						"0.3667": [0, -0.03, 0.08],
						"0.4": [0, 0.01, 0.07],
						"0.4333": [0, 0.01, 0.03],
						"0.4667": [0, 0, 0],
						"0.5": [0, 0, -0.01],
						"0.5333": [0, 0, 0],
						"0.5667": [0, 0, 0]
					}
				},
				"slide2": {
					"position": {
						"0.0": [0, 0, 0],
						"0.0333": [0, 0, 3],
						"0.0667": [0, 0, 0]
					}
				},
				"bullet_in_barrel": {
					"scale": {
						"0.0": [0, 0, 0],
						"0.0667": [0, 0, 0],
						"0.1": [1, 1, 1]
					}
				},
				"constraint": {
					"rotation": {
						"0.1667": [0.7, 0.4, 0.4],
						"0.2667": [0, 0, 0]
					},
					"position": {
						"0.1667": [0.2, 0.3, 1],
						"0.2667": [0, 0, 0]
					}
				},
				"camera": {
					"rotation": {
						"0.0": [0, 0, 0],
						"0.0333": [0, 0, 3.15],
						"0.0667": [0, 0, -2.29],
						"0.1": [0, 0, 1.94],
						"0.1333": [0, 0, -0.96],
						"0.1667": [0, 0, 0.6],
						"0.2": [0, 0, -0.32],
						"0.2333": [0, 0, 0]
					}
				},
				"newcylinder": {
					"rotation": {
						"0.0": [0, 0, 0],
						"0.0667": [0, 0, 60]
					}
				},
				"hammer": {
					"rotation": {
						"0.0": [-40, 0, 0],
						"0.0333": [0, 0, 0]
					}
				}
			},
			"sound_effects": {
				"0.0": {
					"effect": "weap_decho_fire_first_plr_03"
				},
				"0.0333": {
					"effect": "weap_deagle_fire_npc_mech_02"
				}
			}
		},
		"reload_empty": {
			"animation_length": 3.125,
			"bones": {
				"loader": {
					"rotation": {
						"2.2083": [0, 0, 0],
						"2.25": [1.37, 3.06, 0],
						"2.3333": [11, 24.5, 0],
						"2.5": [119.57903, 75.74708, 69.51301]
					},
					"position": {
						"2.2083": [0, 0, 0],
						"2.25": [0.31, 0.23, 0.06],
						"2.3333": [2.51, 1.87, 0.48],
						"2.5": [9.81, -0.94, 2.69],
						"2.5833": [2.81, -19.94, 11.69],
						"2.7083": [2.81, -19.94, 11.69]
					},
					"scale": {
						"2.5417": [1, 1, 1],
						"2.5833": [0, 0, 0]
					}
				},
				"L": {
					"rotation": {
						"0.0": [111.33068, -370.9504, -185.06009],
						"0.1667": [28.0888, -382.26404, -69.07359],
						"0.2083": [28.0888, -382.26404, -69.07359],
						"0.2917": [10.67132, -365.93384, -16.85677],
						"0.375": [10.67132, -365.93384, -16.85677],
						"0.5833": [51.04497, -374.29795, -69.68584],
						"1.0417": [51.04497, -374.29795, -69.68584],
						"1.375": [72.30031, -391.85547, -85.5168],
						"2.375": [72.30031, -391.85547, -85.5168],
						"2.5": [66.33158, -425.4108, -85.70056],
						"2.5833": [96.28, -409.14, -137.87],
						"2.75": [96.28, -409.14, -137.87],
						"2.875": [116.92038, -373.98194, -198.95954],
						"2.9583": [111.33068, -370.9504, -185.06009]
					},
					"position": {
						"0.0": [6.975, -16.825, 4.6875],
						"0.0833": [7.76, -15.52, 0.78],
						"0.1667": [5.755, -12.62, -1.5225],
						"0.2083": [5.755, -12.62, -1.5225],
						"0.2917": [4.555, -11.62, -2.6225],
						"0.375": [4.555, -11.62, -2.6225],
						"0.5833": [4.255, -14.92, -1.0225],
						"1.0417": [4.255, -14.92, -1.0225],
						"1.375": [6.93663, -15.92713, -1.96556],
						"2.375": [6.93663, -15.92713, -1.96556],
						"2.5": [8.65295, -13.87375, -1.83314],
						"2.5833": [7.96, -13.07, -0.81],
						"2.75": [7.96, -13.07, -0.81],
						"2.875": [8.67, -15.92, 0.99],
						"2.9583": [6.975, -16.825, 4.6875]
					}
				},
				"R1": {
					"rotation": {
						"0.0": [94.93393, 4.57237, -174.60633],
						"0.2083": [95.45373, 10.0056, -168.04312],
						"0.3333": {
							"pre": [95.45, 10.01, -168.04],
							"post": [95.45, 10.01, -168.04],
							"lerp_mode": "catmullrom"
						},
						"0.4583": {
							"post": [78.73247, 13.60809, -152.10759],
							"lerp_mode": "catmullrom"
						},
						"0.6667": {
							"post": [106.62396, 49.94866, -67.30203],
							"lerp_mode": "catmullrom"
						},
						"0.75": [125.21984, 62.85804, -44.14133],
						"0.8333": [116.76856, 54.25678, -54.01271],
						"0.875": [114.64277, 50.8771, -56.68846],
						"1.0": [86.22795, 31.02823, -97.28591],
						"1.125": [92.73611, 56.0894, -74.02224],
						"1.25": [110.15497, -9.80362, -121.73407],
						"1.5": {
							"pre": [124.01079, -15.21964, -110.22875],
							"post": [124.01079, -15.21964, -110.22875],
							"lerp_mode": "catmullrom"
						},
						"1.625": [124.99408, -20.75749, -122.33203],
						"1.8333": [132.23205, -14.91232, -116.59075],
						"2.0": [116.59795, -20.99837, -117.2744],
						"2.1667": [116.59795, -20.99837, -117.2744],
						"2.4167": [94.93393, 4.57237, -174.60633]
					},
					"position": {
						"0.0": [-7.5, -14, 4],
						"0.2083": [-7.6, -13.8, 4.6],
						"0.3333": {
							"pre": [-7.6, -13.8, 4.6],
							"post": [-7.6, -13.8, 4.6],
							"lerp_mode": "catmullrom"
						},
						"0.4583": {
							"post": [-7.57417, -10.0203, 7.37522],
							"lerp_mode": "catmullrom"
						},
						"0.5417": {
							"post": [-4.56091, -8.31291, -0.96711],
							"lerp_mode": "catmullrom"
						},
						"0.6667": {
							"post": [-2.61146, -10.8733, -8.09634],
							"lerp_mode": "catmullrom"
						},
						"0.75": [-3.22742, -11.16695, -5.88875],
						"0.8333": [-3.13419, -10.99241, -6.58871],
						"0.875": [-3.13419, -10.99241, -6.58871],
						"1.0": [-2.69516, -5.02011, 0.95142],
						"1.125": [-5.24008, -3.20464, 13.10369],
						"1.25": [-6.27311, -14.24745, 14.58322],
						"1.375": {
							"pre": [-7.42837, -16.90139, 16.25742],
							"post": [-7.42837, -16.90139, 16.25742],
							"lerp_mode": "catmullrom"
						},
						"1.5": {
							"post": [-5.89784, -14.40361, 13.00335],
							"lerp_mode": "catmullrom"
						},
						"1.625": [-4.39, -11.37, 10.91],
						"1.7083": [-5.47034, -10.74375, 8.4],
						"1.75": [-5.47, -10.94, 8.65],
						"1.9583": [-5.47034, -10.84375, 8.3],
						"2.0": [-5.48, -10.85, 5.95],
						"2.1667": [-5.48, -10.85, 5.95],
						"2.2917": [-6.49, -12.22, 8.17],
						"2.4167": [-7.5, -14, 4]
					},
					"scale": [1.75, 2, 1.75]
				},
				"root": {
					"rotation": {
						"0.0": {
							"post": [0, 0, 0],
							"lerp_mode": "catmullrom"
						},
						"0.2083": {
							"post": [-8.24461, -5.65804, 2.82806],
							"lerp_mode": "catmullrom"
						},
						"0.2917": {
							"post": [-6.89069, -10.91705, -31.38776],
							"lerp_mode": "catmullrom"
						},
						"0.4167": {
							"post": [-18.94149, -17.17895, -27.76634],
							"lerp_mode": "catmullrom"
						},
						"0.5417": {
							"post": [-53.46754, -41.34497, -23.31829],
							"lerp_mode": "catmullrom"
						},
						"0.5833": {
							"post": [-63.63892, -45.47974, -20.43462],
							"lerp_mode": "catmullrom"
						},
						"0.75": {
							"post": [-68.88, -47.62, -21.41],
							"lerp_mode": "catmullrom"
						},
						"0.7917": {
							"post": [-68.84226, -42.28678, -18.30956],
							"lerp_mode": "catmullrom"
						},
						"0.875": {
							"post": [-72.52937, -47.10851, -20.72942],
							"lerp_mode": "catmullrom"
						},
						"1.0": {
							"post": [-69.39594, -43.01015, -19.05675],
							"lerp_mode": "catmullrom"
						},
						"1.125": {
							"post": [-52.83892, -45.47974, -20.43462],
							"lerp_mode": "catmullrom"
						},
						"1.2917": {
							"post": [24.02635, -14.68315, -35.97251],
							"lerp_mode": "catmullrom"
						},
						"1.5": {
							"post": [37.18059, -17.88219, -36.89765],
							"lerp_mode": "catmullrom"
						},
						"1.7083": {
							"post": [38.24825, -20.99777, -33.91329],
							"lerp_mode": "catmullrom"
						},
						"1.75": {
							"post": [38.03, -20.23, -33.16],
							"lerp_mode": "catmullrom"
						},
						"1.8333": {
							"post": [38.41419, -23.20992, -32.94515],
							"lerp_mode": "catmullrom"
						},
						"1.9583": {
							"post": [37.30828, -25.29192, -30.89082],
							"lerp_mode": "catmullrom"
						},
						"2.0": {
							"post": [38.78811, -25.57553, -28.53641],
							"lerp_mode": "catmullrom"
						},
						"2.0833": {
							"post": [41.23081, -22.20418, -26.15271],
							"lerp_mode": "catmullrom"
						},
						"2.1667": {
							"post": [37.84056, -26.40645, -20.74728],
							"lerp_mode": "catmullrom"
						},
						"2.2917": {
							"post": [41.49846, -25.36421, -22.67059],
							"lerp_mode": "catmullrom"
						},
						"2.4583": {
							"post": [41.49846, -25.36421, -22.67059],
							"lerp_mode": "catmullrom"
						},
						"2.5417": {
							"post": [16.79639, -23.77243, 1.72963],
							"lerp_mode": "catmullrom"
						},
						"2.5833": {
							"post": [18.58465, -19.1856, -6.06895],
							"lerp_mode": "catmullrom"
						},
						"2.6667": {
							"post": [15.83714, -17.82404, -0.35926],
							"lerp_mode": "catmullrom"
						},
						"2.8333": {
							"post": [0.33285, -4.19445, 1.64639],
							"lerp_mode": "catmullrom"
						},
						"2.9167": {
							"post": [0.01527, 0.49977, 1.75007],
							"lerp_mode": "catmullrom"
						},
						"3.0": {
							"post": [0, -0.19, 0.1],
							"lerp_mode": "catmullrom"
						},
						"3.125": {
							"post": [0, 0, 0],
							"lerp_mode": "catmullrom"
						}
					},
					"position": {
						"0.0": {
							"post": [0, 0, 0],
							"lerp_mode": "catmullrom"
						},
						"0.125": {
							"post": [0.8, -0.5, 1.55],
							"lerp_mode": "catmullrom"
						},
						"0.3333": {
							"post": [0.8, -0.5, 2.85],
							"lerp_mode": "catmullrom"
						},
						"0.5": {
							"post": [0.8, -1, 2.4],
							"lerp_mode": "catmullrom"
						},
						"0.6667": {
							"post": [1.5, -3.8125, 1.0375],
							"lerp_mode": "catmullrom"
						},
						"0.7083": {
							"post": [1.45, -3.88, 0.825],
							"lerp_mode": "catmullrom"
						},
						"0.75": {
							"post": [1.45, -5.69, 0.83],
							"lerp_mode": "catmullrom"
						},
						"1.0": {
							"post": [1.225, -2.3525, 1.035],
							"lerp_mode": "catmullrom"
						},
						"1.25": {
							"post": [-1, -0.5, 1.375],
							"lerp_mode": "catmullrom"
						},
						"1.4167": {
							"post": [-1.88, 1.55, 1.67],
							"lerp_mode": "catmullrom"
						},
						"1.625": {
							"post": [-1.86, 1.07, 1.67],
							"lerp_mode": "catmullrom"
						},
						"1.8333": {
							"post": [-1.905, 1.245, 1.635],
							"lerp_mode": "catmullrom"
						},
						"2.0833": {
							"post": [-1.5175, 1.245, 1.635],
							"lerp_mode": "catmullrom"
						},
						"2.4167": {
							"post": [-1.905, 1.545, 1.635],
							"lerp_mode": "catmullrom"
						},
						"2.625": {
							"post": [0, 0, 0.8],
							"lerp_mode": "catmullrom"
						},
						"2.875": {
							"post": [0, -0.075, -0.3],
							"lerp_mode": "catmullrom"
						},
						"2.9583": {
							"post": [0, 0, 0.15],
							"lerp_mode": "catmullrom"
						},
						"3.125": {
							"post": [0, 0, 0],
							"lerp_mode": "catmullrom"
						}
					}
				},
				"cylinder_group": {
					"rotation": {
						"0.2083": [0, 0, 0],
						"0.2917": [0, 0, 100],
						"2.5": [0, 0, 100],
						"2.5833": [0, 0, 0]
					}
				},
				"cylinder_bullets": {
					"scale": {
						"1.0833": [1, 1, 1],
						"1.125": [0, 0, 0],
						"2.125": [0, 0, 0],
						"2.1667": [1, 1, 1]
					}
				},
				"bullets": {
					"position": {
						"2.125": [0, 0, 0],
						"2.1667": [0, 0, -1]
					}
				},
				"bone2": {
					"rotation": {
						"1.5": [-13.96449, -24.65525, 3.06798],
						"1.625": [4.86217, 5.11301, -8.14629],
						"1.7083": [2.88386, 0.07593, -18.22959],
						"1.8333": [0, 0, 2.025],
						"1.875": [0, 0, -0.81],
						"1.9167": [0, 0, 0.025],
						"2.0": [0, 0, 0.025],
						"2.0417": [0, 0, 0.025]
					},
					"position": {
						"1.25": [-2.2142, -2.2604, 6.74856],
						"1.375": {
							"pre": [-3.77837, -1.02639, 11.55742],
							"post": [-3.77837, -1.02639, 11.55742],
							"lerp_mode": "catmullrom"
						},
						"1.5": {
							"post": [-7.14784, 0.17139, 8.60335],
							"lerp_mode": "catmullrom"
						},
						"1.625": [-7.64, 1.105, 6.21],
						"1.7083": [-7.82034, 0.13125, 2.84],
						"1.75": [-7.82, -0.065, 2.88],
						"1.8333": [-7.82, -0.03, 2.69],
						"1.875": [-7.82034, 0.03125, 2.44],
						"1.9583": [-7.68, 0.01, 2.24],
						"2.0": [-7.68, 0.01, 1],
						"2.0417": [-7.62534, 0.00625, 1],
						"2.2917": [-7.68, 0.01, 1]
					},
					"scale": {
						"0.0": [0, 0, 0],
						"1.125": [0, 0, 0],
						"1.25": [1, 1, 1]
					}
				},
				"righthand": {
					"rotation": {
						"0.0": [94.93393, 4.57237, -174.60633],
						"0.2083": [94.93393, 4.57237, -174.60633],
						"0.3333": {
							"pre": [95.45, 10.01, -168.04],
							"post": [95.45, 10.01, -168.04],
							"lerp_mode": "catmullrom"
						},
						"0.4583": {
							"post": [78.73247, 13.60809, -152.10759],
							"lerp_mode": "catmullrom"
						},
						"0.6667": {
							"post": [106.62396, 49.94866, -67.30203],
							"lerp_mode": "catmullrom"
						},
						"0.75": [125.21984, 62.85804, -44.14133],
						"0.8333": [116.76856, 54.25678, -54.01271],
						"0.875": [114.64277, 50.8771, -56.68846],
						"1.0": [86.22795, 31.02823, -97.28591],
						"1.125": [92.73611, 56.0894, -74.02224],
						"1.25": [110.15497, -9.80362, -121.73407],
						"1.5": {
							"pre": [124.01079, -15.21964, -110.22875],
							"post": [124.01079, -15.21964, -110.22875],
							"lerp_mode": "catmullrom"
						},
						"1.625": [124.99408, -20.75749, -122.33203],
						"1.8333": [132.23205, -14.91232, -116.59075],
						"2.0": [116.59795, -20.99837, -117.2744],
						"2.1667": [116.59795, -20.99837, -117.2744],
						"2.4167": [94.93393, 4.57237, -174.60633]
					},
					"position": {
						"0.0": [-6.5, -16, 4],
						"0.2083": [-6.5, -16, 4],
						"0.3333": {
							"pre": [-7.6, -13.8, 4.6],
							"post": [-7.6, -13.8, 4.6],
							"lerp_mode": "catmullrom"
						},
						"0.4583": {
							"post": [-7.57417, -10.0203, 7.37522],
							"lerp_mode": "catmullrom"
						},
						"0.5417": {
							"post": [-4.56091, -8.31291, -0.96711],
							"lerp_mode": "catmullrom"
						},
						"0.6667": {
							"post": [-4.61146, -13.8733, -5.09634],
							"lerp_mode": "catmullrom"
						},
						"0.75": [-3.22742, -14.16695, -2.88875],
						"0.8333": [-3.22742, -14.16695, -2.88875],
						"0.875": [-3.22742, -14.16695, -2.88875],
						"1.0": [-2.69516, -5.02011, 0.95142],
						"1.125": [-5.24008, -3.20464, 13.10369],
						"1.25": [-6.27311, -14.24745, 14.58322],
						"1.375": {
							"pre": [-7.42837, -16.90139, 16.25742],
							"post": [-7.42837, -16.90139, 16.25742],
							"lerp_mode": "catmullrom"
						},
						"1.5": {
							"post": [-5.89784, -14.40361, 13.00335],
							"lerp_mode": "catmullrom"
						},
						"1.625": [-2.39, -14.37, 10.91],
						"1.7083": [-3.47034, -13.74375, 8.4],
						"1.75": [-3.47, -13.94, 8.65],
						"1.9583": [-3.47034, -13.84375, 8.3],
						"2.0": [-3.48, -13.85, 5.95],
						"2.1667": [-3.48, -13.85, 5.95],
						"2.2917": [-4.49, -15.22, 8.17],
						"2.4167": [-6.5, -16, 4]
					},
					"scale": [1, 1.5, 1]
				},
				"lefthand": {
					"scale": [1, 1.5, 1]
				},
				"camera": {
					"rotation": {
						"0.0": [0, 0, 0],
						"0.0417": [-0.01, 0, 0],
						"0.0833": [-0.01, 0, 0.01],
						"0.125": [0.08, 0, -0.03],
						"0.1667": [0.25, 0.01, -0.1],
						"0.2083": [0.49, 0.02, -0.19],
						"0.25": [1, 0.04, -0.4],
						"0.2917": [1.18, 0.05, -0.47],
						"0.3333": [1.27, 0.05, -0.52],
						"0.375": [1.32, 0.05, -0.55],
						"0.4167": [1.33, 0.05, -0.57],
						"0.4583": [1.32, 0.05, -0.58],
						"0.5": {
							"pre": [1.27, 0.05, -0.63],
							"post": [1.27, 0.05, -0.63],
							"lerp_mode": "catmullrom"
						},
						"0.75": {
							"post": [1.18, 0.05, -0.67],
							"lerp_mode": "catmullrom"
						},
						"0.7917": [0.57, 0.05, -0.01],
						"0.8333": [0.26, 0.05, 0.38],
						"0.875": [0.47, 0.05, -0.06],
						"0.9167": [0.86, 0.06, -0.78],
						"0.9583": [1.05, 0.06, -1.16],
						"1.0": [0.89, 0.07, -0.87],
						"1.0417": [0.71, 0.07, -0.54],
						"1.0833": [0.59, 0.07, -0.35],
						"1.125": {
							"pre": [0.57, 0.07, -0.48],
							"post": [0.57, 0.07, -0.48],
							"lerp_mode": "catmullrom"
						},
						"1.25": {
							"post": [1, 0.07, -0.5],
							"lerp_mode": "catmullrom"
						},
						"1.5417": {
							"post": [-1, 0.07, -0.53],
							"lerp_mode": "catmullrom"
						},
						"1.875": {
							"post": [0.6, 0.07, -0.62],
							"lerp_mode": "catmullrom"
						},
						"1.9167": [0.64, 0.07, -0.71],
						"1.9583": [0.66, 0.07, -0.74],
						"2.0": [0.74, 0.05, -0.71],
						"2.0417": [0.84, 0.05, -0.6],
						"2.0833": [1.27, 0.05, 0.07],
						"2.125": [1.58, 0.05, 0.5],
						"2.1667": [1.05, 0.05, -0.76],
						"2.2083": [0.81, 0.05, -1.25],
						"2.25": [0.84, 0.05, -1.08],
						"2.2917": [0.98, 0.05, -0.61],
						"2.3333": [0.95, 0.04, -0.21],
						"2.375": [0.81, 0.04, -0.26],
						"2.4167": [0.64, 0.03, -0.33],
						"2.4583": [0.48, 0.02, -0.32],
						"2.5": [0.16, 0.01, 0.03],
						"2.5417": [0.01, 0, 0.23],
						"2.5833": [-0.07, 0, 0.33],
						"2.625": [-0.07, 0, 0.2],
						"2.6667": [0.08, 0, -0.22],
						"2.7083": [0.06, 0, -0.18],
						"2.75": [0.01, 0, -0.05],
						"2.7917": [-0.02, 0, 0.05],
						"2.8333": [-0.02, 0, 0.04],
						"2.875": [-0.01, 0, 0.02],
						"2.9167": [0, 0, 0]
					}
				}
			},
			"sound_effects": {
				"0.0": {
					"effect": "wfoly_pi_cpapa_charge_reload_open_cylinder_01"
				},
				"0.0417": {
					"effect": "wfoly_pi_cpapa_charge_reload_arm"
				},
				"0.625": {
					"effect": "wfoly_pi_cpapa_charge_reload_speed_loader_01"
				},
				"0.7917": {
					"effect": "wfoly_pi_cpapa_charge_reload_shelleject_01"
				},
				"1.125": {
					"effect": "wfoly_pi_cpapa_charge_reload_fast_arm"
				},
				"1.5": {
					"effect": "wfoly_pi_cpapa_charge_reload_mvmnt"
				},
				"1.6667": {
					"effect": "wfoly_pi_cpapa_stock_reload_fast_speedloader_01"
				},
				"2.5": {
					"effect": "wfoly_pi_cpapa_stock_reload_cylinderclose_01"
				},
				"2.6667": {
					"effect": "wfoly_pi_cpapa_stock_reload_rattle"
				}
			}
		},
		"inspect_empty": {
			"animation_length": 5.7917,
			"bones": {
				"L": {
					"rotation": {
						"0.0": [111.33068, -370.9504, -185.06009],
						"0.25": [113.34288, -329.67552, -167.7079],
						"5.2083": [113.34288, -329.67552, -167.7079],
						"5.375": [105.5341, -389.98678, -161.53547],
						"5.4583": [111.33068, -370.9504, -185.06009]
					},
					"position": {
						"0.0": [6.975, -16.825, 4.6875],
						"0.25": [15.88, -27.12, 8.69],
						"5.2083": [15.88, -27.12, 8.69],
						"5.375": [8.975, -17.325, 5.4875],
						"5.4583": [6.975, -16.825, 4.6875]
					},
					"scale": [1, 1.5, 1]
				},
				"R2": {
					"rotation": {
						"0.0": {
							"post": [0, 0, 0],
							"lerp_mode": "catmullrom"
						},
						"0.1667": {
							"post": [15.82154, -2.60627, 10.75016],
							"lerp_mode": "catmullrom"
						},
						"0.25": {
							"post": [-29.75797, -3.99024, -6.93945],
							"lerp_mode": "catmullrom"
						},
						"0.4167": {
							"post": [-33.72501, -6.80141, -10.46775],
							"lerp_mode": "catmullrom"
						},
						"0.5": {
							"post": [-31.89502, -11.43418, -15.67902],
							"lerp_mode": "catmullrom"
						},
						"0.5833": {
							"post": [-30.94266, -12.89322, -15.81875],
							"lerp_mode": "catmullrom"
						},
						"0.7917": {
							"post": [-25.99775, -22.52142, -25.82302],
							"lerp_mode": "catmullrom"
						},
						"1.0417": {
							"post": [-26.66229, -23.64621, -27.13419],
							"lerp_mode": "catmullrom"
						},
						"1.5833": {
							"post": [-26.99775, -22.52142, -25.82302],
							"lerp_mode": "catmullrom"
						},
						"1.875": {
							"post": [-27.47961, -20.76992, -22.70305],
							"lerp_mode": "catmullrom"
						},
						"2.0833": {
							"post": [-28.97606, -19.49827, -21.4678],
							"lerp_mode": "catmullrom"
						},
						"2.4583": {
							"post": [-29.11143, -19.22071, -20.33025],
							"lerp_mode": "catmullrom"
						},
						"2.6667": {
							"post": [-25.81617, -8.53906, -7.30326],
							"lerp_mode": "catmullrom"
						},
						"2.8333": {
							"post": [-0.34978, 24.07093, 86.40766],
							"lerp_mode": "catmullrom"
						},
						"2.9583": {
							"post": [4.89118, 8.36539, 78.36024],
							"lerp_mode": "catmullrom"
						},
						"3.125": {
							"post": [-42.57716, 18.94805, 55.8365],
							"lerp_mode": "catmullrom"
						},
						"3.2083": {
							"post": [-32.48043, 9.19734, 50.63627],
							"lerp_mode": "catmullrom"
						},
						"3.2917": {
							"post": [-13.575, 3.68165, 58.49269],
							"lerp_mode": "catmullrom"
						},
						"3.4583": {
							"post": [-4.7081, -0.74625, 45.20692],
							"lerp_mode": "catmullrom"
						},
						"3.5833": {
							"post": [-35.72, -11.263, -30.25942],
							"lerp_mode": "catmullrom"
						},
						"3.7083": {
							"post": [-13.08733, -18.86992, -31.3484],
							"lerp_mode": "catmullrom"
						},
						"3.9167": {
							"post": [-19.77607, -16.01829, -27.5328],
							"lerp_mode": "catmullrom"
						},
						"4.0": {
							"post": [-31.74892, -9.24929, -27.94045],
							"lerp_mode": "catmullrom"
						},
						"4.0833": {
							"post": [-43.61681, 1.71789, -22.22971],
							"lerp_mode": "catmullrom"
						},
						"4.1667": {
							"post": [-44.95377, 1.13657, -23.91025],
							"lerp_mode": "catmullrom"
						},
						"4.2917": {
							"post": [-45.56218, 2.32289, -24.18882],
							"lerp_mode": "catmullrom"
						},
						"4.4167": {
							"post": [-43.64278, 0.33782, -23.67753],
							"lerp_mode": "catmullrom"
						},
						"4.5": {
							"post": [-36.22, -5.61, -17.85],
							"lerp_mode": "catmullrom"
						},
						"4.625": {
							"post": [-4.37272, -14.18812, -7.83273],
							"lerp_mode": "catmullrom"
						},
						"4.8333": {
							"post": [-25.26572, -7.13504, -4.4306],
							"lerp_mode": "catmullrom"
						},
						"4.875": {
							"post": [-26.68783, -4.33467, -1.25666],
							"lerp_mode": "catmullrom"
						},
						"4.9167": {
							"post": [-25.35184, -2.86115, -0.51512],
							"lerp_mode": "catmullrom"
						},
						"5.125": {
							"post": [-25.32035, 0.75437, -2.22683],
							"lerp_mode": "catmullrom"
						},
						"5.2917": {
							"post": [-4.98107, -0.43523, -4.98107],
							"lerp_mode": "catmullrom"
						},
						"5.4167": {
							"post": [0, 0, 0],
							"lerp_mode": "catmullrom"
						}
					},
					"position": {
						"0.0": {
							"post": [0, 0, 0],
							"lerp_mode": "catmullrom"
						},
						"0.125": {
							"post": [-1.24, -3.42, -0.31],
							"lerp_mode": "catmullrom"
						},
						"0.2083": {
							"post": [-2.2875, -0.55, -1.2125],
							"lerp_mode": "catmullrom"
						},
						"0.2917": {
							"post": [-3.3525, 0.875, -2.05],
							"lerp_mode": "catmullrom"
						},
						"0.4167": {
							"post": [-4.35, 0.16, -1.73],
							"lerp_mode": "catmullrom"
						},
						"0.5417": {
							"post": [-5.08, -1.3, -1.38],
							"lerp_mode": "catmullrom"
						},
						"0.7917": {
							"post": [-5.8, 1.14, -1.04],
							"lerp_mode": "catmullrom"
						},
						"1.2083": {
							"post": [-5.84, 0.81, -1.07],
							"lerp_mode": "catmullrom"
						},
						"1.5833": {
							"post": [-5.75, 0.88, -1.1],
							"lerp_mode": "catmullrom"
						},
						"1.9167": {
							"post": [-5.5, 0.705, -0.75],
							"lerp_mode": "catmullrom"
						},
						"2.4583": {
							"post": [-5.86, 0.41, -0.68],
							"lerp_mode": "catmullrom"
						},
						"2.6667": {
							"post": [-7.5, -0.43, -0.68],
							"lerp_mode": "catmullrom"
						},
						"2.875": {
							"post": [-15.75, -6.43, -1.75],
							"lerp_mode": "catmullrom"
						},
						"3.0417": {
							"post": [-6.75, 1.1775, -4.32],
							"lerp_mode": "catmullrom"
						},
						"3.2917": {
							"post": [-5.935, -0.6975, -0.98],
							"lerp_mode": "catmullrom"
						},
						"3.4583": {
							"post": [-6.15, -0.53, -0.05],
							"lerp_mode": "catmullrom"
						},
						"3.6667": {
							"post": [-4.125, 4.67, -0.85],
							"lerp_mode": "catmullrom"
						},
						"3.8333": {
							"post": [-5.8125, 0.97, 0.25],
							"lerp_mode": "catmullrom"
						},
						"3.9583": {
							"post": [-5.58, 0.32, 1.65],
							"lerp_mode": "catmullrom"
						},
						"4.0417": {
							"post": [-5.3125, 2.37, 2.5],
							"lerp_mode": "catmullrom"
						},
						"4.2083": {
							"post": [-5.32, 2.45, 2.64],
							"lerp_mode": "catmullrom"
						},
						"4.375": {
							"post": [-5.3125, 1.97, 2.5],
							"lerp_mode": "catmullrom"
						},
						"4.5": {
							"post": [-4.69, -1.06, 0.75],
							"lerp_mode": "catmullrom"
						},
						"4.5833": {
							"post": [-4.32, -1.74, 0.25],
							"lerp_mode": "catmullrom"
						},
						"4.7083": {
							"post": [-4.39, 0.71, 0.62],
							"lerp_mode": "catmullrom"
						},
						"4.7917": {
							"post": [-4.34, 0.5, 0.75],
							"lerp_mode": "catmullrom"
						},
						"4.9167": {
							"post": [-4.21, 0.685, 0.97],
							"lerp_mode": "catmullrom"
						},
						"5.125": {
							"post": [-4.21, 0.385, 0.97],
							"lerp_mode": "catmullrom"
						},
						"5.2917": {
							"post": [-0.3, -1.3, 0.5],
							"lerp_mode": "catmullrom"
						},
						"5.4167": {
							"post": [0, 0, 0],
							"lerp_mode": "catmullrom"
						}
					}
				},
				"R1": {
					"rotation": [94.93393, 4.57237, -174.60633],
					"position": [-7.5, -14, 4],
					"scale": [1.75, 2, 1.75]
				},
				"root": {
					"rotation": {
						"0.0": {
							"post": [0, 0, 0],
							"lerp_mode": "catmullrom"
						},
						"0.1667": {
							"post": [0.75, -4.81, -2.43],
							"lerp_mode": "catmullrom"
						},
						"5.2083": {
							"post": [0, 0, 0],
							"lerp_mode": "catmullrom"
						},
						"5.4167": {
							"post": [0, 0, 0],
							"lerp_mode": "catmullrom"
						},
						"5.4583": {
							"post": [0.36987, 0.01934, 2.36893],
							"lerp_mode": "catmullrom"
						},
						"5.5417": {
							"post": [0, 0, -0.5],
							"lerp_mode": "catmullrom"
						},
						"5.6667": {
							"post": [0, 0, 0],
							"lerp_mode": "catmullrom"
						}
					},
					"position": {
						"0.0": {
							"post": [0, 0, 0],
							"lerp_mode": "catmullrom"
						},
						"0.2917": {
							"post": [0.73, 0.57, 0.31],
							"lerp_mode": "catmullrom"
						},
						"0.5417": [3.6, 1.2, -2.5],
						"2.5417": [3.6, 1.2, -2.5],
						"3.2083": [2.74, 0.92, -2.61],
						"3.6667": [2.15, 0.73, -4.68],
						"4.5": [2.15, 0.73, -4.68],
						"4.875": {
							"pre": [0, 0, -4.68],
							"post": [0, 0, -4.68],
							"lerp_mode": "catmullrom"
						},
						"5.2083": {
							"post": [0, 0, -4.68],
							"lerp_mode": "catmullrom"
						},
						"5.4583": {
							"post": [0, -0.225, -0.45],
							"lerp_mode": "catmullrom"
						},
						"5.5833": {
							"post": [0, 0, 0],
							"lerp_mode": "catmullrom"
						}
					}
				},
				"colt_python": {
					"rotation": {
						"0.2083": {
							"pre": [0, 0, 0],
							"post": [0, 0, 0],
							"lerp_mode": "catmullrom"
						},
						"0.4167": [-351.21082, -3.84097, -14.51082],
						"0.5": [-369.51761, -3.84055, -14.51047],
						"0.625": [-368.01, -3.84, -14.51],
						"0.8333": [-374.51082, -3.84097, -14.51082],
						"1.5833": [-374.51082, -3.84097, -14.51082],
						"1.9167": [-374.51082, -3.84097, -16.07332],
						"2.75": [-374.51082, -3.84097, -14.51082],
						"2.9583": [-354.51082, -3.84097, -14.51082],
						"3.2083": [-756.4625, 0.16, 14.4275],
						"3.5417": [-756.4625, 0.16, 14.4275],
						"3.75": [-1402.87955, -1.05364, 13.215],
						"4.0": [-1846.12, -2.51, 11.76],
						"4.125": [-1819.94, -2.81, 11.46],
						"4.25": [-1821.96015, -3.11499, 11.15395],
						"4.5": [-1836.04832, -3.84097, 10.42668],
						"4.7083": [-1476.57, -3.84, -14.51],
						"4.7917": [-1447.57, -3.84, -14.51],
						"4.875": [-1455.57, -3.84, -14.51],
						"5.0833": [-1459.57, -3.84, -14.51],
						"5.2917": [-1440, 0, 0]
					},
					"position": {
						"0.0": [0, 0, 0],
						"0.25": [2.4, 1, 1.875],
						"0.5417": [2.4, 1, 1.875],
						"1.5833": [2.4, 1, 1.875],
						"1.9167": [2.4, 1, 1.875],
						"2.5": [2.4, 1, 1.875],
						"2.9583": [2.4, 1, 1.875],
						"3.7083": [1.93, 1, 0.67],
						"3.875": [2.47, 1, 0.56],
						"4.0833": [2.63, 0.68, 0.39],
						"4.5": [2.63, 0.68, 0.39],
						"4.75": [1.935, 1.2025, 0.06],
						"5.0833": [1.935, 1.2025, 0.06],
						"5.2917": [0, 0, 0]
					}
				},
				"bone2": {
					"scale": 0
				},
				"righthand": {
					"rotation": [94.93393, 4.57237, -174.60633],
					"position": [-6.5, -16, 4],
					"scale": [1, 1.5, 1]
				},
				"gun_and_righthand": {
					"rotation": {
						"0.0": {
							"post": [0, 0, 0],
							"lerp_mode": "catmullrom"
						},
						"0.1667": {
							"post": [15.82154, -2.60627, 10.75016],
							"lerp_mode": "catmullrom"
						},
						"0.25": {
							"post": [-29.75797, -3.99024, -6.93945],
							"lerp_mode": "catmullrom"
						},
						"0.4167": {
							"post": [-33.72501, -6.80141, -10.46775],
							"lerp_mode": "catmullrom"
						},
						"0.5": {
							"post": [-31.89502, -11.43418, -15.67902],
							"lerp_mode": "catmullrom"
						},
						"0.5833": {
							"post": [-30.94266, -12.89322, -15.81875],
							"lerp_mode": "catmullrom"
						},
						"0.7917": {
							"post": [-25.99775, -22.52142, -25.82302],
							"lerp_mode": "catmullrom"
						},
						"1.0417": {
							"post": [-26.66229, -23.64621, -27.13419],
							"lerp_mode": "catmullrom"
						},
						"1.5833": {
							"post": [-26.99775, -22.52142, -25.82302],
							"lerp_mode": "catmullrom"
						},
						"1.875": {
							"post": [-27.47961, -20.76992, -22.70305],
							"lerp_mode": "catmullrom"
						},
						"2.0833": {
							"post": [-28.97606, -19.49827, -21.4678],
							"lerp_mode": "catmullrom"
						},
						"2.4583": {
							"post": [-29.11143, -19.22071, -20.33025],
							"lerp_mode": "catmullrom"
						},
						"2.6667": {
							"post": [-25.81617, -8.53906, -7.30326],
							"lerp_mode": "catmullrom"
						},
						"2.8333": {
							"post": [-0.34978, 24.07093, 86.40766],
							"lerp_mode": "catmullrom"
						},
						"2.9583": {
							"post": [4.89118, 8.36539, 78.36024],
							"lerp_mode": "catmullrom"
						},
						"3.125": {
							"post": [-42.57716, 18.94805, 55.8365],
							"lerp_mode": "catmullrom"
						},
						"3.2083": {
							"post": [-32.48043, 9.19734, 50.63627],
							"lerp_mode": "catmullrom"
						},
						"3.2917": {
							"post": [-13.575, 3.68165, 58.49269],
							"lerp_mode": "catmullrom"
						},
						"3.4583": {
							"post": [-4.7081, -0.74625, 45.20692],
							"lerp_mode": "catmullrom"
						},
						"3.5833": {
							"post": [-35.72, -11.263, -30.25942],
							"lerp_mode": "catmullrom"
						},
						"3.7083": {
							"post": [-13.08733, -18.86992, -31.3484],
							"lerp_mode": "catmullrom"
						},
						"3.9167": {
							"post": [-19.77607, -16.01829, -27.5328],
							"lerp_mode": "catmullrom"
						},
						"4.0": {
							"post": [-31.74892, -9.24929, -27.94045],
							"lerp_mode": "catmullrom"
						},
						"4.0833": {
							"post": [-43.61681, 1.71789, -22.22971],
							"lerp_mode": "catmullrom"
						},
						"4.1667": {
							"post": [-44.95377, 1.13657, -23.91025],
							"lerp_mode": "catmullrom"
						},
						"4.2917": {
							"post": [-45.56218, 2.32289, -24.18882],
							"lerp_mode": "catmullrom"
						},
						"4.4167": {
							"post": [-43.64278, 0.33782, -23.67753],
							"lerp_mode": "catmullrom"
						},
						"4.5": {
							"post": [-36.22, -5.61, -17.85],
							"lerp_mode": "catmullrom"
						},
						"4.625": {
							"post": [-4.37272, -14.18812, -7.83273],
							"lerp_mode": "catmullrom"
						},
						"4.8333": {
							"post": [-25.26572, -7.13504, -4.4306],
							"lerp_mode": "catmullrom"
						},
						"4.875": {
							"post": [-26.68783, -4.33467, -1.25666],
							"lerp_mode": "catmullrom"
						},
						"4.9167": {
							"post": [-25.35184, -2.86115, -0.51512],
							"lerp_mode": "catmullrom"
						},
						"5.125": {
							"post": [-25.32035, 0.75437, -2.22683],
							"lerp_mode": "catmullrom"
						},
						"5.2917": {
							"post": [-4.98107, -0.43523, -4.98107],
							"lerp_mode": "catmullrom"
						},
						"5.4167": {
							"post": [0, 0, 0],
							"lerp_mode": "catmullrom"
						}
					},
					"position": {
						"0.0": {
							"post": [0, 0, 0],
							"lerp_mode": "catmullrom"
						},
						"0.125": {
							"post": [-1.24, -3.42, -0.31],
							"lerp_mode": "catmullrom"
						},
						"0.2083": {
							"post": [-2.2875, -0.55, -1.2125],
							"lerp_mode": "catmullrom"
						},
						"0.2917": {
							"post": [-3.3525, 0.875, -2.05],
							"lerp_mode": "catmullrom"
						},
						"0.4167": {
							"post": [-4.35, 0.16, -1.73],
							"lerp_mode": "catmullrom"
						},
						"0.5417": {
							"post": [-5.08, -1.3, -1.38],
							"lerp_mode": "catmullrom"
						},
						"0.7917": {
							"post": [-5.8, 1.14, -1.04],
							"lerp_mode": "catmullrom"
						},
						"1.2083": {
							"post": [-5.84, 0.81, -1.07],
							"lerp_mode": "catmullrom"
						},
						"1.5833": {
							"post": [-5.75, 0.88, -1.1],
							"lerp_mode": "catmullrom"
						},
						"1.9167": {
							"post": [-5.5, 0.705, -0.75],
							"lerp_mode": "catmullrom"
						},
						"2.4583": {
							"post": [-5.86, 0.41, -0.68],
							"lerp_mode": "catmullrom"
						},
						"2.6667": {
							"post": [-7.5, -0.43, -0.68],
							"lerp_mode": "catmullrom"
						},
						"2.875": {
							"post": [-15.75, -6.43, -1.75],
							"lerp_mode": "catmullrom"
						},
						"3.0417": {
							"post": [-6.75, 1.1775, -4.32],
							"lerp_mode": "catmullrom"
						},
						"3.2917": {
							"post": [-5.935, -0.6975, -0.98],
							"lerp_mode": "catmullrom"
						},
						"3.4583": {
							"post": [-6.15, -0.53, -0.05],
							"lerp_mode": "catmullrom"
						},
						"3.6667": {
							"post": [-4.125, 4.67, -0.85],
							"lerp_mode": "catmullrom"
						},
						"3.8333": {
							"post": [-5.8125, 0.97, 0.25],
							"lerp_mode": "catmullrom"
						},
						"3.9583": {
							"post": [-5.58, 0.32, 1.65],
							"lerp_mode": "catmullrom"
						},
						"4.0417": {
							"post": [-5.3125, 2.37, 2.5],
							"lerp_mode": "catmullrom"
						},
						"4.2083": {
							"post": [-5.32, 2.45, 2.64],
							"lerp_mode": "catmullrom"
						},
						"4.375": {
							"post": [-5.3125, 1.97, 2.5],
							"lerp_mode": "catmullrom"
						},
						"4.5": {
							"post": [-4.69, -1.06, 0.75],
							"lerp_mode": "catmullrom"
						},
						"4.5833": {
							"post": [-4.32, -1.74, 0.25],
							"lerp_mode": "catmullrom"
						},
						"4.7083": {
							"post": [-4.39, 0.71, 0.62],
							"lerp_mode": "catmullrom"
						},
						"4.7917": {
							"post": [-4.34, 0.5, 0.75],
							"lerp_mode": "catmullrom"
						},
						"4.9167": {
							"post": [-4.21, 0.685, 0.97],
							"lerp_mode": "catmullrom"
						},
						"5.125": {
							"post": [-4.21, 0.385, 0.97],
							"lerp_mode": "catmullrom"
						},
						"5.2917": {
							"post": [-0.3, -1.3, 0.5],
							"lerp_mode": "catmullrom"
						},
						"5.4167": {
							"post": [0, 0, 0],
							"lerp_mode": "catmullrom"
						}
					}
				},
				"camera": {
					"rotation": {
						"0.0": [0, 0, 0],
						"0.0417": [-0.01, 0, -0.04],
						"0.0833": [-0.01, -0.01, -0.17],
						"0.125": [0.08, 0, -0.22],
						"0.1667": [0.19, 0.01, -0.26],
						"0.2083": [0.37, 0.03, -0.31],
						"0.25": [0.75, 0.07, -0.39],
						"0.2917": [0.91, 0.09, -0.4],
						"0.3333": [1, 0.1, -0.37],
						"0.375": [0.95, 0.11, -0.16],
						"0.4167": [0.67, 0.13, 0.25],
						"0.4583": [0.76, 0.14, 0.06],
						"0.5": [0.92, 0.16, -0.29],
						"0.5417": [1.09, 0.18, -0.63],
						"0.5833": [1.26, 0.23, -0.78],
						"0.625": [1.26, 0.26, -0.6],
						"0.6667": [1.26, 0.29, -0.38],
						"0.7083": [1.3, 0.32, -0.22],
						"0.75": [1.59, 0.4, -0.1],
						"0.7917": [1.74, 0.43, -0.09],
						"0.8333": [1.8, 0.45, -0.15],
						"0.875": [1.77, 0.45, -0.28],
						"0.9167": [1.56, 0.41, -0.7],
						"0.9583": [1.42, 0.39, -0.89],
						"1.0": [1.27, 0.37, -1],
						"1.0417": [1.02, 0.35, -0.98],
						"1.0833": [0.44, 0.31, -0.72],
						"1.125": [0.31, 0.3, -0.7],
						"1.1667": [0.33, 0.3, -0.77],
						"1.2083": [0.42, 0.29, -0.88],
						"1.25": [0.7, 0.3, -1.17],
						"1.2917": [0.85, 0.3, -1.32],
						"1.3333": [0.97, 0.3, -1.44],
						"1.375": [1.05, 0.3, -1.52],
						"1.4167": [1.04, 0.3, -1.6],
						"1.4583": [0.98, 0.3, -1.59],
						"1.5": {
							"pre": [0.92, 0.3, -1.56],
							"post": [0.92, 0.3, -1.56],
							"lerp_mode": "catmullrom"
						},
						"1.625": {
							"post": [0.77, 0.3, -1.54],
							"lerp_mode": "catmullrom"
						},
						"1.7917": {
							"post": [0.93, 0.3, -1.49],
							"lerp_mode": "catmullrom"
						},
						"1.8333": [0.97, 0.3, -1.29],
						"1.875": [1.01, 0.3, -1.16],
						"1.9167": [1.07, 0.3, -1.21],
						"1.9583": [1.11, 0.3, -1.28],
						"2.0": [1.16, 0.28, -1.27],
						"2.0417": [1.19, 0.25, -1.24],
						"2.0833": [1.28, 0.19, -1.1],
						"2.125": [1.33, 0.16, -1.02],
						"2.1667": [1.38, 0.12, -0.93],
						"2.2083": [1.42, 0.09, -0.85],
						"2.25": [1.49, 0.05, -0.72],
						"2.2917": [1.49, 0.04, -0.69],
						"2.3333": {
							"pre": [1.46, 0.05, -0.7],
							"post": [1.46, 0.05, -0.7],
							"lerp_mode": "catmullrom"
						},
						"2.5417": {
							"post": [1.64, 0.05, -0.81],
							"lerp_mode": "catmullrom"
						},
						"2.75": {
							"post": [1.43, 0.06, -0.71],
							"lerp_mode": "catmullrom"
						},
						"2.7917": [1.45, 0.08, -0.6],
						"2.8333": [1.7, 0.09, -0.15],
						"2.875": [2.03, 0.09, 0.43],
						"2.9167": [2.15, 0.03, 0.65],
						"2.9583": [1.55, -0.12, -0.32],
						"3.0": [1.16, -0.27, -0.95],
						"3.0417": [0.94, -0.55, -1.3],
						"3.0833": [0.97, -0.92, -1.25],
						"3.125": [1.34, -1.97, -0.68],
						"3.1667": [1.53, -2.47, -0.37],
						"3.2083": [1.62, -2.86, -0.2],
						"3.25": [1.59, -3.09, -0.18],
						"3.2917": [1.39, -3.41, -0.31],
						"3.3333": [1.26, -3.51, -0.42],
						"3.375": [1.16, -3.57, -0.52],
						"3.4167": [1.11, -3.6, -0.6],
						"3.4583": [1.11, -3.6, -0.67],
						"3.5": {
							"pre": [1.13, -3.58, -0.71],
							"post": [1.13, -3.58, -0.71],
							"lerp_mode": "catmullrom"
						},
						"3.5417": {
							"post": [1.43, -3.44, -0.71],
							"lerp_mode": "catmullrom"
						},
						"3.5833": {
							"post": [1.45, -3.22, -0.6],
							"lerp_mode": "catmullrom"
						},
						"3.625": {
							"post": [1.7, -2.91, -0.15],
							"lerp_mode": "catmullrom"
						},
						"3.6667": {
							"post": [2.03, -2.91, 0.43],
							"lerp_mode": "catmullrom"
						},
						"3.7083": {
							"post": [2.15, -2.97, 0.65],
							"lerp_mode": "catmullrom"
						},
						"3.75": {
							"post": [1.55, -2.82, -0.32],
							"lerp_mode": "catmullrom"
						},
						"3.7917": {
							"post": [1.16, -2.87, -0.95],
							"lerp_mode": "catmullrom"
						},
						"3.8333": {
							"post": [0.94, -2.75, -1.3],
							"lerp_mode": "catmullrom"
						},
						"3.875": {
							"post": [0.97, -2.42, -1.25],
							"lerp_mode": "catmullrom"
						},
						"3.9167": [1.34, -2.47, -0.68],
						"3.9583": [1.53, -2.47, -0.37],
						"4.0": [1.62, -2.86, -0.2],
						"4.0417": [1.59, -3.09, -0.18],
						"4.0833": [1.39, -3.41, -0.31],
						"4.125": [1.26, -3.51, -0.42],
						"4.1667": [1.16, -3.57, -0.52],
						"4.2083": [1.11, -3.6, -0.6],
						"4.25": [1.11, -3.6, -0.67],
						"4.2917": [1.13, -3.58, -0.71],
						"4.3333": [1.16, -3.55, -0.75],
						"4.375": [1.19, -3.51, -0.78],
						"4.4167": [1.27, -3.38, -0.84],
						"4.4583": [1.3, -3.3, -0.87],
						"4.5": [1.33, -3.19, -0.89],
						"4.625": {
							"pre": [1.43, -3.44, -0.71],
							"post": [1.43, -3.44, -0.71],
							"lerp_mode": "catmullrom"
						},
						"4.6667": {
							"post": [1.45, -3.22, -0.6],
							"lerp_mode": "catmullrom"
						},
						"4.7083": {
							"post": [1.7, -2.91, -0.15],
							"lerp_mode": "catmullrom"
						},
						"4.75": {
							"post": [2.03, -2.31, 0.43],
							"lerp_mode": "catmullrom"
						},
						"4.7917": {
							"post": [2.15, -1.97, 0.65],
							"lerp_mode": "catmullrom"
						},
						"4.8333": {
							"post": [1.55, -1.42, -0.32],
							"lerp_mode": "catmullrom"
						},
						"4.875": {
							"post": [1.16, -0.97, -0.95],
							"lerp_mode": "catmullrom"
						},
						"4.9167": {
							"post": [0.94, -0.45, -1.3],
							"lerp_mode": "catmullrom"
						},
						"4.9583": [1.34, -0.09, -0.07],
						"5.0": [1.47, -0.08, -0.42],
						"5.0417": [1.1, -0.05, -0.67],
						"5.0833": [0.67, -0.02, -0.42],
						"5.125": [0.35, 0, -0.22],
						"5.1667": [0.27, 0, -0.17],
						"5.2083": [0.33, 0, -0.14],
						"5.25": [0.34, 0, -0.1],
						"5.2917": [0.28, 0, -0.01],
						"5.3333": [0.19, 0, 0.12],
						"5.375": [0.05, 0, 0.28],
						"5.4167": [0.04, 0, 0.17],
						"5.4583": [0.07, 0, -0.03],
						"5.5": [0.08, 0, -0.15],
						"5.5417": [-0.02, 0, 0.02],
						"5.5833": [-0.05, 0, 0.1],
						"5.625": [-0.05, 0, 0.1],
						"5.6667": [-0.03, 0, 0.07],
						"5.7083": [0, 0, 0]
					}
				}
			},
			"sound_effects": {
				"0.0": {
					"effect": "p25_pi_decho_akimbo_l_inspect_rattle"
				},
				"0.1667": {
					"effect": "p25_pi_decho_akimbo_r_inspect_rotate"
				},
				"2.5417": {
					"effect": "p25_pi_decho_akimbo_r_reload_empty_rattle"
				},
				"2.7917": {
					"effect": "p25_pi_decho_akimbo_r_inspect_end"
				},
				"2.9583": {
					"effect": "p25_pi_decho_akimbo_l_drop_quick_rattle"
				},
				"3.5": {
					"effect": "p25_pi_decho_inspect_empty_rotate2"
				},
				"3.625": {
					"effect": "p25_pi_decho_reload_end"
				},
				"3.7917": {
					"effect": "p25_pi_decho_inspect_empty_slidecheck2"
				},
				"4.4583": {
					"effect": "p25_pi_decho_akimbo_r_drop_quick_rattle"
				},
				"4.7083": {
					"effect": "p25_pi_decho_akimbo_r_inspect_rattle"
				},
				"5.2083": {
					"effect": "p25_pi_decho_akimbo_r_reload_raise"
				}
			}
		},
		"static_bolt_caught": {
			"loop": true,
			"bones": {
				"R2": {
					"rotation": [0, 0, 0],
					"position": [0, 0, 0]
				},
				"R1": {
					"rotation": [94.93393, 4.57237, -174.60633],
					"position": [-7.5, -14, 4],
					"scale": [1.75, 2, 1.75]
				},
				"gun_and_righthand": {
					"rotation": [0, 0, 0],
					"position": [0, 0, 0]
				},
				"bone2": {
					"position": [0, 0, 54]
				}
			}
		}
	}
}