{
	"format_version": "1.8.0",
	"animations": {
		"static_idle": {
			"loop": true,
			"bones": {
				"lefthand": {
					"rotation": [107.69108, -32.75736, -156.00452],
					"position": [6.5, -16.6, -7.4],
					"scale": [1, 1.5, 1]
				},
				"righthand": {
					"rotation": [89.49998, -0.49998, -179.99563],
					"position": [-6.85, -16.775, 3.175],
					"scale": [1, 1.5, 1]
				}
			}
		},
		"shoot": {
			"animation_length": 1.125,
			"bones": {
				"camera": {
					"rotation": {
						"0.0": [0, 0, 0],
						"0.0417": [0, 0, 0.65],
						"0.0833": [0, 0, 0.41],
						"0.125": [0, 0, -0.185],
						"0.1667": [0, 0, 0.2],
						"0.2083": [0, 0, 0]
					}
				},
				"constraint": {
					"position": [0, 0, -5]
				},
				"root": {
					"rotation": {
						"0.0": [0, 0, 0],
						"0.0417": [-0.586, 0.022, -0.92],
						"0.0833": [-0.273, 0.009, 0.812],
						"0.125": [-0.014, 0.047, 1.048],
						"0.1667": [0.228, 0.118, 0.927],
						"0.2083": [0.343, 0.179, 0.353],
						"0.25": [0.339, 0.226, -0.463],
						"0.2917": [0.129, 0.177, -0.515],
						"0.3333": [-0.064, 0.105, -0.246],
						"0.375": [-0.257, 0.034, 0.024],
						"0.4167": [-0.162, -0.071, 0.343],
						"0.4583": [-0.098, -0.04, 0.194],
						"0.5": [-0.034, -0.008, 0.045],
						"0.5417": [0.03, 0.024, -0.104],
						"0.5833": [0.078, 0.045, -0.164],
						"0.625": [0.062, 0.034, -0.075],
						"0.6667": [0.047, 0.023, 0.015],
						"0.7083": [0.031, 0.011, 0.104],
						"0.75": [0.022, 0.01, 0.058],
						"0.7917": [0.013, 0.009, 0.011],
						"0.9167": [0.003, 0.005, -0.103],
						"1.0": [0.002, 0.004, -0.077],
						"1.125": [0, 0, 0]
					},
					"position": {
						"0.0": [0, 0, 0],
						"0.0417": [0.002, 0.029, 1.064],
						"0.0833": [0.012, 0.082, 0.258],
						"0.125": [0, 0.036, 0.272],
						"0.1667": [-0.003, -0.014, 0.11],
						"0.2083": [-0.014, -0.034, 0.084],
						"0.25": [-0.009, -0.03, 0.051],
						"0.2917": [0.001, -0.014, 0.042],
						"0.3333": [0.003, 0.004, 0.034],
						"0.375": [0.016, -0.009, 0.043],
						"0.4167": [0.048, 0.015, 0.069],
						"0.4583": [0.039, 0.012, 0.057],
						"0.5": [0.03, 0.01, 0.045],
						"0.5417": [0.022, 0.007, 0.034],
						"0.5833": [-0.003, -0.006, 0.009],
						"0.625": [-0.005, -0.007, 0.007],
						"0.6667": [-0.007, -0.007, 0.006],
						"0.7083": [-0.01, -0.007, 0.005],
						"0.75": [-0.008, -0.008, 0.005],
						"0.7917": [-0.007, -0.008, 0.004],
						"0.9167": [-0.003, -0.009, 0.003],
						"1.0": [-0.003, -0.008, 0.003],
						"1.125": [0, 0, 0]
					}
				},
				"trigger": {
					"position": {
						"0.0": [0, 0, 0],
						"0.0417": [0, 0, 0.2],
						"0.0833": [0, 0, 0]
					}
				},
				"bolt": {
					"position": {
						"0.0": [0, 0, 0],
						"0.0417": [0, 0, 3],
						"0.0833": [0, 0, 0]
					}
				}
			}
		},
		"static_bolt_caught": {
			"loop": true,
			"bones": {
				"bolt": {
					"position": [0, 0, 3]
				}
			}
		},
		"draw": {
			"animation_length": 0.75,
			"bones": {
				"root": {
					"rotation": {
						"0.0": {
							"post": [0.811, -32.64455, 33.95463],
							"lerp_mode": "catmullrom"
						},
						"0.0833": {
							"post": [5.88301, -29.75023, 5.08656],
							"lerp_mode": "catmullrom"
						},
						"0.25": {
							"post": [0.28514, -4.44535, -0.52252],
							"lerp_mode": "catmullrom"
						},
						"0.375": {
							"post": [-0.8526, -0.39013, -4.13439],
							"lerp_mode": "catmullrom"
						},
						"0.4167": {
							"post": [-0.01, -0.435, -0.76],
							"lerp_mode": "catmullrom"
						},
						"0.5": {
							"post": [1.01337, -0.38036, -1.29904],
							"lerp_mode": "catmullrom"
						},
						"0.625": {
							"post": [0, 0.25, -1.25],
							"lerp_mode": "catmullrom"
						},
						"0.75": {
							"post": [0, 0, 0],
							"lerp_mode": "catmullrom"
						}
					},
					"position": {
						"0.0": {
							"post": [-3.18, -5.58, 13.525],
							"lerp_mode": "catmullrom"
						},
						"0.0833": {
							"post": [-0.9, -2.45, 2.7],
							"lerp_mode": "catmullrom"
						},
						"0.25": {
							"post": [-0.25, -0.9425, -1.14],
							"lerp_mode": "catmullrom"
						},
						"0.2917": {
							"post": [-0.03, -0.3025, -0.8],
							"lerp_mode": "catmullrom"
						},
						"0.4167": {
							"post": [-0.03, -0.1475, -0.145],
							"lerp_mode": "catmullrom"
						},
						"0.5": {
							"post": [-0.01, -0.2, 0.065],
							"lerp_mode": "catmullrom"
						},
						"0.5833": {
							"post": [0, -0.08125, 0],
							"lerp_mode": "catmullrom"
						},
						"0.75": {
							"post": [0, 0, 0],
							"lerp_mode": "catmullrom"
						}
					}
				},
				"lefthand": {
					"rotation": {
						"0.0": [69.98299, -8.73294, -148.53469],
						"0.3333": [107.69108, -32.75736, -156.00452]
					},
					"position": {
						"0.0": [12.2, -15.9, -8.2],
						"0.3333": [6.5, -16.6, -7.4]
					},
					"scale": [1, 1.5, 1]
				},
				"righthand": {
					"rotation": [89.49998, -0.49998, -179.99563],
					"position": [-6.85, -16.775, 3.175],
					"scale": [1, 1.5, 1]
				},
				"camera": {
					"rotation": {
						"0.0": {
							"post": [0, 0, 0],
							"lerp_mode": "catmullrom"
						},
						"0.1667": {
							"post": [0.45, -0.175, 0.6],
							"lerp_mode": "catmullrom"
						},
						"0.4167": {
							"post": [-0.1, 0.05, -0.175],
							"lerp_mode": "catmullrom"
						},
						"0.5": {
							"post": [0.05, 0, 0.05],
							"lerp_mode": "catmullrom"
						},
						"0.6667": {
							"post": [0, 0, 0],
							"lerp_mode": "catmullrom"
						}
					}
				}
			}
		},
		"put_away": {
			"animation_length": 0.4583,
			"bones": {
				"root": {
					"rotation": {
						"0.0": {
							"post": [0, 0, 0],
							"lerp_mode": "catmullrom"
						},
						"0.0833": {
							"post": [-0.51171, -3.6801, -4.19401],
							"lerp_mode": "catmullrom"
						},
						"0.1667": {
							"post": [4.36882, -11.73179, -10.29382],
							"lerp_mode": "catmullrom"
						},
						"0.25": {
							"post": [11.60471, -21.56305, -3.66288],
							"lerp_mode": "catmullrom"
						},
						"0.3333": {
							"post": [16.97, -33.62, 3.38],
							"lerp_mode": "catmullrom"
						},
						"0.4167": {
							"post": [44.73, -44.04, -3.09],
							"lerp_mode": "catmullrom"
						}
					},
					"position": {
						"0.0": {
							"post": [0, 0, 0],
							"lerp_mode": "catmullrom"
						},
						"0.0833": {
							"post": [0, -0.49, -0.02],
							"lerp_mode": "catmullrom"
						},
						"0.1667": {
							"post": [-0.52, -1.47, -0.56],
							"lerp_mode": "catmullrom"
						},
						"0.25": {
							"post": [-0.36, -2.92, -0.84],
							"lerp_mode": "catmullrom"
						},
						"0.3333": {
							"post": [0.13, -5.86, -0.16],
							"lerp_mode": "catmullrom"
						},
						"0.4167": {
							"post": [1.72, -10.68, 1.16],
							"lerp_mode": "catmullrom"
						}
					}
				},
				"lefthand": {
					"rotation": {
						"0.0": [107.69108, -32.75736, -156.00452],
						"0.0833": [114.23028, -51.49073, -165.60854],
						"0.1667": [144.20977, -13.85704, -215.90833]
					},
					"position": {
						"0.0": [6.5, -16.6, -7.4],
						"0.0833": [10.2, -12.9, -6.2],
						"0.1667": [7.2, -10.9, -5.2]
					},
					"scale": [1, 1.5, 1]
				},
				"righthand": {
					"rotation": [89.49998, -0.49998, -179.99563],
					"position": [-6.85, -16.775, 3.175],
					"scale": [1, 1.5, 1]
				},
				"camera": {
					"rotation": {
						"0.0": {
							"post": [0, 0, 0],
							"lerp_mode": "catmullrom"
						},
						"0.125": {
							"post": [0.35, 0.025, -0.225],
							"lerp_mode": "catmullrom"
						},
						"0.2917": {
							"post": [0.1, 0.025, 0.075],
							"lerp_mode": "catmullrom"
						},
						"0.4167": {
							"post": [0, 0, 0],
							"lerp_mode": "catmullrom"
						}
					}
				}
			}
		},
		"reload_tactical": {
			"animation_length": 3.4333,
			"bones": {
				"lefthand": {
					"rotation": {
						"0.0": [107.69108, -32.75736, -156.00452],
						"0.2667": {
							"pre": [159.6679, 0.82508, -244.66064],
							"post": [159.6679, 0.82508, -244.66064],
							"lerp_mode": "catmullrom"
						},
						"0.4": {
							"post": [159.67, 0.83, -244.66],
							"lerp_mode": "catmullrom"
						},
						"0.5667": {
							"post": [154.47682, -36.26968, -228.5793],
							"lerp_mode": "catmullrom"
						},
						"0.7": {
							"post": [154.48, -36.27, -228.58],
							"lerp_mode": "catmullrom"
						},
						"0.9": {
							"post": [164.26478, -28.04751, -224.98092],
							"lerp_mode": "catmullrom"
						},
						"2.0333": {
							"post": [164.26, -28.05, -244.78],
							"lerp_mode": "catmullrom"
						},
						"2.2": {
							"post": [164.26, -28.05, -244.78],
							"lerp_mode": "catmullrom"
						},
						"2.2667": [135.72492, -13.13967, -207.78916],
						"2.4": [135.72, -13.14, -207.79],
						"2.5667": {
							"pre": [135.72, -13.14, -207.79],
							"post": [135.72, -13.14, -207.79],
							"lerp_mode": "catmullrom"
						},
						"2.8333": {
							"post": [164.26, -28.05, -244.78],
							"lerp_mode": "catmullrom"
						},
						"3.0": {
							"post": [159.6679, 0.82508, -244.66064],
							"lerp_mode": "catmullrom"
						},
						"3.2": [107.69108, -32.75736, -156.00452]
					},
					"position": {
						"0.0": [6.5, -16.6, -7.4],
						"0.2667": {
							"pre": [6.5, -9.6, 2.6],
							"post": [6.5, -9.6, 2.6],
							"lerp_mode": "catmullrom"
						},
						"0.4": {
							"post": [6.5, -9.6, 2.6],
							"lerp_mode": "catmullrom"
						},
						"0.5667": {
							"post": [6.5, -2.6, -4.4],
							"lerp_mode": "catmullrom"
						},
						"0.7": {
							"post": [6.5, -2.6, -4.4],
							"lerp_mode": "catmullrom"
						},
						"0.8": {
							"post": [8.5, -12.6, -2.4],
							"lerp_mode": "catmullrom"
						},
						"0.9": {
							"post": [6.5, -11.6, -0.4],
							"lerp_mode": "catmullrom"
						},
						"2.4": [6.5, -11.6, -0.4],
						"2.5667": {
							"pre": [6.5, -11.6, -0.4],
							"post": [6.5, -11.6, -0.4],
							"lerp_mode": "catmullrom"
						},
						"2.8333": {
							"post": [6.5, -1.6, -3.4],
							"lerp_mode": "catmullrom"
						},
						"3.0": {
							"post": [6.5, -9.6, 2.6],
							"lerp_mode": "catmullrom"
						},
						"3.2": [6.5, -16.6, -7.4]
					},
					"scale": {
						"0.0": [1, 1.5, 1],
						"3.2": [1, 1.5, 1]
					}
				},
				"righthand": {
					"rotation": [89.49998, -0.49998, -179.99563],
					"position": [-6.85, -16.775, 3.175],
					"scale": [1, 1.5, 1]
				},
				"root": {
					"rotation": {
						"0.0": [0, 0, 0],
						"0.1": {
							"pre": [0.1, -3.08, -0.2],
							"post": [0.1, -3.08, -0.2],
							"lerp_mode": "catmullrom"
						},
						"0.2333": {
							"post": [0, -7.5, 0],
							"lerp_mode": "catmullrom"
						},
						"0.3333": {
							"post": [0, -7.5, 0],
							"lerp_mode": "catmullrom"
						},
						"0.4": {
							"post": [3, -7.5, 0],
							"lerp_mode": "catmullrom"
						},
						"0.5": {
							"post": [-5.53, -7.5, 0],
							"lerp_mode": "catmullrom"
						},
						"0.6333": {
							"post": [-1.92, -7.39, -0.07],
							"lerp_mode": "catmullrom"
						},
						"0.8667": {
							"post": [-1.85, -7.2, -0.16],
							"lerp_mode": "catmullrom"
						},
						"1.0667": {
							"post": [-2.22, -7.36, 0.13],
							"lerp_mode": "catmullrom"
						},
						"1.2333": {
							"post": [-1.57, -7.5, 7.35],
							"lerp_mode": "catmullrom"
						},
						"1.3667": {
							"post": [-1.81, -7.55, 4.65],
							"lerp_mode": "catmullrom"
						},
						"1.5": {
							"post": [-1.54, -7.57, 5.84],
							"lerp_mode": "catmullrom"
						},
						"1.7333": {
							"post": [7.93, -7.6, 6.48],
							"lerp_mode": "catmullrom"
						},
						"2.0333": {
							"post": [8.49, -7.46, 5.98],
							"lerp_mode": "catmullrom"
						},
						"2.2333": {
							"post": [8.47, -7.5, 5],
							"lerp_mode": "catmullrom"
						},
						"2.3333": {
							"post": [7.97016, -8.5, -2.04326],
							"lerp_mode": "catmullrom"
						},
						"2.4333": {
							"post": [8, -7, 1.7],
							"lerp_mode": "catmullrom"
						},
						"2.5": {
							"post": [8.04, -6.71, -1.26],
							"lerp_mode": "catmullrom"
						},
						"2.6": {
							"post": [8.13, -6.3, 0.05],
							"lerp_mode": "catmullrom"
						},
						"2.8": {
							"post": [-0.05, -5.2, 0.1],
							"lerp_mode": "catmullrom"
						},
						"2.9667": {
							"post": [0, -4.5, 0],
							"lerp_mode": "catmullrom"
						},
						"3.0": {
							"post": [-5, -5.57, 0],
							"lerp_mode": "catmullrom"
						},
						"3.1333": {
							"post": [0, -2, 0],
							"lerp_mode": "catmullrom"
						},
						"3.2": [0, 0, 0]
					},
					"position": {
						"0.0": [0, 0, 0],
						"0.2333": [0, -3, 0],
						"1.4333": [0, -3, 0],
						"1.7333": {
							"pre": [0, -3, 2],
							"post": [0, -3, 2],
							"lerp_mode": "catmullrom"
						},
						"2.5667": {
							"post": [0, -3, 2],
							"lerp_mode": "catmullrom"
						},
						"2.9667": [0, -3, 0],
						"3.0": [0, -3.3, 0],
						"3.0333": [0, -3, 0],
						"3.2667": [0, 0, 0]
					}
				},
				"gun_and_righthand": {
					"rotation": {
						"0.0": [0, 0, 0],
						"0.2333": [15, 0, 0],
						"1.0": [15, 0, 0],
						"1.1": {
							"pre": [14.78217, -2.57594, 9.6658],
							"post": [14.78217, -2.57594, 9.6658],
							"lerp_mode": "catmullrom"
						},
						"1.3": {
							"post": [15, 0, 0],
							"lerp_mode": "catmullrom"
						},
						"2.9667": [15, 0, 0],
						"3.2": [0, 0, 0]
					},
					"position": [0, 0, 0]
				},
				"upper": {
					"rotation": {
						"0.4": [0, 0, 0],
						"0.5667": [40, 0, 0],
						"0.9": [40, 0, 0],
						"2.8333": [40, 0, 0],
						"2.9667": [0, 0, 0]
					},
					"position": {
						"0.4": [0, 0, 0],
						"2.9667": [0, 0, 0]
					}
				},
				"p50_mag_standard": {
					"rotation": {
						"0.0": [0, 0, 0],
						"0.2333": [15, 0, 0],
						"1.0": [15, 0, 0],
						"1.1": {
							"pre": [14.78217, -2.57594, 0],
							"post": [14.78217, -2.57594, 0],
							"lerp_mode": "catmullrom"
						},
						"1.3": {
							"post": [15, 0, 0],
							"lerp_mode": "catmullrom"
						},
						"2.9667": [15, 0, 0],
						"3.2": [0, 0, 0]
					},
					"position": {
						"0.0": [0, 0, 0],
						"0.2333": [0, 0, -1.9],
						"2.9667": [0, 0, -1.9],
						"3.2": [0, 0, 0]
					}
				},
				"mag_and_lefthand": {
					"rotation": {
						"0.2333": [0, 0, 0],
						"0.9": [0, 0, 0],
						"1.0": [0, 0, 0],
						"1.1333": [0, 17.5, 0],
						"1.9": {
							"pre": [0, 30, 0],
							"post": [0, 30, 0],
							"lerp_mode": "catmullrom"
						},
						"2.0667": {
							"post": [0, 17.5, 0],
							"lerp_mode": "catmullrom"
						},
						"2.2333": [0, 17.5, 0],
						"2.3": [0, 0, 0],
						"2.9667": [0, 0, 0]
					},
					"position": {
						"1.0": [0, 0, 0],
						"1.1333": [3, 3, 5],
						"1.2667": [5, -18, 6],
						"1.6": {
							"pre": [5, -18, 8],
							"post": [5, -18, 8],
							"lerp_mode": "catmullrom"
						},
						"1.7333": [6.6, -2.25, 8.58],
						"1.9": [7, 3, 8],
						"2.0667": [3, 0, 0],
						"2.2333": [3, 0, 0],
						"2.3": [0, 0, 0]
					}
				},
				"camera": {
					"rotation": {
						"0.0": {
							"post": [0, 0, 0],
							"lerp_mode": "catmullrom"
						},
						"0.2333": {
							"post": [2, 0, 0],
							"lerp_mode": "catmullrom"
						},
						"0.4333": {
							"post": [2, 0, 0],
							"lerp_mode": "catmullrom"
						},
						"0.5": {
							"post": [2.9, 0, 0],
							"lerp_mode": "catmullrom"
						},
						"0.5667": {
							"post": [2, 0, 0],
							"lerp_mode": "catmullrom"
						},
						"0.9333": {
							"post": [2, 0, 0],
							"lerp_mode": "catmullrom"
						},
						"1.1333": {
							"post": [2, -2.5, 0],
							"lerp_mode": "catmullrom"
						},
						"1.3": {
							"post": [3.99, -2.65, 0],
							"lerp_mode": "catmullrom"
						},
						"1.8667": {
							"post": [3.82, -2.57, 0],
							"lerp_mode": "catmullrom"
						},
						"2.1": {
							"post": [2, -2.5, 0],
							"lerp_mode": "catmullrom"
						},
						"2.1667": {
							"post": [3, -2.5, 0],
							"lerp_mode": "catmullrom"
						},
						"2.2333": {
							"post": [2, -2.5, 0],
							"lerp_mode": "catmullrom"
						},
						"2.3": {
							"post": [2, 1.5, 0],
							"lerp_mode": "catmullrom"
						},
						"2.3667": {
							"post": [2, -0.6, 0],
							"lerp_mode": "catmullrom"
						},
						"2.4333": {
							"post": [2, 0, 0],
							"lerp_mode": "catmullrom"
						},
						"2.9": {
							"post": [2, 0, 0],
							"lerp_mode": "catmullrom"
						},
						"2.9667": {
							"post": [4, 0, 0],
							"lerp_mode": "catmullrom"
						},
						"3.0667": {
							"post": [0, 0, 0],
							"lerp_mode": "catmullrom"
						}
					}
				}
			}
		}
	}
}