{
	"format_version": "1.8.0",
	"animations": {
		"static_idle": {
			"loop": true,
			"bones": {
				"righthand": {
					"rotation": [101.07, 8.95, -179.05],
					"position": [-6.75, -16.3, 6.55],
					"scale": [1, 1.5, 1]
				},
				"stock": {
					"position": [0, 0, 0]
				},
				"lefthand": {
					"rotation": [141.38069, -56.60097, -188.26937],
					"position": [6.17, -13.62, -7.02],
					"scale": [1, 1.5, 1]
				},
				"constraint": {
					"rotation": [0.5, 0.5, 0.5],
					"position": [0.5, 0.5, 0.5]
				},
				"root": {
					"rotation": [0, 0, 0],
					"position": [0, 0, 0]
				}
			}
		},
		"draw": {
			"loop": "hold_on_last_frame",
			"animation_length": 1.1806,
			"bones": {
				"righthand": {
					"rotation": [101.07, 8.95, -179.05],
					"position": {
						"0.0": [-6.75, -13.3, 0.55],
						"0.125": [-6.75, -13.3, 0.55],
						"0.2083": {
							"pre": [-6.75, -15.3, 6.55],
							"post": [-6.75, -15.3, 6.55],
							"lerp_mode": "catmullrom"
						},
						"0.2917": {
							"post": [-6.75, -10.3, 11.55],
							"lerp_mode": "catmullrom"
						},
						"0.3333": [-6.75, -11.05, 14.85],
						"0.5": [-6.75, -11.05, 15.05],
						"0.5833": {
							"pre": [-6.75, -11.15, 21.65],
							"post": [-6.75, -11.15, 21.65],
							"lerp_mode": "catmullrom"
						},
						"0.75": {
							"post": [-6.75, -15.3, 10.05],
							"lerp_mode": "catmullrom"
						},
						"0.9167": [-6.75, -16.3, 6.55]
					},
					"scale": [1, 1.5, 1]
				},
				"lefthand": {
					"rotation": [141.38069, -56.60097, -188.26937],
					"position": [6.17, -13.62, -7.02],
					"scale": [1, 1.5, 1]
				},
				"stock": {
					"position": {
						"0.5": [0, 0, -6],
						"0.5417": {
							"pre": [0, 0, 0],
							"post": [0, 0, 0],
							"lerp_mode": "catmullrom"
						}
					}
				},
				"root": {
					"rotation": {
						"0.0": [-80, 0, 0],
						"0.1667": {
							"pre": [-40.51, -29.67, 13.76],
							"post": [-40.51, -29.67, 13.76],
							"lerp_mode": "catmullrom"
						},
						"0.3333": {
							"post": [7.25, -27.25, 17.5],
							"lerp_mode": "catmullrom"
						},
						"0.5": {
							"post": [6.08, -27.65, 17.73],
							"lerp_mode": "catmullrom"
						},
						"0.6667": {
							"post": [5.875, -27.25, 17.5],
							"lerp_mode": "catmullrom"
						},
						"0.75": {
							"post": [10.83, -20.74, 18.45],
							"lerp_mode": "catmullrom"
						},
						"0.9167": {
							"post": [-1.0426, -7.43355, -1.54071],
							"lerp_mode": "catmullrom"
						},
						"1.0417": [0, 0, 0]
					},
					"position": {
						"0.0": [-2.5, -11.75, 6.5],
						"0.1667": {
							"pre": [0.1875, -1.5, -2.5],
							"post": [0.1875, -1.5, -2.5],
							"lerp_mode": "catmullrom"
						},
						"0.3333": {
							"post": [0.9375, -1.1875, -1.25],
							"lerp_mode": "catmullrom"
						},
						"0.5": {
							"post": [0.9375, -1, -1.5],
							"lerp_mode": "catmullrom"
						},
						"0.5833": {
							"post": [2.1275, -2.115, -4.27],
							"lerp_mode": "catmullrom"
						},
						"0.7083": {
							"post": [0.97, -1.02, -3.02],
							"lerp_mode": "catmullrom"
						},
						"0.8333": {
							"post": [0.1875, -2.5, -3.75],
							"lerp_mode": "catmullrom"
						},
						"1.0": {
							"post": [0, 0, -0.03],
							"lerp_mode": "catmullrom"
						},
						"1.1667": [0, 0, 0]
					}
				},
				"stock_default": {
					"position": {
						"0.5": [0, 0, -4],
						"0.5833": [0, 0, 0]
					}
				},
				"camera": {
					"rotation": {
						"0.0": {
							"post": [0, 0, 0],
							"lerp_mode": "catmullrom"
						},
						"0.125": {
							"post": [1.5, 0, 0.25],
							"lerp_mode": "catmullrom"
						},
						"0.2917": {
							"post": [-0.5, 0, -0.5],
							"lerp_mode": "catmullrom"
						},
						"0.5": {
							"post": [-0.5, 0, -0.5],
							"lerp_mode": "catmullrom"
						},
						"0.5833": {
							"post": [0.82, 0, 0.25],
							"lerp_mode": "catmullrom"
						},
						"0.7083": {
							"post": [-0.25, 0, -0.75],
							"lerp_mode": "catmullrom"
						},
						"0.7917": {
							"post": [0, 0, -0.75],
							"lerp_mode": "catmullrom"
						},
						"0.9583": {
							"post": [-0.46, 0, 0.5],
							"lerp_mode": "catmullrom"
						},
						"1.0833": {
							"post": [0.17, 0, -0.25],
							"lerp_mode": "catmullrom"
						},
						"1.1667": {
							"post": [0, 0, 0],
							"lerp_mode": "catmullrom"
						}
					}
				},
				"stock_pos": {
					"position": {
						"0.5": [0, 0, -4],
						"0.5833": [0, 0, 0]
					}
				}
			}
		},
		"put_away": {
			"animation_length": 1.1667,
			"bones": {
				"righthand": {
					"rotation": {
						"0.2917": [101.07, 8.95, -179.05],
						"0.4583": [121.07, 8.95, -179.05],
						"0.5417": [155.90333, 8.95, -179.05],
						"1.125": [101.07, 8.95, -179.05]
					},
					"position": {
						"0.0": [-6.75, -16.3, 6.55],
						"0.125": [-6.75, -16.3, 10.65],
						"0.25": {
							"pre": [-6.75, -15.3, 15.05],
							"post": [-6.75, -15.3, 15.05],
							"lerp_mode": "catmullrom"
						},
						"0.3333": {
							"post": [-6.75, -9.05, 20.05],
							"lerp_mode": "catmullrom"
						},
						"0.5": [-6.75, -9.05, 16.55],
						"0.5833": [-6.75, -9.05, 15.3],
						"0.7083": [-6.75, -9.05, 16.55],
						"0.7917": {
							"pre": [-6.75, -10.3, 18.55],
							"post": [-6.75, -10.3, 18.55],
							"lerp_mode": "catmullrom"
						},
						"0.875": {
							"post": [-6.75, -15.3, 16.55],
							"lerp_mode": "catmullrom"
						},
						"1.0": [-6.75, -16.3, 5.55],
						"1.125": [-6.75, -16.3, 5.55]
					},
					"scale": [1, 1.5, 1]
				},
				"lefthand": {
					"rotation": [141.38069, -56.60097, -188.26937],
					"position": [6.17, -13.62, -7.02],
					"scale": [1, 1.5, 1]
				},
				"stock": {
					"position": {
						"0.4167": [0, 0, 0],
						"0.5": [0, 0, -6]
					}
				},
				"root": {
					"rotation": {
						"0.0": [0, 0, 0],
						"0.1667": {
							"pre": [-1.0426, -7.43355, -1.54071],
							"post": [-1.0426, -7.43355, -1.54071],
							"lerp_mode": "catmullrom"
						},
						"0.3333": {
							"post": [10.83, -20.74, 18.45],
							"lerp_mode": "catmullrom"
						},
						"0.4583": {
							"post": [5.875, -27.25, 17.5],
							"lerp_mode": "catmullrom"
						},
						"0.6667": {
							"post": [6.08, -27.65, 17.73],
							"lerp_mode": "catmullrom"
						},
						"0.8333": {
							"post": [-40.51, -29.67, 13.76],
							"lerp_mode": "catmullrom"
						},
						"1.0417": [-80, 0, 0]
					},
					"position": {
						"0.0": [0, 0, 0],
						"0.2083": {
							"pre": [0.1875, -3.75, -0.5],
							"post": [0.1875, -3.75, -0.5],
							"lerp_mode": "catmullrom"
						},
						"0.4167": {
							"post": [0.47, -2.27, -1.52],
							"lerp_mode": "catmullrom"
						},
						"0.5": {
							"post": [1.8775, -3.365, -3.02],
							"lerp_mode": "catmullrom"
						},
						"0.625": {
							"post": [-0.0625, -2.25, -1.5],
							"lerp_mode": "catmullrom"
						},
						"0.8333": {
							"post": [-2.0625, -2.75, -1],
							"lerp_mode": "catmullrom"
						},
						"1.0833": [-2.5, -11.75, 6.5]
					}
				},
				"stock_default": {
					"position": {
						"0.375": [0, 0, 0],
						"0.5": [0, 0, -4]
					}
				},
				"camera": {
					"rotation": {
						"0.0": {
							"post": [0, 0, 0],
							"lerp_mode": "catmullrom"
						},
						"0.1667": {
							"post": [0.905, 0, -0.2],
							"lerp_mode": "catmullrom"
						},
						"0.3333": {
							"post": [-0.5775, 0, 0.56],
							"lerp_mode": "catmullrom"
						},
						"0.4583": {
							"post": [-0.5, 0, -0.5],
							"lerp_mode": "catmullrom"
						},
						"0.5417": {
							"post": [0.82, 0, 1.5],
							"lerp_mode": "catmullrom"
						},
						"0.7083": {
							"post": [-0.25, 0, 0],
							"lerp_mode": "catmullrom"
						},
						"0.8333": {
							"post": [0, 0, 0.25],
							"lerp_mode": "catmullrom"
						},
						"1.0": {
							"post": [0.165, 0, 0],
							"lerp_mode": "catmullrom"
						},
						"1.1667": {
							"post": [0.17, 0, 0],
							"lerp_mode": "catmullrom"
						},
						"1.2917": {
							"post": [0, 0, 0],
							"lerp_mode": "catmullrom"
						}
					}
				},
				"stock_pos": {
					"position": {
						"0.375": [0, 0, 0],
						"0.5": [0, 0, -4]
					}
				}
			}
		},
		"reload_empty": {
			"animation_length": 3.04,
			"bones": {
				"righthand": {
					"rotation": {
						"0.0": [101.07, 8.95, -179.05],
						"0.08": {
							"pre": [102.72096, 6.36331, -166.70902],
							"post": [102.72096, 6.36331, -166.70902],
							"lerp_mode": "catmullrom"
						},
						"0.16": {
							"post": [100.25489, 9.8757, -184.03072],
							"lerp_mode": "catmullrom"
						},
						"0.44": {
							"post": [100.86919, -9.19378, -96.79559],
							"lerp_mode": "catmullrom"
						},
						"2.16": {
							"post": [100.86919, -9.19378, -96.79559],
							"lerp_mode": "catmullrom"
						},
						"2.32": [101.07, 8.95, -179.05]
					},
					"position": {
						"0.0": [-6.75, -16.3, 6.55],
						"0.12": {
							"pre": [-6.75, -14.9825, 5.5825],
							"post": [-6.75, -14.9825, 5.5825],
							"lerp_mode": "catmullrom"
						},
						"0.16": {
							"post": [-7.35, -14.6625, 5.55],
							"lerp_mode": "catmullrom"
						},
						"0.2": [-10.55, -13.85, 6.29],
						"0.24": [-13.75, -12.7, 6.15],
						"0.28": [-13.75, -10.21, 6.04],
						"0.52": [-13.75, -10.3, 6.55],
						"2.16": {
							"pre": [-13.35, -9.9, 6.55],
							"post": [-13.35, -9.9, 6.55],
							"lerp_mode": "catmullrom"
						},
						"2.32": [-6.75, -16.3, 6.55]
					},
					"scale": [1, 1.5, 1]
				},
				"stock": {
					"position": [0, 0, 0]
				},
				"lefthand": {
					"rotation": {
						"0.0": [141.38069, -56.60097, -188.26937],
						"0.56": [117.07, -36.97, -177.64],
						"0.68": {
							"pre": [126.15171, -51.95179, -190.46851],
							"post": [126.15171, -51.95179, -190.46851],
							"lerp_mode": "catmullrom"
						},
						"1.44": {
							"post": [117.07, -36.97, -177.64],
							"lerp_mode": "catmullrom"
						},
						"1.6": {
							"post": [117.32, -36.97, -177.64],
							"lerp_mode": "catmullrom"
						},
						"1.64": {
							"post": [132.74522, -57.59693, -198.52341],
							"lerp_mode": "catmullrom"
						},
						"1.76": {
							"post": [117.07, -36.97, -177.64],
							"lerp_mode": "catmullrom"
						},
						"1.92": {
							"post": [138.2732, -21.89273, -251.38705],
							"lerp_mode": "catmullrom"
						},
						"2.12": {
							"post": [149.32, -36.97, -177.64],
							"lerp_mode": "catmullrom"
						},
						"2.24": {
							"post": [158.40171, -51.95178, -190.46851],
							"lerp_mode": "catmullrom"
						},
						"2.32": {
							"post": [145.45791, -22.46439, -169.86995],
							"lerp_mode": "catmullrom"
						},
						"2.52": {
							"post": [114.88435, -30.22467, -173.69809],
							"lerp_mode": "catmullrom"
						},
						"2.64": [141.38069, -56.60097, -188.26937]
					},
					"position": {
						"0.0": [6.17, -13.62, -7.02],
						"0.56": [6.17, -13.62, -7.02],
						"0.68": {
							"pre": [7.17, -13.62, -3.77],
							"post": [7.17, -13.62, -3.77],
							"lerp_mode": "catmullrom"
						},
						"0.84": [8.17, -13.62, -2.77],
						"1.28": [13.17, -13.62, -4.77],
						"1.44": [10.92, -9.62, -3.77],
						"1.48": [9.92, -9.62, 4.23],
						"1.6": [10.17, -9.62, 4.23],
						"1.64": {
							"pre": [8.92, -9.62, 0.48],
							"post": [8.92, -9.62, 0.48],
							"lerp_mode": "catmullrom"
						},
						"1.76": {
							"post": [9.67, -9.62, 1.48],
							"lerp_mode": "catmullrom"
						},
						"1.92": {
							"post": [13.76, -9.91, 5.1],
							"lerp_mode": "catmullrom"
						},
						"2.12": [9.4825, -9.62, -1.52],
						"2.24": {
							"pre": [9.4825, -9.62, -1.52],
							"post": [9.4825, -9.62, -1.52],
							"lerp_mode": "catmullrom"
						},
						"2.32": [8.48, -10.1825, -1.52],
						"2.4": [8.48, -10.1825, -1.52],
						"2.52": {
							"pre": [13.67, -13.87, -2.52],
							"post": [13.67, -13.87, -2.52],
							"lerp_mode": "catmullrom"
						},
						"2.64": [6.17, -13.62, -7.02]
					},
					"scale": [1, 1.5, 1]
				},
				"chamber": {
					"rotation": {
						"0.0": [0, 0, 0],
						"0.12": [0, 0, 0],
						"0.2": [0, 12.5, 0],
						"0.24": [0, 15, 0],
						"0.72": [0, 15, 0],
						"0.84": {
							"pre": [0, 13.5, 0],
							"post": [0, 13.5, 0],
							"lerp_mode": "catmullrom"
						},
						"1.0": {
							"post": [0, 15.9, 0],
							"lerp_mode": "catmullrom"
						},
						"1.08": {
							"post": [0, 13.79, 0],
							"lerp_mode": "catmullrom"
						},
						"1.24": {
							"post": [0, 15.54, 0],
							"lerp_mode": "catmullrom"
						},
						"1.4": [0, 15, 0],
						"1.56": [0, 15, 0],
						"1.68": {
							"pre": [0, 16.25, 0],
							"post": [0, 16.25, 0],
							"lerp_mode": "catmullrom"
						},
						"1.84": {
							"post": [0, 14, 0],
							"lerp_mode": "catmullrom"
						},
						"2.08": [0, 15.3, 0],
						"2.24": [0, 15, 0],
						"2.32": [0, 0, 0]
					}
				},
				"round": {
					"rotation": [360, 0, 360],
					"position": {
						"0.8": [0, 0, 0],
						"1.0": [0, 0, 7],
						"1.44": [0, 0, 7],
						"1.48": [0, 0, 4.2],
						"1.6": [0, 0, 4.2],
						"1.64": [0, 0, 0]
					},
					"scale": {
						"0.96": [1, 1, 1],
						"1.04": [0, 0, 0],
						"1.32": [0, 0, 0],
						"1.4": [1, 1, 1]
					}
				},
				"head": {
					"scale": {
						"0.0": [0, 0, 0],
						"1.04": [0, 0, 0],
						"1.12": [1, 1, 1]
					}
				},
				"root": {
					"rotation": {
						"0.0": [0, 0, 0],
						"0.08": {
							"pre": [-0.35966, -0.0157, -0.38995],
							"post": [-0.35966, -0.0157, -0.38995],
							"lerp_mode": "catmullrom"
						},
						"0.16": {
							"post": [0, 0, 7.25],
							"lerp_mode": "catmullrom"
						},
						"0.2": {
							"post": [4.74, 1.98, -1.82],
							"lerp_mode": "catmullrom"
						},
						"0.48": {
							"post": [5, 0, -35],
							"lerp_mode": "catmullrom"
						},
						"0.76": {
							"post": [-30.4101, -31.71763, -33.67388],
							"lerp_mode": "catmullrom"
						},
						"0.92": {
							"post": [-35.24793, -30.90673, -30.68313],
							"lerp_mode": "catmullrom"
						},
						"1.08": {
							"post": [-30.4101, -31.71763, -33.67388],
							"lerp_mode": "catmullrom"
						},
						"1.36": {
							"post": [56.54398, -3.87475, -46.68702],
							"lerp_mode": "catmullrom"
						},
						"1.56": {
							"post": [56.5212, -2.60469, -52.13042],
							"lerp_mode": "catmullrom"
						},
						"1.68": {
							"post": [57.0637, -7.4253, -43.37284],
							"lerp_mode": "catmullrom"
						},
						"1.8": {
							"post": [56.46398, -1.81032, -56.4827],
							"lerp_mode": "catmullrom"
						},
						"1.88": {
							"post": [56.19283, 1.55305, -51.1655],
							"lerp_mode": "catmullrom"
						},
						"2.08": {
							"post": [4.09475, -11.66254, -4.86198],
							"lerp_mode": "catmullrom"
						},
						"2.24": [-13.48555, -5.08403, -2.14138],
						"2.28": {
							"pre": [-12.56494, -12.30358, -9.70502],
							"post": [-12.56494, -12.30358, -9.70502],
							"lerp_mode": "catmullrom"
						},
						"2.4": {
							"post": [-11.56, -5.27, -0.46],
							"lerp_mode": "catmullrom"
						},
						"2.52": {
							"post": [-6.22423, -4.24254, 4.71574],
							"lerp_mode": "catmullrom"
						},
						"2.64": {
							"post": [2.24786, 0.09812, -3.62308],
							"lerp_mode": "catmullrom"
						},
						"2.76": {
							"post": [0, 0, -0.125],
							"lerp_mode": "catmullrom"
						},
						"2.88": [0, 0, 0]
					},
					"position": {
						"0.0": [0, 0, 0],
						"0.12": {
							"pre": [0, -0.5, 0],
							"post": [0, -0.5, 0],
							"lerp_mode": "catmullrom"
						},
						"0.32": {
							"post": [0, -0.5, 0],
							"lerp_mode": "catmullrom"
						},
						"0.48": {
							"post": [0, -3.25, -2.25],
							"lerp_mode": "catmullrom"
						},
						"0.72": {
							"post": [0, 2.5, -2.25],
							"lerp_mode": "catmullrom"
						},
						"0.84": {
							"post": [0, -1.66, -1.51],
							"lerp_mode": "catmullrom"
						},
						"1.04": {
							"post": [0, 0, -1],
							"lerp_mode": "catmullrom"
						},
						"1.16": {
							"post": [0, -1.75, -0.5],
							"lerp_mode": "catmullrom"
						},
						"1.36": {
							"post": [-0.75, -23.75, 11.75],
							"lerp_mode": "catmullrom"
						},
						"1.6": {
							"post": [-0.5, -21.5625, 12],
							"lerp_mode": "catmullrom"
						},
						"1.68": {
							"post": [-0.75, -21.29, 13.02],
							"lerp_mode": "catmullrom"
						},
						"1.8": {
							"post": [-0.5, -21.5, 11.75],
							"lerp_mode": "catmullrom"
						},
						"1.92": {
							"post": [-0.5, -23.25, 12],
							"lerp_mode": "catmullrom"
						},
						"2.08": {
							"post": [-0.46, -7.58, 2.01],
							"lerp_mode": "catmullrom"
						},
						"2.24": {
							"post": [-0.5, 0.5, -2],
							"lerp_mode": "catmullrom"
						},
						"2.28": {
							"post": [-1, 0.5, -2],
							"lerp_mode": "catmullrom"
						},
						"2.4": {
							"post": [0.02, -1.97, -1.11],
							"lerp_mode": "catmullrom"
						},
						"2.6": {
							"post": [0.02, -2.22, -1.86],
							"lerp_mode": "catmullrom"
						},
						"2.72": {
							"post": [0, 0.38, -1.76],
							"lerp_mode": "catmullrom"
						},
						"2.88": {
							"post": [0, -0.135, -0.05],
							"lerp_mode": "catmullrom"
						},
						"3.04": [0, 0, 0]
					}
				},
				"gun_body2": {
					"rotation": {
						"0.12": [0, 0, 0],
						"0.28": [0, 0, 95.5],
						"2.16": [0, 0, 95.5],
						"2.32": [0, 0, 0]
					},
					"position": [0, 0, 0]
				},
				"grenades": {
					"position": {
						"0.76": [0, 0, 0],
						"0.8": [0, 0, 2],
						"2.12": [0, 0, 2],
						"2.16": [0, 0, 0]
					},
					"scale": {
						"0.8": [1, 1, 1],
						"0.84": [0, 0, 0],
						"2.12": [0, 0, 0],
						"2.16": [1, 1, 1]
					}
				},
				"camera": {
					"rotation": {
						"0.0": {
							"post": [0, 0, 0],
							"lerp_mode": "catmullrom"
						},
						"0.08": {
							"post": [0, 0, 1.75],
							"lerp_mode": "catmullrom"
						},
						"0.2": {
							"post": [0.75, 0, -1],
							"lerp_mode": "catmullrom"
						},
						"0.32": {
							"post": [-0.25, 0, -0.5],
							"lerp_mode": "catmullrom"
						},
						"0.52": {
							"post": [0.5, 0, -0.25],
							"lerp_mode": "catmullrom"
						},
						"0.68": {
							"post": [-1.5, 0, 1.5],
							"lerp_mode": "catmullrom"
						},
						"0.84": {
							"post": [-1.5, 0, 0],
							"lerp_mode": "catmullrom"
						},
						"0.96": {
							"post": [0.02, 0, 1],
							"lerp_mode": "catmullrom"
						},
						"1.12": {
							"post": [-0.81, 0, 0.5],
							"lerp_mode": "catmullrom"
						},
						"1.36": {
							"post": [0, 0, -0.75],
							"lerp_mode": "catmullrom"
						},
						"1.6": {
							"post": [-0.25, 0, -1],
							"lerp_mode": "catmullrom"
						},
						"1.72": {
							"post": [1.75, 0, -2],
							"lerp_mode": "catmullrom"
						},
						"1.88": {
							"post": [0.39, 0, 0.5],
							"lerp_mode": "catmullrom"
						},
						"2.12": {
							"post": [0.28, 0, 1],
							"lerp_mode": "catmullrom"
						},
						"2.24": {
							"post": [0.5, 0, 0],
							"lerp_mode": "catmullrom"
						},
						"2.36": {
							"post": [1, 0, 1],
							"lerp_mode": "catmullrom"
						},
						"2.48": {
							"post": [-1.25, 0, -0.375],
							"lerp_mode": "catmullrom"
						},
						"2.64": {
							"post": [0.25, 0, 0.125],
							"lerp_mode": "catmullrom"
						},
						"2.8": {
							"post": [-0.25, 0, 0],
							"lerp_mode": "catmullrom"
						},
						"2.96": {
							"post": [0.24, 0, 0],
							"lerp_mode": "catmullrom"
						},
						"3.08": {
							"post": [0, 0, 0],
							"lerp_mode": "catmullrom"
						}
					}
				}
			}
		},
		"reload_tactical": {
			"animation_length": 3.04,
			"bones": {
				"righthand": {
					"rotation": {
						"0.0": [101.07, 8.95, -179.05],
						"0.12": [100.99, 8.64, -176.38],
						"0.28": {
							"pre": [100.86919, 8.20622, -92.79559],
							"post": [100.86919, 8.20622, -92.79559],
							"lerp_mode": "catmullrom"
						},
						"2.2": {
							"post": [100.86919, 8.20622, -96.79559],
							"lerp_mode": "catmullrom"
						},
						"2.36": [101.07, 8.95, -179.05]
					},
					"position": {
						"0.0": [-6.75, -16.3, 6.55],
						"0.12": {
							"pre": [-6.75, -14.9825, 5.5825],
							"post": [-6.75, -14.9825, 5.5825],
							"lerp_mode": "catmullrom"
						},
						"0.16": {
							"post": [-7.35, -14.6625, 5.55],
							"lerp_mode": "catmullrom"
						},
						"0.2": [-10.55, -13.85, 5.99],
						"0.24": [-13.75, -12.7, 5.55],
						"0.28": [-13.75, -10.21, 5.74],
						"0.52": [-13.75, -10.3, 6.55],
						"2.16": {
							"pre": [-13.35, -9.9, 6.55],
							"post": [-13.35, -9.9, 6.55],
							"lerp_mode": "catmullrom"
						},
						"2.32": [-6.75, -16.3, 6.55]
					},
					"scale": [1, 1.5, 1]
				},
				"stock": {
					"position": [0, 0, 0]
				},
				"lefthand": {
					"rotation": {
						"0.0": [141.38069, -56.60097, -188.26937],
						"0.56": [117.07, -36.97, -177.64],
						"0.68": {
							"pre": [126.15171, -51.95179, -190.46851],
							"post": [126.15171, -51.95179, -190.46851],
							"lerp_mode": "catmullrom"
						},
						"1.44": {
							"post": [117.07, -36.97, -177.64],
							"lerp_mode": "catmullrom"
						},
						"1.6": {
							"post": [117.32, -36.97, -177.64],
							"lerp_mode": "catmullrom"
						},
						"1.64": {
							"post": [132.74522, -57.59693, -198.52341],
							"lerp_mode": "catmullrom"
						},
						"1.76": {
							"post": [117.07, -36.97, -177.64],
							"lerp_mode": "catmullrom"
						},
						"1.92": {
							"post": [138.2732, -21.89273, -251.38705],
							"lerp_mode": "catmullrom"
						},
						"2.12": {
							"post": [149.32, -36.97, -177.64],
							"lerp_mode": "catmullrom"
						},
						"2.24": {
							"post": [158.40171, -51.95178, -190.46851],
							"lerp_mode": "catmullrom"
						},
						"2.32": {
							"post": [145.45791, -22.46439, -169.86995],
							"lerp_mode": "catmullrom"
						},
						"2.52": {
							"post": [114.88435, -30.22467, -173.69809],
							"lerp_mode": "catmullrom"
						},
						"2.64": [141.38069, -56.60097, -188.26937]
					},
					"position": {
						"0.0": [6.17, -13.62, -7.02],
						"0.56": [6.17, -13.62, -7.02],
						"0.68": {
							"pre": [7.17, -13.62, -3.77],
							"post": [7.17, -13.62, -3.77],
							"lerp_mode": "catmullrom"
						},
						"0.84": [8.17, -13.62, -2.77],
						"1.28": [13.17, -13.62, -4.77],
						"1.44": [10.92, -9.62, -3.77],
						"1.48": [9.92, -9.62, 4.23],
						"1.6": [10.17, -9.62, 4.23],
						"1.64": {
							"pre": [8.92, -9.62, 0.48],
							"post": [8.92, -9.62, 0.48],
							"lerp_mode": "catmullrom"
						},
						"1.76": {
							"post": [9.67, -9.62, 1.48],
							"lerp_mode": "catmullrom"
						},
						"1.92": {
							"post": [13.76, -9.91, 5.1],
							"lerp_mode": "catmullrom"
						},
						"2.12": [9.4825, -9.62, -1.52],
						"2.24": {
							"pre": [9.4825, -9.62, -1.52],
							"post": [9.4825, -9.62, -1.52],
							"lerp_mode": "catmullrom"
						},
						"2.32": [8.48, -10.1825, -1.52],
						"2.4": [8.48, -10.1825, -1.52],
						"2.52": {
							"pre": [13.67, -13.87, -2.52],
							"post": [13.67, -13.87, -2.52],
							"lerp_mode": "catmullrom"
						},
						"2.64": [6.17, -13.62, -7.02]
					},
					"scale": [1, 1.5, 1]
				},
				"chamber": {
					"rotation": {
						"0.0": [0, 0, 0],
						"0.12": [0, 0, 0],
						"0.2": [0, 12.5, 0],
						"0.24": [0, 15, 0],
						"0.72": [0, 15, 0],
						"0.84": {
							"pre": [0, 13.5, 0],
							"post": [0, 13.5, 0],
							"lerp_mode": "catmullrom"
						},
						"1.0": {
							"post": [0, 15.9, 0],
							"lerp_mode": "catmullrom"
						},
						"1.08": {
							"post": [0, 13.79, 0],
							"lerp_mode": "catmullrom"
						},
						"1.24": {
							"post": [0, 15.54, 0],
							"lerp_mode": "catmullrom"
						},
						"1.4": [0, 15, 0],
						"1.56": [0, 15, 0],
						"1.68": {
							"pre": [0, 16.25, 0],
							"post": [0, 16.25, 0],
							"lerp_mode": "catmullrom"
						},
						"1.84": {
							"post": [0, 14, 0],
							"lerp_mode": "catmullrom"
						},
						"2.08": [0, 15.3, 0],
						"2.24": [0, 15, 0],
						"2.32": [0, 0, 0]
					}
				},
				"round": {
					"rotation": [360, 0, 360],
					"position": {
						"0.8": [0, 0, 0],
						"1.0": [0, 0, 7],
						"1.44": [0, 0, 7],
						"1.48": [0, 0, 4.2],
						"1.6": [0, 0, 4.2],
						"1.64": [0, 0, 0]
					},
					"scale": {
						"0.96": [1, 1, 1],
						"1.04": [0, 0, 0],
						"1.32": [0, 0, 0],
						"1.4": [1, 1, 1]
					}
				},
				"head": {
					"scale": {
						"0.0": [0, 0, 0],
						"1.04": [0, 0, 0],
						"1.12": [1, 1, 1]
					}
				},
				"root": {
					"rotation": {
						"0.0": [0, 0, 0],
						"0.08": {
							"pre": [-0.35966, -0.0157, -0.38995],
							"post": [-0.35966, -0.0157, -0.38995],
							"lerp_mode": "catmullrom"
						},
						"0.16": {
							"post": [0, 0, 7.25],
							"lerp_mode": "catmullrom"
						},
						"0.2": {
							"post": [4.74, 1.98, -1.82],
							"lerp_mode": "catmullrom"
						},
						"0.48": {
							"post": [5, 0, -35],
							"lerp_mode": "catmullrom"
						},
						"0.76": {
							"post": [-30.4101, -31.71763, -33.67388],
							"lerp_mode": "catmullrom"
						},
						"0.92": {
							"post": [-35.24793, -30.90673, -30.68313],
							"lerp_mode": "catmullrom"
						},
						"1.08": {
							"post": [-30.4101, -31.71763, -33.67388],
							"lerp_mode": "catmullrom"
						},
						"1.36": {
							"post": [56.54398, -3.87475, -46.68702],
							"lerp_mode": "catmullrom"
						},
						"1.56": {
							"post": [56.5212, -2.60469, -52.13042],
							"lerp_mode": "catmullrom"
						},
						"1.68": {
							"post": [57.0637, -7.4253, -43.37284],
							"lerp_mode": "catmullrom"
						},
						"1.8": {
							"post": [56.46398, -1.81032, -56.4827],
							"lerp_mode": "catmullrom"
						},
						"1.88": {
							"post": [56.19283, 1.55305, -51.1655],
							"lerp_mode": "catmullrom"
						},
						"2.08": {
							"post": [4.09475, -11.66254, -4.86198],
							"lerp_mode": "catmullrom"
						},
						"2.24": [-13.48555, -5.08403, -2.14138],
						"2.28": {
							"pre": [-12.56494, -12.30358, -9.70502],
							"post": [-12.56494, -12.30358, -9.70502],
							"lerp_mode": "catmullrom"
						},
						"2.4": {
							"post": [-11.56, -5.27, -0.46],
							"lerp_mode": "catmullrom"
						},
						"2.52": {
							"post": [-6.22423, -4.24254, 4.71574],
							"lerp_mode": "catmullrom"
						},
						"2.64": {
							"post": [2.24786, 0.09812, -3.62308],
							"lerp_mode": "catmullrom"
						},
						"2.76": {
							"post": [0, 0, -0.125],
							"lerp_mode": "catmullrom"
						},
						"2.88": [0, 0, 0]
					},
					"position": {
						"0.0": [0, 0, 0],
						"0.12": {
							"pre": [0, -0.5, 0],
							"post": [0, -0.5, 0],
							"lerp_mode": "catmullrom"
						},
						"0.32": {
							"post": [0, -0.5, 0],
							"lerp_mode": "catmullrom"
						},
						"0.48": {
							"post": [0, -3.25, -2.25],
							"lerp_mode": "catmullrom"
						},
						"0.72": {
							"post": [0, 2.5, -2.25],
							"lerp_mode": "catmullrom"
						},
						"0.84": {
							"post": [0, -1.66, -1.51],
							"lerp_mode": "catmullrom"
						},
						"1.04": {
							"post": [0, 0, -1],
							"lerp_mode": "catmullrom"
						},
						"1.16": {
							"post": [0, -1.75, -0.5],
							"lerp_mode": "catmullrom"
						},
						"1.36": {
							"post": [-0.75, -23.75, 11.75],
							"lerp_mode": "catmullrom"
						},
						"1.6": {
							"post": [-0.5, -21.5625, 12],
							"lerp_mode": "catmullrom"
						},
						"1.68": {
							"post": [-0.75, -21.29, 13.02],
							"lerp_mode": "catmullrom"
						},
						"1.8": {
							"post": [-0.5, -21.5, 11.75],
							"lerp_mode": "catmullrom"
						},
						"1.92": {
							"post": [-0.5, -23.25, 12],
							"lerp_mode": "catmullrom"
						},
						"2.08": {
							"post": [-0.46, -7.58, 2.01],
							"lerp_mode": "catmullrom"
						},
						"2.24": {
							"post": [-0.5, 0.5, -2],
							"lerp_mode": "catmullrom"
						},
						"2.28": {
							"post": [-1, 0.5, -2],
							"lerp_mode": "catmullrom"
						},
						"2.4": {
							"post": [0.02, -1.97, -1.11],
							"lerp_mode": "catmullrom"
						},
						"2.6": {
							"post": [0.02, -2.22, -1.86],
							"lerp_mode": "catmullrom"
						},
						"2.72": {
							"post": [0, 0.38, -1.76],
							"lerp_mode": "catmullrom"
						},
						"2.88": {
							"post": [0, -0.135, -0.05],
							"lerp_mode": "catmullrom"
						},
						"3.04": [0, 0, 0]
					}
				},
				"gun_body2": {
					"rotation": {
						"0.12": [0, 0, 0],
						"0.28": [0, 0, 95.5],
						"2.16": [0, 0, 95.5],
						"2.32": [0, 0, 0]
					},
					"position": [0, 0, 0]
				},
				"grenades": {
					"position": {
						"0.76": [0, 0, 0],
						"0.8": [0, 0, 2],
						"2.12": [0, 0, 2],
						"2.16": [0, 0, 0]
					},
					"scale": {
						"0.8": [1, 1, 1],
						"0.84": [0, 0, 0],
						"2.12": [0, 0, 0],
						"2.16": [1, 1, 1]
					}
				},
				"camera": {
					"rotation": {
						"0.0": {
							"post": [0, 0, 0],
							"lerp_mode": "catmullrom"
						},
						"0.08": {
							"post": [0, 0, 1.75],
							"lerp_mode": "catmullrom"
						},
						"0.2": {
							"post": [0.75, 0, -1],
							"lerp_mode": "catmullrom"
						},
						"0.32": {
							"post": [-0.25, 0, -0.5],
							"lerp_mode": "catmullrom"
						},
						"0.52": {
							"post": [0.5, 0, -0.25],
							"lerp_mode": "catmullrom"
						},
						"0.68": {
							"post": [-1.5, 0, 1.5],
							"lerp_mode": "catmullrom"
						},
						"0.84": {
							"post": [-1.5, 0, 0],
							"lerp_mode": "catmullrom"
						},
						"0.96": {
							"post": [0.02, 0, 1],
							"lerp_mode": "catmullrom"
						},
						"1.12": {
							"post": [-0.81, 0, 0.5],
							"lerp_mode": "catmullrom"
						},
						"1.36": {
							"post": [0, 0, -0.75],
							"lerp_mode": "catmullrom"
						},
						"1.6": {
							"post": [-0.25, 0, -1],
							"lerp_mode": "catmullrom"
						},
						"1.72": {
							"post": [1.75, 0, -2],
							"lerp_mode": "catmullrom"
						},
						"1.88": {
							"post": [0.39, 0, 0.5],
							"lerp_mode": "catmullrom"
						},
						"2.12": {
							"post": [0.28, 0, 1],
							"lerp_mode": "catmullrom"
						},
						"2.24": {
							"post": [0.5, 0, 0],
							"lerp_mode": "catmullrom"
						},
						"2.36": {
							"post": [1, 0, 1],
							"lerp_mode": "catmullrom"
						},
						"2.48": {
							"post": [-1.25, 0, -0.375],
							"lerp_mode": "catmullrom"
						},
						"2.64": {
							"post": [0.25, 0, 0.125],
							"lerp_mode": "catmullrom"
						},
						"2.8": {
							"post": [-0.25, 0, 0],
							"lerp_mode": "catmullrom"
						},
						"2.96": {
							"post": [0.24, 0, 0],
							"lerp_mode": "catmullrom"
						},
						"3.08": {
							"post": [0, 0, 0],
							"lerp_mode": "catmullrom"
						}
					}
				}
			}
		},
		"shoot": {
			"animation_length": 0.5833,
			"bones": {
				"stock": {
					"position": [0, 0, 0]
				},
				"constraint": {
					"rotation": {
						"0.125": [0.15, 0.3, 0.3],
						"0.25": [0, 0, 0]
					},
					"position": {
						"0.125": [0.2, 0.2, 0.3],
						"0.25": [0, 0, 0]
					}
				},
				"root": {
					"rotation": {
						"0.0": {
							"post": [0, 0, 0],
							"lerp_mode": "catmullrom"
						},
						"0.0417": {
							"post": [-5.95824, -1.30704, -2.72798],
							"lerp_mode": "catmullrom"
						},
						"0.1667": {
							"post": [0.84251, 0.26479, -1.02186],
							"lerp_mode": "catmullrom"
						},
						"0.2917": {
							"post": [-0.70043, -0.09694, 0.24998],
							"lerp_mode": "catmullrom"
						},
						"0.4167": {
							"post": [0.05, 0.13, 0.1],
							"lerp_mode": "catmullrom"
						},
						"0.5833": {
							"post": [0, 0, 0],
							"lerp_mode": "catmullrom"
						}
					},
					"position": {
						"0.0": {
							"post": [0, 0, 0],
							"lerp_mode": "catmullrom"
						},
						"0.0417": {
							"post": [0, -0.2225, 1.975],
							"lerp_mode": "catmullrom"
						},
						"0.125": {
							"post": [0, 0.175, 0.825],
							"lerp_mode": "catmullrom"
						},
						"0.2083": {
							"post": [0, 0.0625, -0.2375],
							"lerp_mode": "catmullrom"
						},
						"0.2917": {
							"post": [0, -0.1, 0.075],
							"lerp_mode": "catmullrom"
						},
						"0.375": {
							"post": [0.0125, -0.025, 0.125],
							"lerp_mode": "catmullrom"
						},
						"0.4583": {
							"post": [0, -0.005, -0.015],
							"lerp_mode": "catmullrom"
						}
					}
				},
				"mag_group": {
					"rotation": {
						"0.0417": [0, 0, 0],
						"0.25": [0, 0, 45]
					}
				},
				"camera": {
					"rotation": {
						"0.0": {
							"post": [0, 0, 0],
							"lerp_mode": "catmullrom"
						},
						"0.0417": {
							"post": [0, 0, -0.2],
							"lerp_mode": "catmullrom"
						},
						"0.125": {
							"post": [0, 0, 0.35],
							"lerp_mode": "catmullrom"
						},
						"0.2083": {
							"post": [0, 0, -0.05],
							"lerp_mode": "catmullrom"
						},
						"0.2917": {
							"post": [0, 0, 0.1],
							"lerp_mode": "catmullrom"
						},
						"0.375": {
							"post": [0, 0, -0.15],
							"lerp_mode": "catmullrom"
						},
						"0.4583": {
							"post": [0, 0, 0],
							"lerp_mode": "catmullrom"
						}
					}
				}
			}
		},
		"inspect": {
			"animation_length": 5.875,
			"bones": {
				"righthand": {
					"rotation": {
						"0.0": [101.07, 8.95, -179.05],
						"3.25": [101.07, 8.95, -179.05],
						"3.3333": {
							"pre": [102.72096, 6.36331, -173.49027],
							"post": [102.72096, 6.36331, -173.49027],
							"lerp_mode": "catmullrom"
						},
						"3.4167": {
							"post": [100.25489, 9.8757, -179.59322],
							"lerp_mode": "catmullrom"
						},
						"3.625": [101.07, 8.95, -179.05]
					},
					"position": {
						"0.0": [-6.75, -16.3, 6.55],
						"3.25": [-6.75, -16.3, 6.55],
						"3.4167": {
							"pre": [-6.75, -16.3825, 4.5825],
							"post": [-6.75, -16.3825, 4.5825],
							"lerp_mode": "catmullrom"
						},
						"3.5": [-6.75, -17.05, 5.99],
						"3.625": [-6.75, -16.3, 6.55]
					},
					"scale": {
						"0.0": [1, 1.5, 1],
						"3.25": [1, 1.5, 1]
					}
				},
				"stock": {
					"position": [0, 0, 0]
				},
				"lefthand": {
					"rotation": {
						"0.0": [141.38069, -56.60097, -188.26937],
						"0.2917": [117.07, -36.97, -177.64],
						"0.4583": {
							"pre": [114.88435, -30.22467, -173.69809],
							"post": [114.88435, -30.22467, -173.69809],
							"lerp_mode": "catmullrom"
						},
						"0.5833": {
							"post": [115.69, -30.24, -173.7],
							"lerp_mode": "catmullrom"
						},
						"1.5833": {
							"post": [115.69, -30.24, -173.7],
							"lerp_mode": "catmullrom"
						},
						"1.7083": {
							"post": [114.88435, -30.22467, -173.69809],
							"lerp_mode": "catmullrom"
						},
						"1.875": [117.07, -36.97, -177.64],
						"2.6667": [117.07, -36.97, -177.64],
						"3.0417": {
							"pre": [53.78255, -38.28672, -143.8954],
							"post": [53.78255, -38.28672, -143.8954],
							"lerp_mode": "catmullrom"
						},
						"3.2917": {
							"post": [82.54206, -36.51975, -174.19689],
							"lerp_mode": "catmullrom"
						},
						"3.4167": {
							"post": [83.8164, -36.01149, -154.24787],
							"lerp_mode": "catmullrom"
						},
						"4.375": {
							"post": [83.8164, -36.01149, -154.2479],
							"lerp_mode": "catmullrom"
						},
						"4.625": {
							"post": [121.29206, -36.51975, -174.19689],
							"lerp_mode": "catmullrom"
						},
						"4.8333": {
							"post": [158.40171, -51.95178, -190.46851],
							"lerp_mode": "catmullrom"
						},
						"4.9583": {
							"post": [145.45791, -22.46439, -169.86995],
							"lerp_mode": "catmullrom"
						},
						"5.1667": {
							"post": [114.88435, -30.22467, -173.69809],
							"lerp_mode": "catmullrom"
						},
						"5.3333": [141.38069, -56.60097, -188.26937]
					},
					"position": {
						"0.0": [6.17, -13.62, -7.02],
						"0.2917": [6.17, -13.62, -7.02],
						"0.4583": {
							"pre": [13.295, -17.62, 2.23],
							"post": [13.295, -17.62, 2.23],
							"lerp_mode": "catmullrom"
						},
						"0.5833": [11.6075, -26.0575, 6.23],
						"1.5833": [8.8575, -26.0575, 6.23],
						"1.7083": {
							"pre": [10.545, -17.62, 2.23],
							"post": [10.545, -17.62, 2.23],
							"lerp_mode": "catmullrom"
						},
						"1.875": [6.17, -13.62, -7.02],
						"2.8333": [6.17, -13.62, -7.02],
						"3.0417": {
							"pre": [9, -14.49, -3.55],
							"post": [9, -14.49, -3.55],
							"lerp_mode": "catmullrom"
						},
						"3.1667": {
							"post": [9.4825, -12.12, -5.52],
							"lerp_mode": "catmullrom"
						},
						"3.375": [8.73, -12.5575, -5.395],
						"3.5833": [8.73, -14.5575, -7.395],
						"4.4583": [8.73, -14.5575, -7.395],
						"4.625": [8.7325, -13.8075, -7.645],
						"4.8333": {
							"pre": [7.6825, -12.62, -6.52],
							"post": [7.6825, -12.62, -6.52],
							"lerp_mode": "catmullrom"
						},
						"4.9167": [7.48, -13.1825, -6.52],
						"5.0417": [7.48, -13.1825, -6.52],
						"5.25": {
							"pre": [6.88, -13.38, -6.75],
							"post": [6.88, -13.38, -6.75],
							"lerp_mode": "catmullrom"
						},
						"5.5": {
							"post": [6.17, -13.62, -7.02],
							"lerp_mode": "catmullrom"
						}
					},
					"scale": [1, 1.5, 1]
				},
				"chamber": {
					"rotation": {
						"3.2917": [0, 0, 0],
						"3.4167": [0, 0, 0],
						"3.4583": [0, 15, 0],
						"3.5": [0, 12.5, 0],
						"3.5417": [0, 15, 0],
						"4.8333": [0, 15, 0],
						"4.9583": [0, 0, 0]
					}
				},
				"root": {
					"rotation": {
						"0.0": [0, 0, 0],
						"0.2917": {
							"pre": [5.75, -2, 5],
							"post": [5.75, -2, 5],
							"lerp_mode": "catmullrom"
						},
						"0.5833": {
							"post": [-26.4101, -31.71763, -33.67388],
							"lerp_mode": "catmullrom"
						},
						"0.8333": {
							"post": [-24.49793, -30.90673, -29.68313],
							"lerp_mode": "catmullrom"
						},
						"1.125": {
							"post": [-26.1601, -31.71763, -31.67388],
							"lerp_mode": "catmullrom"
						},
						"1.3333": {
							"post": [-26.34, -34.94, -41.58],
							"lerp_mode": "catmullrom"
						},
						"1.75": {
							"post": [-26.1601, -31.71763, -31.67388],
							"lerp_mode": "catmullrom"
						},
						"2.0833": {
							"post": [-30.86055, 23.14254, 33.03702],
							"lerp_mode": "catmullrom"
						},
						"2.4583": {
							"post": [-25.90521, 24.61587, 36.2337],
							"lerp_mode": "catmullrom"
						},
						"2.75": {
							"post": [-25.41, 24.62, 36.23],
							"lerp_mode": "catmullrom"
						},
						"3.0833": {
							"post": [-13.45602, -3.87475, 26.31298],
							"lerp_mode": "catmullrom"
						},
						"3.2917": [-12.75, -8.25, 25.5],
						"3.375": {
							"pre": [-13.10966, -8.2657, 25.11005],
							"post": [-13.10966, -8.2657, 25.11005],
							"lerp_mode": "catmullrom"
						},
						"3.4167": {
							"post": [-12.75, -8.25, 32.75],
							"lerp_mode": "catmullrom"
						},
						"3.5": {
							"post": [-8.01, -6.27, 23.68],
							"lerp_mode": "catmullrom"
						},
						"3.75": {
							"post": [-9.49, -4.91, 25.67],
							"lerp_mode": "catmullrom"
						},
						"4.0": {
							"post": [-6.86968, -7.50295, 14.19155],
							"lerp_mode": "catmullrom"
						},
						"4.25": {
							"post": [-6.87, -7.5, 14.19],
							"lerp_mode": "catmullrom"
						},
						"4.5833": {
							"post": [-15.65525, -11.66254, -4.86198],
							"lerp_mode": "catmullrom"
						},
						"4.7917": [-15.23555, -5.08403, -2.14138],
						"4.875": {
							"pre": [-15.31494, -11.30358, -5.45502],
							"post": [-15.31494, -11.30358, -5.45502],
							"lerp_mode": "catmullrom"
						},
						"5.0": {
							"post": [-14.31, -12.52, 19.04],
							"lerp_mode": "catmullrom"
						},
						"5.125": {
							"post": [-0.22423, -9.49254, 18.96574],
							"lerp_mode": "catmullrom"
						},
						"5.2917": {
							"post": [2.24786, -1.15188, -2.62308],
							"lerp_mode": "catmullrom"
						},
						"5.4583": {
							"post": [0, 0, 0.8125],
							"lerp_mode": "catmullrom"
						},
						"5.5833": [0, 0, 0]
					},
					"position": {
						"0.0": [0, 0, 0],
						"0.2083": {
							"pre": [-0.25, -1, -1.25],
							"post": [-0.25, -1, -1.25],
							"lerp_mode": "catmullrom"
						},
						"0.4583": {
							"post": [-2, 2, -0.75],
							"lerp_mode": "catmullrom"
						},
						"0.7083": {
							"post": [-2, 0.84, -0.76],
							"lerp_mode": "catmullrom"
						},
						"1.0": {
							"post": [-2, 1.125, -0.75],
							"lerp_mode": "catmullrom"
						},
						"1.1667": {
							"post": [-2.11, 0.21, -0.72],
							"lerp_mode": "catmullrom"
						},
						"1.3333": {
							"post": [-2.15, 1.06, -0.71],
							"lerp_mode": "catmullrom"
						},
						"1.6667": {
							"post": [-2, 1, -0.75],
							"lerp_mode": "catmullrom"
						},
						"1.9167": {
							"post": [0.25, -1, -1.25],
							"lerp_mode": "catmullrom"
						},
						"2.1667": {
							"post": [1.25, 1.5, -0.75],
							"lerp_mode": "catmullrom"
						},
						"2.5": {
							"post": [1.25, 1.09, -0.76],
							"lerp_mode": "catmullrom"
						},
						"2.8333": {
							"post": [1.25, 1.09, -0.76],
							"lerp_mode": "catmullrom"
						},
						"3.0833": {
							"post": [-0.75, -1.75, -2.25],
							"lerp_mode": "catmullrom"
						},
						"3.2917": [-1, -0.5, -2.5],
						"3.4167": {
							"pre": [-1, -1, -2.5],
							"post": [-1, -1, -2.5],
							"lerp_mode": "catmullrom"
						},
						"3.6667": {
							"post": [-1, -0.57812, -2.5],
							"lerp_mode": "catmullrom"
						},
						"3.9167": {
							"post": [-1, -0.75, -2.5],
							"lerp_mode": "catmullrom"
						},
						"4.125": {
							"post": [-1, -0.375, -2.5],
							"lerp_mode": "catmullrom"
						},
						"4.375": {
							"post": [-1, -0.5025, -2.5],
							"lerp_mode": "catmullrom"
						},
						"4.5833": {
							"post": [-0.46, 0.67, -1.99],
							"lerp_mode": "catmullrom"
						},
						"4.7917": {
							"post": [-0.5, -0.5, -2],
							"lerp_mode": "catmullrom"
						},
						"4.9167": {
							"post": [-0.75, 0, -2],
							"lerp_mode": "catmullrom"
						},
						"5.0417": {
							"post": [0.02, -0.22, -0.61],
							"lerp_mode": "catmullrom"
						},
						"5.1667": {
							"post": [0.02, -0.97, -0.86],
							"lerp_mode": "catmullrom"
						},
						"5.375": {
							"post": [0, 0.13, 0.49],
							"lerp_mode": "catmullrom"
						},
						"5.5417": {
							"post": [0, -0.01, -0.05],
							"lerp_mode": "catmullrom"
						},
						"5.7083": [0, 0, 0]
					}
				},
				"camera": {
					"rotation": {
						"0.0": {
							"post": [0, 0, 0],
							"lerp_mode": "catmullrom"
						},
						"0.125": {
							"post": [0.5, 0, -0.75],
							"lerp_mode": "catmullrom"
						},
						"0.3333": {
							"post": [-0.9375, 0, -0.75],
							"lerp_mode": "catmullrom"
						},
						"0.5417": {
							"post": [0.25, 0, -2],
							"lerp_mode": "catmullrom"
						},
						"0.75": {
							"post": [-0.6875, 0, -1.25],
							"lerp_mode": "catmullrom"
						},
						"0.9167": {
							"post": [-0.75, 0, -1.25],
							"lerp_mode": "catmullrom"
						},
						"1.125": {
							"post": [0.5, 0, -0.75],
							"lerp_mode": "catmullrom"
						},
						"1.2917": {
							"post": [-0.5, 0, 0],
							"lerp_mode": "catmullrom"
						},
						"1.5": {
							"post": [-0.5, 0, -0.25],
							"lerp_mode": "catmullrom"
						},
						"1.7917": {
							"post": [1, 0, 0.25],
							"lerp_mode": "catmullrom"
						},
						"2.125": {
							"post": [-0.5, 0, 1.25],
							"lerp_mode": "catmullrom"
						},
						"2.4583": {
							"post": [-0.26, 0, 1],
							"lerp_mode": "catmullrom"
						},
						"2.75": {
							"post": [-0.07, 0, 1.25],
							"lerp_mode": "catmullrom"
						},
						"3.0417": {
							"post": [0.75, 0, 0],
							"lerp_mode": "catmullrom"
						},
						"3.3333": {
							"post": [-0.5, 0, 0.5],
							"lerp_mode": "catmullrom"
						},
						"3.4583": {
							"post": [0.77, 0, -0.5],
							"lerp_mode": "catmullrom"
						},
						"3.7083": {
							"post": [0, 0, 0.25],
							"lerp_mode": "catmullrom"
						},
						"3.9583": {
							"post": [0.75, 0, 0.75],
							"lerp_mode": "catmullrom"
						},
						"4.1667": {
							"post": [0.75, 0, 0.75],
							"lerp_mode": "catmullrom"
						},
						"4.3333": {
							"post": [0.75, 0, 1],
							"lerp_mode": "catmullrom"
						},
						"4.5417": {
							"post": [1, 0, 1],
							"lerp_mode": "catmullrom"
						},
						"4.75": {
							"post": [0.75, 0, 0.25],
							"lerp_mode": "catmullrom"
						},
						"4.9167": {
							"post": [-0.57, 0, -0.75],
							"lerp_mode": "catmullrom"
						},
						"5.125": {
							"post": [0.87, 0, 0.52],
							"lerp_mode": "catmullrom"
						},
						"5.3333": {
							"post": [-0.25, 0, -0.25],
							"lerp_mode": "catmullrom"
						},
						"5.625": {
							"post": [0, 0, 0],
							"lerp_mode": "catmullrom"
						},
						"5.875": {
							"post": [0, 0, 0],
							"lerp_mode": "catmullrom"
						}
					}
				},
				"mag_and_righthand": {
					"rotation": {
						"3.25": [0, 0, 0],
						"3.4167": [0, 0, 0],
						"3.5833": [0, 0, 90],
						"4.8333": [0, 0, 90],
						"5.0417": [0, 0, 0]
					}
				}
			}
		},
		"static_bolt_caught": {
			"loop": true,
			"bones": {
				"grenades": {
					"scale": 1
				}
			}
		},
		"inspect_empty": {
			"animation_length": 6.7917,
			"bones": {
				"righthand": {
					"rotation": {
						"0.0": [101.07, 8.95, -179.05],
						"3.25": [101.07, 8.95, -179.05],
						"3.3333": {
							"pre": [102.72096, 6.36331, -173.49027],
							"post": [102.72096, 6.36331, -173.49027],
							"lerp_mode": "catmullrom"
						},
						"3.4167": {
							"post": [100.25489, 9.8757, -179.59322],
							"lerp_mode": "catmullrom"
						},
						"3.625": {
							"post": [101.07, 8.95, -179.05],
							"lerp_mode": "catmullrom"
						},
						"3.75": {
							"post": [80.88314, 10.93355, -270.7934],
							"lerp_mode": "catmullrom"
						},
						"3.8333": {
							"post": [96.88, 10.93, -300.79],
							"lerp_mode": "catmullrom"
						},
						"4.2083": {
							"post": [135.19855, 21.06667, -294.61572],
							"lerp_mode": "catmullrom"
						},
						"4.625": {
							"post": [131.67523, 0.23828, -266.81447],
							"lerp_mode": "catmullrom"
						},
						"5.2083": {
							"post": [127.36, 24.07, -279.54],
							"lerp_mode": "catmullrom"
						},
						"5.5417": {
							"post": [122.2, 24.07, -287.62],
							"lerp_mode": "catmullrom"
						},
						"5.625": {
							"post": [92.9, 24.07, -287.62],
							"lerp_mode": "catmullrom"
						},
						"5.7083": {
							"post": [92.9, 24.07, -287.62],
							"lerp_mode": "catmullrom"
						},
						"5.875": {
							"post": [92.9, 24.07, -287.62],
							"lerp_mode": "catmullrom"
						},
						"6.0": {
							"post": [101.07, 8.95, -172.05],
							"lerp_mode": "catmullrom"
						}
					},
					"position": {
						"0.0": [-6.75, -16.3, 6.55],
						"3.25": [-6.75, -16.3, 6.55],
						"3.4167": {
							"pre": [-6.75, -16.3825, 4.5825],
							"post": [-6.75, -16.3825, 4.5825],
							"lerp_mode": "catmullrom"
						},
						"3.5": [-6.75, -17.05, 5.99],
						"3.625": {
							"pre": [-6.75, -16.3, 6.55],
							"post": [-6.75, -16.3, 6.55],
							"lerp_mode": "catmullrom"
						},
						"3.75": {
							"post": [-2.75, -9.3, 2.55],
							"lerp_mode": "catmullrom"
						},
						"4.0833": {
							"post": [-2.75, -9.3, 6.55],
							"lerp_mode": "catmullrom"
						},
						"4.2083": {
							"post": [-1.75, -9.3, 6.95],
							"lerp_mode": "catmullrom"
						},
						"5.25": {
							"post": [-2.75, -9.3, 7.95],
							"lerp_mode": "catmullrom"
						},
						"5.375": {
							"post": [-2.75, -9.3, 3.55],
							"lerp_mode": "catmullrom"
						},
						"5.5833": {
							"post": [-2.75, -9.3, 3.55],
							"lerp_mode": "catmullrom"
						},
						"5.7917": [-4.75, -12.8, 10.55],
						"5.9167": [-6.75, -16.3, 7.55]
					},
					"scale": {
						"0.0": [1, 1.5, 1],
						"3.25": [1, 1.5, 1]
					}
				},
				"stock": {
					"position": [0, 0, 0]
				},
				"lefthand": {
					"rotation": {
						"0.0": [141.38069, -56.60097, -188.26937],
						"0.2917": [117.07, -36.97, -177.64],
						"0.4583": {
							"pre": [114.88435, -30.22467, -173.69809],
							"post": [114.88435, -30.22467, -173.69809],
							"lerp_mode": "catmullrom"
						},
						"0.5833": {
							"post": [115.69, -30.24, -173.7],
							"lerp_mode": "catmullrom"
						},
						"1.5833": {
							"post": [115.69, -30.24, -173.7],
							"lerp_mode": "catmullrom"
						},
						"1.7083": {
							"post": [114.88435, -30.22467, -173.69809],
							"lerp_mode": "catmullrom"
						},
						"1.875": [117.07, -36.97, -177.64],
						"2.6667": [117.07, -36.97, -177.64],
						"3.0417": {
							"pre": [53.78255, -38.28672, -143.8954],
							"post": [53.78255, -38.28672, -143.8954],
							"lerp_mode": "catmullrom"
						},
						"3.2917": {
							"post": [82.54206, -36.51975, -174.19689],
							"lerp_mode": "catmullrom"
						},
						"3.4167": {
							"post": [83.8164, -36.01149, -154.24787],
							"lerp_mode": "catmullrom"
						},
						"5.25": {
							"post": [83.8164, -25.01149, -154.2479],
							"lerp_mode": "catmullrom"
						},
						"5.5": {
							"post": [117.69044, -56.74965, -182.96155],
							"lerp_mode": "catmullrom"
						},
						"6.0833": {
							"post": [158.40171, -51.95178, -182.46851],
							"lerp_mode": "catmullrom"
						},
						"6.2083": {
							"post": [145.45791, -22.46439, -161.86995],
							"lerp_mode": "catmullrom"
						},
						"6.4167": {
							"post": [114.88435, -30.22467, -176.69809],
							"lerp_mode": "catmullrom"
						},
						"6.5833": [141.38069, -56.60097, -191.26937]
					},
					"position": {
						"0.0": [6.17, -13.62, -7.02],
						"0.2917": [6.17, -13.62, -7.02],
						"0.4583": {
							"pre": [13.295, -17.62, 2.23],
							"post": [13.295, -17.62, 2.23],
							"lerp_mode": "catmullrom"
						},
						"0.5833": [11.6075, -26.0575, 6.23],
						"1.5833": [8.8575, -26.0575, 6.23],
						"1.7083": {
							"pre": [10.545, -17.62, 2.23],
							"post": [10.545, -17.62, 2.23],
							"lerp_mode": "catmullrom"
						},
						"1.875": [6.17, -13.62, -7.02],
						"2.8333": [6.17, -13.62, -7.02],
						"3.0417": {
							"pre": [9, -14.49, -3.55],
							"post": [9, -14.49, -3.55],
							"lerp_mode": "catmullrom"
						},
						"3.1667": {
							"post": [9.4825, -12.12, -5.52],
							"lerp_mode": "catmullrom"
						},
						"3.375": [8.73, -12.5575, -5.395],
						"3.5833": [8.73, -14.5575, -7.395],
						"4.4583": [8.73, -14.5575, -7.395],
						"4.625": [8.7325, -13.8075, -7.645],
						"4.8333": {
							"pre": [7.6825, -12.62, -6.52],
							"post": [7.6825, -12.62, -6.52],
							"lerp_mode": "catmullrom"
						},
						"4.9167": [7.48, -13.1825, -6.52],
						"5.0417": [7.48, -13.1825, -6.52],
						"5.25": {
							"pre": [6.88, -13.38, -6.75],
							"post": [6.88, -13.38, -6.75],
							"lerp_mode": "catmullrom"
						},
						"5.5": {
							"post": [6.17, -13.62, -7.02],
							"lerp_mode": "catmullrom"
						}
					},
					"scale": [1, 1.5, 1]
				},
				"chamber": {
					"rotation": {
						"3.2917": [0, 0, 0],
						"3.4167": [0, 0, 0],
						"3.4583": [0, 15, 0],
						"3.5": [0, 12.5, 0],
						"3.5417": [0, 15, 0],
						"4.8333": [0, 15, 0],
						"4.9583": [0, 0, 0]
					}
				},
				"root": {
					"rotation": {
						"0.0": [0, 0, 0],
						"0.2917": {
							"pre": [5.75, -2, 5],
							"post": [5.75, -2, 5],
							"lerp_mode": "catmullrom"
						},
						"0.5833": {
							"post": [-26.4101, -31.71763, -33.67388],
							"lerp_mode": "catmullrom"
						},
						"0.8333": {
							"post": [-24.49793, -30.90673, -29.68313],
							"lerp_mode": "catmullrom"
						},
						"1.125": {
							"post": [-26.1601, -31.71763, -31.67388],
							"lerp_mode": "catmullrom"
						},
						"1.3333": {
							"post": [-26.34, -34.94, -41.58],
							"lerp_mode": "catmullrom"
						},
						"1.75": {
							"post": [-26.1601, -31.71763, -31.67388],
							"lerp_mode": "catmullrom"
						},
						"2.0833": {
							"post": [-30.86055, 23.14254, 33.03702],
							"lerp_mode": "catmullrom"
						},
						"2.4583": {
							"post": [-25.90521, 24.61587, 36.2337],
							"lerp_mode": "catmullrom"
						},
						"2.75": {
							"post": [-25.41, 24.62, 36.23],
							"lerp_mode": "catmullrom"
						},
						"3.0833": {
							"post": [-13.45602, -3.87475, 26.31298],
							"lerp_mode": "catmullrom"
						},
						"3.2917": [-12.75, -8.25, 25.5],
						"3.375": {
							"pre": [-13.10966, -8.2657, 25.11005],
							"post": [-13.10966, -8.2657, 25.11005],
							"lerp_mode": "catmullrom"
						},
						"3.4167": {
							"post": [-12.75, -8.25, 32.75],
							"lerp_mode": "catmullrom"
						},
						"3.5": {
							"post": [-8.01, -6.27, 23.68],
							"lerp_mode": "catmullrom"
						},
						"3.75": {
							"post": [-9.49, -4.91, 25.67],
							"lerp_mode": "catmullrom"
						},
						"4.0": {
							"post": [-6.86968, -7.50295, 14.19155],
							"lerp_mode": "catmullrom"
						},
						"4.25": {
							"post": [-6.87, -7.5, 14.19],
							"lerp_mode": "catmullrom"
						},
						"5.3333": {
							"post": [-6.87, -7.5, 13.19],
							"lerp_mode": "catmullrom"
						},
						"5.625": {
							"post": [-15.65525, -11.66254, -5.86198],
							"lerp_mode": "catmullrom"
						},
						"6.0": [-15.23555, -5.08403, -0.14138],
						"6.0833": {
							"pre": [-15.31494, -11.30358, -3.45502],
							"post": [-15.31494, -11.30358, -3.45502],
							"lerp_mode": "catmullrom"
						},
						"6.2083": {
							"post": [-14.31, -12.52, 21.04],
							"lerp_mode": "catmullrom"
						},
						"6.3333": {
							"post": [-0.22423, -9.49254, 20.96574],
							"lerp_mode": "catmullrom"
						},
						"6.5": {
							"post": [2.24786, -1.15188, -0.62308],
							"lerp_mode": "catmullrom"
						},
						"6.6667": {
							"post": [0, 0, 2.8125],
							"lerp_mode": "catmullrom"
						},
						"6.7917": [0, 0, 2]
					},
					"position": {
						"0.0": [0, 0, 0],
						"0.2083": {
							"pre": [-0.25, -1, -1.25],
							"post": [-0.25, -1, -1.25],
							"lerp_mode": "catmullrom"
						},
						"0.4583": {
							"post": [-2, 2, -0.75],
							"lerp_mode": "catmullrom"
						},
						"0.7083": {
							"post": [-2, 0.84, -0.76],
							"lerp_mode": "catmullrom"
						},
						"1.0": {
							"post": [-2, 1.125, -0.75],
							"lerp_mode": "catmullrom"
						},
						"1.1667": {
							"post": [-2.11, 0.21, -0.72],
							"lerp_mode": "catmullrom"
						},
						"1.3333": {
							"post": [-2.15, 1.06, -0.71],
							"lerp_mode": "catmullrom"
						},
						"1.6667": {
							"post": [-2, 1, -0.75],
							"lerp_mode": "catmullrom"
						},
						"1.9167": {
							"post": [0.25, -1, -1.25],
							"lerp_mode": "catmullrom"
						},
						"2.1667": {
							"post": [1.25, 1.5, -0.75],
							"lerp_mode": "catmullrom"
						},
						"2.5": {
							"post": [1.25, 1.09, -0.76],
							"lerp_mode": "catmullrom"
						},
						"2.8333": {
							"post": [1.25, 1.09, -0.76],
							"lerp_mode": "catmullrom"
						},
						"3.0833": {
							"post": [-0.75, -1.75, -2.25],
							"lerp_mode": "catmullrom"
						},
						"3.2917": [-1, -0.5, -2.5],
						"3.4167": {
							"pre": [-1, -1, -2.5],
							"post": [-1, -1, -2.5],
							"lerp_mode": "catmullrom"
						},
						"3.6667": {
							"post": [-1, -0.57812, -2.5],
							"lerp_mode": "catmullrom"
						},
						"3.7917": {
							"post": [-1, -0.66, -2.5],
							"lerp_mode": "catmullrom"
						},
						"3.8333": {
							"post": [-1, -0.71, -2.4],
							"lerp_mode": "catmullrom"
						},
						"3.9167": {
							"post": [-1, -0.75, -2.5],
							"lerp_mode": "catmullrom"
						},
						"4.125": {
							"post": [-1, -0.375, -2.5],
							"lerp_mode": "catmullrom"
						},
						"4.375": {
							"post": [-1, -0.5025, -2.5],
							"lerp_mode": "catmullrom"
						},
						"5.0833": {
							"post": [-0.46, 0.67, -1.69],
							"lerp_mode": "catmullrom"
						},
						"5.2917": {
							"post": [-0.5, -0.5, -2],
							"lerp_mode": "catmullrom"
						},
						"5.4167": {
							"post": [-0.75, 0, -2],
							"lerp_mode": "catmullrom"
						},
						"5.5417": {
							"post": [0.02, -0.22, -0.61],
							"lerp_mode": "catmullrom"
						},
						"5.6667": {
							"post": [0.02, -0.97, -0.86],
							"lerp_mode": "catmullrom"
						},
						"5.875": {
							"post": [0, 0.13, 0.49],
							"lerp_mode": "catmullrom"
						},
						"6.0417": {
							"post": [0, -0.01, -0.05],
							"lerp_mode": "catmullrom"
						},
						"6.2083": [0, 0, 0]
					}
				},
				"mag_and_righthand": {
					"rotation": {
						"3.25": [0, 0, 0],
						"3.4167": [0, 0, 0],
						"3.5833": [0, 0, 90],
						"6.0": [0, 0, 90],
						"6.2083": [0, 0, 0]
					}
				},
				"40mm HE": {
					"rotation": {
						"4.0": {
							"pre": [0, 0, 0],
							"post": [0, 0, 0],
							"lerp_mode": "catmullrom"
						},
						"4.125": {
							"post": [-58.4333, 0.2294, 10.3141],
							"lerp_mode": "catmullrom"
						},
						"4.375": {
							"post": [-63.62, 0.25, 11.23],
							"lerp_mode": "catmullrom"
						},
						"4.625": {
							"post": [-64.5, 0, 11.38],
							"lerp_mode": "catmullrom"
						},
						"4.875": {
							"post": [-64.5, 0, 11.38],
							"lerp_mode": "catmullrom"
						},
						"5.125": {
							"post": [-58.43, 1.23, 10.31],
							"lerp_mode": "catmullrom"
						},
						"5.3333": {
							"post": [0, 0, 0],
							"lerp_mode": "catmullrom"
						}
					},
					"position": {
						"0.0": [0, 0, 0],
						"3.75": [0, 0, 0],
						"3.9583": [0, 0, 2],
						"4.2083": [0, 0, 2],
						"4.5833": [0, 0, 2.28],
						"5.25": {
							"pre": [0, 0, 2],
							"post": [0, 0, 2],
							"lerp_mode": "catmullrom"
						},
						"5.3333": {
							"post": [0, 0, 0],
							"lerp_mode": "catmullrom"
						}
					}
				},
				"warhead": {
					"scale": 0
				},
				"camera": {
					"rotation": {
						"0.0": {
							"post": [0, 0, 0],
							"lerp_mode": "catmullrom"
						},
						"0.125": {
							"post": [0.5, 0, -0.75],
							"lerp_mode": "catmullrom"
						},
						"0.3333": {
							"post": [-0.9375, 0, -0.75],
							"lerp_mode": "catmullrom"
						},
						"0.5417": {
							"post": [0.25, 0, -2],
							"lerp_mode": "catmullrom"
						},
						"0.75": {
							"post": [-0.6875, 0, -1.25],
							"lerp_mode": "catmullrom"
						},
						"0.9167": {
							"post": [-0.75, 0, -1.25],
							"lerp_mode": "catmullrom"
						},
						"1.125": {
							"post": [0.5, 0, -0.75],
							"lerp_mode": "catmullrom"
						},
						"1.2917": {
							"post": [-0.5, 0, 0],
							"lerp_mode": "catmullrom"
						},
						"1.5": {
							"post": [-0.5, 0, -0.25],
							"lerp_mode": "catmullrom"
						},
						"1.7917": {
							"post": [1, 0, 0.25],
							"lerp_mode": "catmullrom"
						},
						"2.125": {
							"post": [-0.5, 0, 1.25],
							"lerp_mode": "catmullrom"
						},
						"2.4583": {
							"post": [-0.26, 0, 1],
							"lerp_mode": "catmullrom"
						},
						"2.75": {
							"post": [-0.07, 0, 1.25],
							"lerp_mode": "catmullrom"
						},
						"3.0417": {
							"post": [0.75, 0, 0],
							"lerp_mode": "catmullrom"
						},
						"3.3333": {
							"post": [-0.5, 0, 0.5],
							"lerp_mode": "catmullrom"
						},
						"3.4583": {
							"post": [0.77, 0, -0.5],
							"lerp_mode": "catmullrom"
						},
						"3.7083": {
							"post": [0, 0, 0.25],
							"lerp_mode": "catmullrom"
						},
						"3.9583": {
							"post": [0.75, 0, 0.75],
							"lerp_mode": "catmullrom"
						},
						"4.0833": {
							"post": [0.79, 0, 0.76],
							"lerp_mode": "catmullrom"
						},
						"4.2083": {
							"post": [1.35, 0, 0.75],
							"lerp_mode": "catmullrom"
						},
						"4.3333": {
							"post": [0.75, 0, 1],
							"lerp_mode": "catmullrom"
						},
						"4.5417": {
							"post": [1, 0, 1],
							"lerp_mode": "catmullrom"
						},
						"5.125": {
							"post": [0.99, 0, 0.79],
							"lerp_mode": "catmullrom"
						},
						"5.3333": {
							"post": [5, 0, 0.71],
							"lerp_mode": "catmullrom"
						},
						"5.5": {
							"post": [-1.4, 0, 0.65],
							"lerp_mode": "catmullrom"
						},
						"6.125": {
							"post": [0.75, 0, 0.25],
							"lerp_mode": "catmullrom"
						},
						"6.2083": {
							"post": [-0.57, 0, -0.75],
							"lerp_mode": "catmullrom"
						},
						"6.2917": {
							"post": [0.87, 0, 0.52],
							"lerp_mode": "catmullrom"
						},
						"6.4167": {
							"post": [-0.25, 0, -0.25],
							"lerp_mode": "catmullrom"
						},
						"6.625": {
							"post": [0, 0, 0],
							"lerp_mode": "catmullrom"
						},
						"6.875": {
							"post": [0, 0, 0],
							"lerp_mode": "catmullrom"
						}
					}
				},
				"40mmHE": {
					"rotation": {
						"3.7917": [0, 0, 0],
						"4.2083": {
							"pre": [-45, 0, 0],
							"post": [-45, 0, 0],
							"lerp_mode": "catmullrom"
						},
						"4.5417": {
							"post": [-41.57337, 19.05681, 20.20848],
							"lerp_mode": "catmullrom"
						},
						"5.1667": {
							"post": [-44.75235, -5.29146, 0],
							"lerp_mode": "catmullrom"
						},
						"5.375": [0, 0, 0]
					},
					"position": {
						"3.7917": [0, 0, 0],
						"4.2083": {
							"pre": [0, 0, 4],
							"post": [0, 0, 4],
							"lerp_mode": "catmullrom"
						},
						"4.5417": {
							"post": [0, 0, 4],
							"lerp_mode": "catmullrom"
						},
						"5.1667": {
							"post": [0, 0, 4],
							"lerp_mode": "catmullrom"
						},
						"5.375": [0, 0, 0]
					}
				}
			}
		}
	}
}