{
	"format_version": "1.8.0",
	"animations": {
		"static_idle": {
			"animation_length": 0.06667,
			"bones": {
				"lefthand": {
					"rotation": [105.21401, -25.37935, -150.1551],
					"position": [8.03, -15.15, -4.57],
					"scale": [1, 1.5, 1]
				},
				"righthand": {
					"rotation": [95.0274, 5.97708, -179.47516],
					"position": [-6.95, -17.1, 9.825],
					"scale": [1, 1.5, 1]
				},
				"constraint": {
					"rotation": [0.1, 0.1, 0.1],
					"position": [0.1, 0.1, 0.5]
				}
			}
		},
		"static_bolt_caught": {
			"animation_length": 0.1,
			"bones": {
				"lefthand": {
					"rotation": [105.21401, -25.37935, -150.1551],
					"position": [8.03, -15.15, -4.57],
					"scale": [1, 1.5, 1]
				},
				"righthand": {
					"rotation": [95.0274, 5.97708, -179.47516],
					"position": [-6.95, -17.1, 9.825],
					"scale": [1, 1.5, 1]
				},
				"bullet": {
					"scale": 0
				},
				"bolt": {
					"position": [0, 0, 4]
				}
			}
		},
		"draw": {
			"animation_length": 0.73333,
			"bones": {
				"lefthand": {
					"rotation": [105.21401, -25.37935, -150.1551],
					"position": [8.03, -15.15, -4.57],
					"scale": [1, 1.5, 1]
				},
				"righthand": {
					"rotation": [95.0274, 5.97708, -179.47516],
					"position": [-6.95, -17.1, 9.825],
					"scale": [1, 1.5, 1]
				},
				"root": {
					"rotation": {
						"0.0": {
							"post": [0, -35, 57.5],
							"lerp_mode": "catmullrom"
						},
						"0.1667": {
							"post": [2.7348, -8.92512, 37.89727],
							"lerp_mode": "catmullrom"
						},
						"0.3333": {
							"post": [0.64547, -1.47247, 6.10117],
							"lerp_mode": "catmullrom"
						},
						"0.4333": {
							"post": [1.37749, -0.08367, -1.55166],
							"lerp_mode": "catmullrom"
						},
						"0.5": {
							"post": [-0.45456, -0.10457, 0.82333],
							"lerp_mode": "catmullrom"
						},
						"0.6": [-0.065, -0.44, -0.27],
						"0.7": [0, 0, 0]
					},
					"position": {
						"0.0": {
							"post": [0, -8, 2],
							"lerp_mode": "catmullrom"
						},
						"0.1667": {
							"post": [-0.14, -2.41, -0.195],
							"lerp_mode": "catmullrom"
						},
						"0.2333": {
							"post": [-0.22, -0.29, -1.425],
							"lerp_mode": "catmullrom"
						},
						"0.3333": {
							"post": [-0.125, -0.385, -1.975],
							"lerp_mode": "catmullrom"
						},
						"0.4333": {
							"post": [0, -0.305, 0.05],
							"lerp_mode": "catmullrom"
						},
						"0.5333": {
							"post": [0.05, 0, -0.15],
							"lerp_mode": "catmullrom"
						},
						"0.6333": {
							"post": [-0.025, 0, 0.05],
							"lerp_mode": "catmullrom"
						},
						"0.7333": {
							"post": [0, 0, 0],
							"lerp_mode": "catmullrom"
						}
					}
				},
				"camera": {
					"rotation": {
						"0.0": {
							"post": [0, 0, 0],
							"lerp_mode": "catmullrom"
						},
						"0.2": {
							"post": [1.00016, 0.00436, 0.75027],
							"lerp_mode": "catmullrom"
						},
						"0.4333": {
							"post": [0, 0, -0.75],
							"lerp_mode": "catmullrom"
						},
						"0.5333": {
							"post": [0, 0, 0],
							"lerp_mode": "catmullrom"
						},
						"0.6333": {
							"post": [0, 0, -0.3],
							"lerp_mode": "catmullrom"
						},
						"0.7333": {
							"post": [0, 0, 0],
							"lerp_mode": "catmullrom"
						}
					}
				}
			},
			"sound_effects": {
				"0.0": {
					"effect": "tacz:sks/sks_raise"
				}
			}
		},
		"put_away": {
			"animation_length": 0.46667,
			"bones": {
				"lefthand": {
					"rotation": {
						"0.0": [105.21401, -25.37935, -150.1551],
						"0.0667": [127.67152, -14.70086, -183.17363],
						"0.1333": [148.34013, 7.13088, -207.53996]
					},
					"position": {
						"0.0": [8.03, -15.15, -4.57],
						"0.1333": [8.805, -12.2, -4.57]
					},
					"scale": [1, 1.5, 1]
				},
				"righthand": {
					"rotation": [95.0274, 5.97708, -179.47516],
					"position": [-6.95, -17.1, 9.825],
					"scale": [1, 1.5, 1]
				},
				"root": {
					"rotation": {
						"0.0": {
							"post": [0, 0, 0],
							"lerp_mode": "catmullrom"
						},
						"0.0667": {
							"post": [-0.51171, -3.6801, -4.19401],
							"lerp_mode": "catmullrom"
						},
						"0.1667": {
							"post": [4.36882, -11.73179, -10.29382],
							"lerp_mode": "catmullrom"
						},
						"0.2667": {
							"post": [16.99835, -17.70783, -19.61271],
							"lerp_mode": "catmullrom"
						},
						"0.3333": {
							"post": [22.5, -27.4, -9.02],
							"lerp_mode": "catmullrom"
						},
						"0.4333": {
							"post": [38.74, -37.82, -13.36],
							"lerp_mode": "catmullrom"
						}
					},
					"position": {
						"0.0": {
							"post": [0, 0, 0],
							"lerp_mode": "catmullrom"
						},
						"0.0667": {
							"post": [-0.45, -0.49, 0.28],
							"lerp_mode": "catmullrom"
						},
						"0.1667": {
							"post": [-0.67, -1.47, 0.34],
							"lerp_mode": "catmullrom"
						},
						"0.2667": {
							"post": [-0.435, -3.245, 0.06],
							"lerp_mode": "catmullrom"
						},
						"0.3333": {
							"post": [0.22, -5.38, -0.15],
							"lerp_mode": "catmullrom"
						},
						"0.4333": {
							"post": [1.49, -9.585, -0.36],
							"lerp_mode": "catmullrom"
						}
					}
				},
				"camera": {
					"rotation": {
						"0.0": {
							"post": [0, 0, 0],
							"lerp_mode": "catmullrom"
						},
						"0.1": {
							"post": [0.3, 0, -0.125],
							"lerp_mode": "catmullrom"
						},
						"0.2667": {
							"post": [0.64, 0, 0.3],
							"lerp_mode": "catmullrom"
						},
						"0.3333": {
							"post": [0.5, 0, 0.15],
							"lerp_mode": "catmullrom"
						},
						"0.4333": {
							"post": [0, 0, 0],
							"lerp_mode": "catmullrom"
						}
					}
				}
			},
			"sound_effects": {
				"0.0": {
					"effect": "tacz:sks/sks_drop"
				}
			}
		},
		"reload_tactical": {
			"animation_length": 2.46667,
			"bones": {
				"lefthand": {
					"rotation": {
						"0.1": [105.21401, -25.37935, -150.1551],
						"0.2": [122.26749, -7.73345, -191.3185],
						"0.2667": [132.29, -0.09, -194.39],
						"0.3667": [115.30075, 5.00884, -196.43227],
						"0.7667": [127.30075, 5.00884, -196.43227],
						"0.8333": [131.47243, 24.30751, -199.33131],
						"1.3667": [131.47243, 24.30751, -199.33131],
						"1.7667": [131.47243, 24.30751, -199.33131],
						"1.9": [105.21401, -25.37935, -150.1551]
					},
					"position": {
						"0.1": [8.03, -15.15, -4.57],
						"0.1333": [8.57, -15.875, -3.765],
						"0.2": [8.7, -17.26, -1.67],
						"0.2333": [8.03, -17.18, -0.26],
						"0.3667": [7.58, -17.13, 0.68],
						"0.7667": [7.58, -17.125, 0.68],
						"0.8333": [7.58, -17.125, 0.68],
						"1.3667": [7.58, -17.125, 0.68],
						"1.7667": [7.58, -17.125, 0.68],
						"1.8667": [8.275, -16.815, -3.47],
						"1.9": [8.03, -15.15, -4.57]
					},
					"scale": [1, 1.5, 1]
				},
				"righthand": {
					"rotation": [95.0274, 5.97708, -179.47516],
					"position": [-6.95, -17.1, 9.825],
					"scale": [1, 1.5, 1]
				},
				"root": {
					"rotation": {
						"0.0": {
							"post": [0, 0, 0],
							"lerp_mode": "catmullrom"
						},
						"0.1": {
							"post": [0.71, -0.48, -0.54],
							"lerp_mode": "catmullrom"
						},
						"0.2333": {
							"post": [-6.0424, -4.93484, -18.48372],
							"lerp_mode": "catmullrom"
						},
						"0.3333": {
							"post": [-7.06542, -4.3749, -15.10924],
							"lerp_mode": "catmullrom"
						},
						"0.4333": {
							"post": [-6.6844, -4.6523, -17.14177],
							"lerp_mode": "catmullrom"
						},
						"0.5": {
							"post": [-5.78324, -4.35721, -24.55127],
							"lerp_mode": "catmullrom"
						},
						"0.5333": {
							"post": [-4.69618, -4.30765, -32.31217],
							"lerp_mode": "catmullrom"
						},
						"0.6": {
							"post": [-4.4531, -3.24896, -26.1181],
							"lerp_mode": "catmullrom"
						},
						"0.7": {
							"post": [-3.3637, -3.21664, -25.28538],
							"lerp_mode": "catmullrom"
						},
						"0.8333": {
							"post": [-3.38089, -3.1538, -27.10058],
							"lerp_mode": "catmullrom"
						},
						"1.0": {
							"post": [-4.27176, -3.99826, -24.18613],
							"lerp_mode": "catmullrom"
						},
						"1.2": {
							"post": [-5.44333, -4.47792, -31.81026],
							"lerp_mode": "catmullrom"
						},
						"1.4333": {
							"post": [-8.29922, -6.15431, -31.9801],
							"lerp_mode": "catmullrom"
						},
						"1.5667": {
							"post": [-8.00516, -7.54391, -34.61897],
							"lerp_mode": "catmullrom"
						},
						"1.6": {
							"post": [-6.75705, -4.73742, -29.727],
							"lerp_mode": "catmullrom"
						},
						"1.6333": {
							"post": [-7.77027, -5.71373, -33.79628],
							"lerp_mode": "catmullrom"
						},
						"1.7333": {
							"post": [-7.90533, -4.58049, -27.05638],
							"lerp_mode": "catmullrom"
						},
						"1.8333": {
							"post": [-5.13429, -3.45343, -29.47468],
							"lerp_mode": "catmullrom"
						},
						"2.0": {
							"post": [2.55926, -1.68737, 2.91454],
							"lerp_mode": "catmullrom"
						},
						"2.1": {
							"post": [0.81153, -1.33195, -2.71128],
							"lerp_mode": "catmullrom"
						},
						"2.2": {
							"post": [0.78, -0.17, -3.2],
							"lerp_mode": "catmullrom"
						},
						"2.2667": {
							"post": [0.3889, 0.15987, 0.62995],
							"lerp_mode": "catmullrom"
						},
						"2.3333": {
							"post": [0.00175, -0.19999, -0.5],
							"lerp_mode": "catmullrom"
						},
						"2.4667": {
							"post": [0, 0, 0],
							"lerp_mode": "catmullrom"
						}
					},
					"position": {
						"0.0": {
							"post": [0, 0, 0],
							"lerp_mode": "catmullrom"
						},
						"0.1": {
							"post": [0, -0.71, -0.815],
							"lerp_mode": "catmullrom"
						},
						"0.2": {
							"post": [0, -0.775, -0.495],
							"lerp_mode": "catmullrom"
						},
						"0.2333": {
							"post": [0, -0.475, 0.15],
							"lerp_mode": "catmullrom"
						},
						"0.3667": {
							"post": [-0.2, -0.22, 0.295],
							"lerp_mode": "catmullrom"
						},
						"0.4667": {
							"post": [0, -0.255, 0.005],
							"lerp_mode": "catmullrom"
						},
						"0.5333": {
							"post": [0.29, -0.78, -0.72375],
							"lerp_mode": "catmullrom"
						},
						"0.6333": {
							"post": [-0.165, -0.725, -0.495],
							"lerp_mode": "catmullrom"
						},
						"0.8": {
							"post": [-0.115, -0.495, -0.225],
							"lerp_mode": "catmullrom"
						},
						"1.0333": {
							"post": [-0.15, -0.785, -0.2625],
							"lerp_mode": "catmullrom"
						},
						"1.2": {
							"post": [0.015, -0.49, -0.58875],
							"lerp_mode": "catmullrom"
						},
						"1.4": {
							"post": [0.22, -0.15, -0.245],
							"lerp_mode": "catmullrom"
						},
						"1.5667": {
							"post": [0.2, -0.455, 0.105],
							"lerp_mode": "catmullrom"
						},
						"1.6333": {
							"post": [0.35, -0.945, 0.385],
							"lerp_mode": "catmullrom"
						},
						"1.7667": {
							"post": [0.125, -0.925, 0.11],
							"lerp_mode": "catmullrom"
						},
						"1.9": {
							"post": [-0.325, -1.78, -1.23],
							"lerp_mode": "catmullrom"
						},
						"2.0667": {
							"post": [0, -0.8, -1.775],
							"lerp_mode": "catmullrom"
						},
						"2.2": {
							"post": [0, -0.15, 0.375],
							"lerp_mode": "catmullrom"
						},
						"2.3": {
							"post": [0, -0.025, -0.04375],
							"lerp_mode": "catmullrom"
						},
						"2.3667": {
							"post": [0, 0, 0.025],
							"lerp_mode": "catmullrom"
						},
						"2.4667": {
							"post": [0, 0, 0],
							"lerp_mode": "catmullrom"
						}
					}
				},
				"mag_and_lefthand": {
					"rotation": {
						"0.2667": [0, 0, 0],
						"0.4333": [-3.25, 0, 0],
						"0.4667": [-24, 0, 0],
						"0.5": [-24.73, -0.53, -0.76],
						"0.5667": [-39.3042, -7.41335, -10.70908],
						"0.6333": [-18.29879, -3.2902, -42.26674],
						"1.0667": [-30.74915, 8.37832, -61.98315],
						"1.1333": [-29.42035, 8.40954, -52.58212],
						"1.2667": [-42, 0, 0],
						"1.3667": [-33, 0, 0],
						"1.4333": [-16.5, 0, 0],
						"1.5667": [-16.5, 0, 0],
						"1.6": [0, 0, 0]
					},
					"position": {
						"0.2667": [0, 0, 0],
						"0.4333": [0, -0.03125, -0.08125],
						"0.4667": [0, -1.325, -0.5],
						"0.5": [0.06, -1.51, -0.62],
						"0.5667": [0.90303, -4.23487, -3.38844],
						"0.6333": [4.84453, -6.11636, -1.4807],
						"0.7333": [7.56956, -10.66502, 3.12887],
						"0.8667": [9.695, -16.32, 11.95],
						"1.0": [9.695, -16.32, 11.95],
						"1.0667": [6.36956, -15.41502, 4.07887],
						"1.3": [0, -2.75, -1.55],
						"1.3667": [0, -2.55, -1.35],
						"1.4333": [0, -1.725, -0.64],
						"1.5667": [0, -1.725, -0.64],
						"1.6": [0, 0, 0]
					}
				},
				"magrelease": {
					"rotation": {
						"0.2333": [0, 0, 0],
						"0.3333": [-35, 0, 0],
						"0.5333": [-35, 0, 0],
						"0.6333": [0, 0, 0],
						"1.5667": [0, 0, 0],
						"1.6": [-35, 0, 0],
						"1.6667": [0, 0, 0]
					}
				},
				"additional_magazine": {
					"scale": 0
				},
				"bullet": {
					"scale": {
						"0.0": [0, 0, 0],
						"0.8667": {
							"pre": [0, 0, 0],
							"post": [1, 1, 1]
						}
					}
				},
				"camera": {
					"rotation": {
						"0.0": {
							"post": [0, 0, 0],
							"lerp_mode": "catmullrom"
						},
						"0.1333": {
							"post": [0.39, 0, -0.45],
							"lerp_mode": "catmullrom"
						},
						"0.3333": {
							"post": [1.725, 0.05, -0.75],
							"lerp_mode": "catmullrom"
						},
						"0.5": {
							"post": [1.47, -0.02, -0.85],
							"lerp_mode": "catmullrom"
						},
						"0.5667": {
							"post": [1.755, -0.05, -1.2],
							"lerp_mode": "catmullrom"
						},
						"0.6667": {
							"post": [0.79, -0.07, -0.585],
							"lerp_mode": "catmullrom"
						},
						"0.8": {
							"post": [1.195, -0.09, -1.205],
							"lerp_mode": "catmullrom"
						},
						"0.9667": {
							"post": [1.14, -0.12, -0.86],
							"lerp_mode": "catmullrom"
						},
						"1.1": {
							"post": [1.345, -0.12, -1.025],
							"lerp_mode": "catmullrom"
						},
						"1.3667": {
							"post": [0.375, 0.075, -1.2],
							"lerp_mode": "catmullrom"
						},
						"1.5667": {
							"post": [0.29, 0.11, -1.29],
							"lerp_mode": "catmullrom"
						},
						"1.6333": {
							"post": [1.07, 0.11, -0.76],
							"lerp_mode": "catmullrom"
						},
						"1.7333": {
							"post": [0.42, 0.11, -1.485],
							"lerp_mode": "catmullrom"
						},
						"1.8333": {
							"post": [0.565, 0.08, -0.775],
							"lerp_mode": "catmullrom"
						},
						"1.9333": {
							"post": [0.25, 0.04, -0.61],
							"lerp_mode": "catmullrom"
						},
						"2.0333": {
							"post": [-0.225, 0, 0.125],
							"lerp_mode": "catmullrom"
						},
						"2.1": {
							"post": [-0.35, 0, 0.2],
							"lerp_mode": "catmullrom"
						},
						"2.2": {
							"post": [0.25, 0, -0.25],
							"lerp_mode": "catmullrom"
						},
						"2.3": {
							"post": [-0.075, 0, 0.075],
							"lerp_mode": "catmullrom"
						},
						"2.4333": {
							"post": [0, 0, 0],
							"lerp_mode": "catmullrom"
						}
					}
				}
			},
			"sound_effects": {
				"0.0": {
					"effect": "tacz:sks/sks_reload_raise"
				},
				"0.3333": {
					"effect": "tacz:sks/sks_reload_magout"
				},
				"1.2333": {
					"effect": "tacz:sks/sks_reload_end"
				},
				"1.3333": {
					"effect": "tacz:sks/sks_reload_magin"
				}
			}
		},
		"reload_empty": {
			"animation_length": 3.06667,
			"bones": {
				"lefthand": {
					"rotation": {
						"0.0": [105.21401, -25.37935, -150.1551],
						"0.3667": [122.97225, 11.77765, -198.95627],
						"0.8667": [122.97225, 11.77765, -198.95627],
						"1.5333": [122.97225, 11.77765, -198.95627],
						"1.6": [124.20049, 6.79151, -191.36152],
						"1.8": [94.91782, -21.4596, -105.91752],
						"1.9667": [146.85164, -74.13514, -140.4834],
						"2.0333": [155.48614, -78.70381, -149.25057],
						"2.1333": [155.48614, -78.70381, -149.25057],
						"2.1667": [218.82389, -33.0902, -204.32697],
						"2.2333": [226.65895, -32.11484, -217.80002],
						"2.3333": [192.45, -31.15, -208.14],
						"2.4": [106.93648, -28.74709, -183.97756],
						"2.4667": [104.63257, -30.33471, -153.86732],
						"2.5333": [105.21401, -25.37935, -150.1551]
					},
					"position": {
						"0.0": [8.03, -15.15, -4.57],
						"0.3667": [8.38, -16.85, 0.905],
						"0.8667": [8.38, -16.85, 0.905],
						"1.5333": [8.38, -16.85, 0.905],
						"1.6": [8.38, -16.85, 0.905],
						"1.6667": [8.99, -17.66, 1.59],
						"1.7667": [6.17, -19.87, 4.85],
						"1.8333": [3.32, -15.65, 2.93],
						"1.8667": [3.1, -13.535, 1.965],
						"1.9667": [3.23, -11.7, 4.225],
						"2.0333": [3.23, -11.525, 4.4],
						"2.1": [3.23, -11.52, 5.075],
						"2.1333": [3.23, -11.52, 5.075],
						"2.1667": [1.955, -12.795, 8.605],
						"2.2333": [1.96, -17.05, 11.785],
						"2.3333": [2.83, -19.14, 8.14],
						"2.4": [5, -24.35, -0.96],
						"2.4667": [8.925, -20.41, -2.51],
						"2.5333": [8.03, -15.15, -4.57]
					},
					"scale": [1, 1.5, 1]
				},
				"righthand": {
					"rotation": [95.0274, 5.97708, -179.47516],
					"position": [-6.95, -17.1, 9.825],
					"scale": [1, 1.5, 1]
				},
				"root": {
					"rotation": {
						"0.0": {
							"post": [0, 0, 0],
							"lerp_mode": "catmullrom"
						},
						"0.1333": {
							"post": [-1.03182, -1.42177, -4.17153],
							"lerp_mode": "catmullrom"
						},
						"0.2667": {
							"post": [-4.95194, -2.84384, -12.84444],
							"lerp_mode": "catmullrom"
						},
						"0.4": {
							"post": [-5.45194, -2.84384, -12.84444],
							"lerp_mode": "catmullrom"
						},
						"0.4667": {
							"post": [-4.82859, -2.74755, -11.4531],
							"lerp_mode": "catmullrom"
						},
						"0.5667": {
							"post": [-4.10432, -2.92695, -12.98598],
							"lerp_mode": "catmullrom"
						},
						"0.6667": {
							"post": [-4.95, -2.71, -12.34],
							"lerp_mode": "catmullrom"
						},
						"0.8667": {
							"post": [-6.42554, -2.29915, -16.59998],
							"lerp_mode": "catmullrom"
						},
						"0.9": {
							"post": [-5.07812, -1.84855, -11.17408],
							"lerp_mode": "catmullrom"
						},
						"0.9667": {
							"post": [-4.17408, -1.93423, -22.78894],
							"lerp_mode": "catmullrom"
						},
						"1.0667": {
							"post": [-4.22743, -2.38507, -17.25067],
							"lerp_mode": "catmullrom"
						},
						"1.1667": {
							"post": [-7.84345, -3.0228, -18.19228],
							"lerp_mode": "catmullrom"
						},
						"1.2667": {
							"post": [-9.68856, -2.27201, -15.20868],
							"lerp_mode": "catmullrom"
						},
						"1.4333": {
							"post": [-10.74624, -2.50998, -18.47674],
							"lerp_mode": "catmullrom"
						},
						"1.4667": {
							"post": [-9.12133, -2.27319, -13.42852],
							"lerp_mode": "catmullrom"
						},
						"1.5333": {
							"post": [-7.06453, -1.80274, -19.21223],
							"lerp_mode": "catmullrom"
						},
						"1.6": {
							"post": [-6.46188, -2.15177, -13.90293],
							"lerp_mode": "catmullrom"
						},
						"1.7": {
							"post": [-7.34942, -2.20878, -12.24785],
							"lerp_mode": "catmullrom"
						},
						"1.8": {
							"post": [-7.8, -2.84, -15.59],
							"lerp_mode": "catmullrom"
						},
						"1.9": {
							"post": [-7.41455, -3.48219, -23.17115],
							"lerp_mode": "catmullrom"
						},
						"2.0333": {
							"post": [-8.205, -3.71, -26.505],
							"lerp_mode": "catmullrom"
						},
						"2.1": {
							"post": [-8.42734, -4.40434, -32.8188],
							"lerp_mode": "catmullrom"
						},
						"2.1667": {
							"post": [-9.47546, -3.32825, -32.20233],
							"lerp_mode": "catmullrom"
						},
						"2.2": {
							"post": [-6.52229, -3.94546, -19.47027],
							"lerp_mode": "catmullrom"
						},
						"2.2667": {
							"post": [-2.18683, -3.43913, -29.02823],
							"lerp_mode": "catmullrom"
						},
						"2.3667": {
							"post": [-3.72949, -1.19414, -17.33538],
							"lerp_mode": "catmullrom"
						},
						"2.4667": {
							"post": [-1.14939, -1.96015, -20.96006],
							"lerp_mode": "catmullrom"
						},
						"2.6333": {
							"post": [3.96242, 1.18232, -1.59929],
							"lerp_mode": "catmullrom"
						},
						"2.7333": {
							"post": [2.6036, -1.33805, -0.60244],
							"lerp_mode": "catmullrom"
						},
						"2.8": {
							"post": [0.72, -0.49, -0.14],
							"lerp_mode": "catmullrom"
						},
						"2.8333": {
							"post": [0, 0, -2],
							"lerp_mode": "catmullrom"
						},
						"2.9": {
							"post": [-0.02618, 0.01884, 0.83852],
							"lerp_mode": "catmullrom"
						},
						"2.9667": {
							"post": [0, 0, -0.81],
							"lerp_mode": "catmullrom"
						},
						"3.0667": {
							"post": [0, 0, 0],
							"lerp_mode": "catmullrom"
						}
					},
					"position": {
						"0.0": {
							"post": [0, 0, 0],
							"lerp_mode": "catmullrom"
						},
						"0.1": {
							"post": [0, -0.665, -0.4],
							"lerp_mode": "catmullrom"
						},
						"0.2667": {
							"post": [0, -0.1, -0.325],
							"lerp_mode": "catmullrom"
						},
						"0.4": {
							"post": [0, -0.52, 0.625],
							"lerp_mode": "catmullrom"
						},
						"0.5": {
							"post": [-0.03, -0.63, 0.365],
							"lerp_mode": "catmullrom"
						},
						"0.6333": {
							"post": [-0.1, -0.525, 0.525],
							"lerp_mode": "catmullrom"
						},
						"0.8667": {
							"post": [-0.275, -0.375, 0.6],
							"lerp_mode": "catmullrom"
						},
						"0.9333": {
							"post": [-0.105, -0.92, 0.175],
							"lerp_mode": "catmullrom"
						},
						"1.0667": {
							"post": [-0.11, -1.12, -0.105],
							"lerp_mode": "catmullrom"
						},
						"1.3": {
							"post": [-0.11, -0.89, -0.125],
							"lerp_mode": "catmullrom"
						},
						"1.4333": {
							"post": [-0.26, -0.765, -0.12],
							"lerp_mode": "catmullrom"
						},
						"1.5": {
							"post": [-0.16, -1.015, 0.03],
							"lerp_mode": "catmullrom"
						},
						"1.6": {
							"post": [-0.18, -1.125, 0.03],
							"lerp_mode": "catmullrom"
						},
						"1.7": {
							"post": [-0.19, -0.955, 0.03],
							"lerp_mode": "catmullrom"
						},
						"1.8": {
							"post": [-0.21, -0.91, 0.03],
							"lerp_mode": "catmullrom"
						},
						"1.9333": {
							"post": [-0.385, -0.135, 0.03],
							"lerp_mode": "catmullrom"
						},
						"2.0333": {
							"post": [-0.39, 0.19, 0.03],
							"lerp_mode": "catmullrom"
						},
						"2.1333": {
							"post": [-0.39, -0.035, 0.03],
							"lerp_mode": "catmullrom"
						},
						"2.2": {
							"post": [-0.315, -0.96, -0.795],
							"lerp_mode": "catmullrom"
						},
						"2.3": {
							"post": [-0.31, -0.13, -0.615],
							"lerp_mode": "catmullrom"
						},
						"2.4333": {
							"post": [-0.38, -0.54, -0.64],
							"lerp_mode": "catmullrom"
						},
						"2.5667": {
							"post": [-0.435, -1.775, -0.835],
							"lerp_mode": "catmullrom"
						},
						"2.6667": {
							"post": [-0.28, -1.32, -1.78],
							"lerp_mode": "catmullrom"
						},
						"2.7333": {
							"post": [-0.21, -0.93, -1.21],
							"lerp_mode": "catmullrom"
						},
						"2.8333": {
							"post": [0, -0.275, 0.5],
							"lerp_mode": "catmullrom"
						},
						"2.9333": {
							"post": [0, -0.075, -0.2],
							"lerp_mode": "catmullrom"
						},
						"3.0333": {
							"post": [0, 0, 0],
							"lerp_mode": "catmullrom"
						}
					}
				},
				"mag_and_lefthand": {
					"rotation": {
						"0.0": [0, 0, 0],
						"0.1667": [-15.91527, 19.291, -55.38152],
						"0.6": [-15.91527, 19.291, -55.38152],
						"0.8": [-27.8218, -5.78326, -5.25522],
						"0.8667": [-27.8218, -5.78326, -5.25522],
						"0.9333": [-4.98507, -6.6725, -7.44948],
						"1.0": [0.78041, -6.70383, -5.43602],
						"1.1": [-4.48245, -3.04831, -17.70932],
						"1.2333": [-16.77992, -2.11859, -5.58151],
						"1.3": [-26.88285, -0.95993, -1.75154],
						"1.4333": [-26.88285, -0.95993, -1.75154],
						"1.4667": [0, 0, 0]
					},
					"position": {
						"0.0": [0, 0, 0],
						"0.1667": [9.075, -11.85, 8.75],
						"0.6": [9.075, -11.85, 8.75],
						"0.7": [6.005, -5.855, 1.625],
						"0.7667": [3.18, -1.95, 0.42],
						"0.8": [1.725, 0.125, 1.65],
						"0.8667": [1.775, -0.3, 1],
						"0.9333": [2.275, -1.4, -3.475],
						"1.0": [2.28, -2.5, -2.945],
						"1.1": [1.295, -2.995, -2.09],
						"1.2333": [0.325, -2.15, -1.075],
						"1.3": [0, -2.075, -1.4],
						"1.4333": [0, -2.075, -1.4],
						"1.4667": [0, 0, 0]
					}
				},
				"bolt": {
					"position": {
						"0.0": [0, 0, 4],
						"2.0333": [0, 0, 4],
						"2.1": [0, 0, 4.75],
						"2.1333": [0, 0, 4.75],
						"2.1667": [0, 0, 0],
						"2.2": [0, 0, 0.3],
						"2.2333": [0, 0, 0]
					}
				},
				"additional_magazine": {
					"rotation": {
						"0.8333": [0, 0, 0],
						"0.9": [-18.8, 0, 0],
						"0.9667": [-72.40054, -6.34462, 21.91268],
						"1.1": [-211.72283, 23.69606, 62.87892],
						"1.2333": [-335.72283, 23.69606, 62.87892],
						"1.3": [-378.06, 23.7, 62.88],
						"1.3333": [0, 0, 0]
					},
					"position": {
						"0.8333": [0, 0, 0],
						"0.9": [0, -1.835, -0.995],
						"1.0": [0, -5.53, -10.53],
						"1.1": [-1.175, -17.15, -20.425],
						"1.2": [-3.675, -33.65, -23.775],
						"1.3": [-9.05, -53.575, -24.275],
						"1.3333": [0, 0, 0]
					},
					"scale": {
						"0.0": [1, 1, 1],
						"1.3": {
							"pre": [1, 1, 1],
							"post": [0, 0, 0]
						}
					}
				},
				"mag_and_bullet": {
					"scale": {
						"0.0": [0, 0, 0],
						"0.6": {
							"pre": [0, 0, 0],
							"post": [1, 1, 1]
						}
					}
				},
				"magrelease": {
					"rotation": {
						"0.8667": [0, 0, 0],
						"0.9": [-40, 0, 0],
						"0.9333": [-40, 0, 0],
						"1.0": [-12.5, 0, 0],
						"1.4333": [-12.5, 0, 0],
						"1.4667": [-40, 0, 0],
						"1.5": [-40, 0, 0],
						"1.5333": [0, 0, 0]
					}
				},
				"bullet": {
					"scale": 1
				},
				"bullet_in_barrel": {
					"scale": {
						"0.0": [0, 0, 0],
						"2.1667": {
							"pre": [0, 0, 0],
							"post": [1, 1, 1]
						}
					}
				},
				"camera": {
					"rotation": {
						"0.0": {
							"post": [0, 0, 0],
							"lerp_mode": "catmullrom"
						},
						"0.2333": {
							"post": [1.075, 0.175, -0.8],
							"lerp_mode": "catmullrom"
						},
						"0.4333": {
							"post": [0.425, 0.25, -0.525],
							"lerp_mode": "catmullrom"
						},
						"0.6333": {
							"post": [0.145, 0.25, -1.15],
							"lerp_mode": "catmullrom"
						},
						"0.7333": {
							"post": [0.07, 0.25, -0.8],
							"lerp_mode": "catmullrom"
						},
						"0.8667": {
							"post": [0.355, 0.25, -1.275],
							"lerp_mode": "catmullrom"
						},
						"0.9333": {
							"post": [1.245, 0.2, -0.78],
							"lerp_mode": "catmullrom"
						},
						"1.0333": {
							"post": [0.665, 0.1, -1.67],
							"lerp_mode": "catmullrom"
						},
						"1.1333": {
							"post": [0.925, 0.025, -1.075],
							"lerp_mode": "catmullrom"
						},
						"1.2667": {
							"post": [0.665, 0.025, -1.415],
							"lerp_mode": "catmullrom"
						},
						"1.4": {
							"post": [0.825, 0.075, -1.25],
							"lerp_mode": "catmullrom"
						},
						"1.4667": {
							"post": [1.365, 0.125, -0.635],
							"lerp_mode": "catmullrom"
						},
						"1.5667": {
							"post": [0.335, 0.125, -1.65],
							"lerp_mode": "catmullrom"
						},
						"1.6667": {
							"post": [0.78, 0.125, -1.04],
							"lerp_mode": "catmullrom"
						},
						"1.8": {
							"post": [0.42, 0.05, -1.335],
							"lerp_mode": "catmullrom"
						},
						"2.0": {
							"post": [0.22, 0.225, -1.625],
							"lerp_mode": "catmullrom"
						},
						"2.1333": {
							"post": [0.41, 0.35, -1.655],
							"lerp_mode": "catmullrom"
						},
						"2.2": {
							"post": [1.37, 0.35, -1.005],
							"lerp_mode": "catmullrom"
						},
						"2.3": {
							"post": [0.235, 0.35, -1.94],
							"lerp_mode": "catmullrom"
						},
						"2.4": {
							"post": [0.715, 0.15, -1.275],
							"lerp_mode": "catmullrom"
						},
						"2.5333": {
							"post": [0.175, -0.05, -1.14],
							"lerp_mode": "catmullrom"
						},
						"2.6667": {
							"post": [-0.3, 0, 0.125],
							"lerp_mode": "catmullrom"
						},
						"2.7333": {
							"post": [0.25, 0, 0.25],
							"lerp_mode": "catmullrom"
						},
						"2.8333": {
							"post": [-0.175, 0, -0.275],
							"lerp_mode": "catmullrom"
						},
						"2.9333": {
							"post": [0.15, 0, 0.125],
							"lerp_mode": "catmullrom"
						},
						"3.0667": {
							"post": [0, 0, 0],
							"lerp_mode": "catmullrom"
						}
					}
				}
			},
			"sound_effects": {
				"0.0": {
					"effect": "tacz:sks/sks_reload_empty_raise"
				},
				"0.8333": {
					"effect": "tacz:sks/sks_reload_empty_magout"
				},
				"1.2": {
					"effect": "tacz:sks/sks_reload_empty_magin"
				},
				"1.9667": {
					"effect": "tacz:sks/sks_reload_empty_fast_charge"
				},
				"2.5": {
					"effect": "tacz:sks/sks_reload_empty_end"
				}
			}
		},
		"inspect": {
			"animation_length": 5.9,
			"bones": {
				"lefthand": {
					"rotation": {
						"0.0": [105.21, -25.38, -150.16],
						"0.2": [105.21, -25.38, -150.16],
						"0.2667": [113.14534, -16.33581, -164.72012],
						"0.3667": [124.2487, 6.51029, -190.9453],
						"1.5": [124.2487, 6.51029, -190.9453],
						"1.6333": [134.45855, 5.09938, -188.87079],
						"2.2": [134.45855, 5.09938, -188.87079],
						"2.2333": [134.45855, 5.09938, -188.87079],
						"2.3667": [134.45855, 5.09938, -188.87079],
						"2.5667": [97.71, -25.38, -150.16],
						"2.7": [88.6258, -29.45643, -169.35366],
						"5.0333": [88.63, -29.46, -169.35],
						"5.2": [105.21401, -25.37935, -150.1551]
					},
					"position": {
						"0.0": [8.03, -15.15, -4.57],
						"0.2": [8.03, -15.15, -4.57],
						"0.2667": [7.94, -17.195, -1.435],
						"0.3667": [7.255, -17, 0.46],
						"1.5": [7.26, -17, 0.46],
						"1.5667": [8.205, -16.99, 0.49],
						"1.6333": [7.51, -17.43, 0.51],
						"2.3667": [7.51, -17.43, 0.51],
						"2.5667": [8.03, -15.15, -4.57],
						"2.7": [8.03, -14.25, -1.62],
						"5.0333": [8.03, -14.25, -1.62],
						"5.2": [8.03, -15.15, -4.57]
					},
					"scale": [1, 1.5, 1]
				},
				"righthand": {
					"rotation": {
						"0.0": [95.0274, 5.97708, -179.47516],
						"3.5": [95.03, 5.98, -179.48],
						"3.7333": [99.00517, 3.00002, -179.81264],
						"3.9333": [99.00517, 3.00002, -179.81264],
						"4.7": [99.00517, 3.00002, -179.81264],
						"4.7667": [99.15707, -10.82623, -182.02209],
						"4.8333": [98.33, -7.46, -181.51],
						"4.9667": [95.03, 5.98, -179.48]
					},
					"position": {
						"0.0": [-6.95, -17.1, 9.825],
						"3.5": [-6.95, -17.1, 9.82],
						"3.7333": [-8.45771, -13.10012, 0.97424],
						"3.9333": [-8.45771, -13.10012, 0.97424],
						"4.1": [-8.46, -13.13, 2.89],
						"4.7": [-8.46, -13.13, 2.89],
						"4.7667": [-8.46, -13.4, 6.62],
						"4.8333": [-8.16, -16.175, 7.545],
						"4.9667": [-6.95, -17.1, 9.82]
					},
					"scale": [1, 1.5, 1]
				},
				"root": {
					"rotation": {
						"0.0": {
							"post": [0, 0, 0],
							"lerp_mode": "catmullrom"
						},
						"0.1": {
							"post": [1.685, -3.53, -6.4],
							"lerp_mode": "catmullrom"
						},
						"0.2": {
							"post": [-8.105, -6.88, -13.015],
							"lerp_mode": "catmullrom"
						},
						"0.3": {
							"post": [-19.33504, -11.36125, -18.46825],
							"lerp_mode": "catmullrom"
						},
						"0.4": {
							"post": [-20.235, -11.18, -19.17],
							"lerp_mode": "catmullrom"
						},
						"0.5": {
							"post": [-16.47805, -10.70023, -18.69523],
							"lerp_mode": "catmullrom"
						},
						"0.6": {
							"post": [-14.55312, -12.83757, -25.04784],
							"lerp_mode": "catmullrom"
						},
						"0.6333": {
							"post": [-12.72319, -13.94798, -28.53683],
							"lerp_mode": "catmullrom"
						},
						"0.7": {
							"post": [-18.7589, -12.26037, -23.3517],
							"lerp_mode": "catmullrom"
						},
						"0.8": {
							"post": [-18.42323, -13.38988, -26.55795],
							"lerp_mode": "catmullrom"
						},
						"0.9": {
							"post": [-18.53403, -12.14782, -23.01023],
							"lerp_mode": "catmullrom"
						},
						"1.2667": {
							"post": [-19.95302, -11.6677, -21.60679],
							"lerp_mode": "catmullrom"
						},
						"1.6": {
							"post": [-20.8971, -11.29848, -20.56268],
							"lerp_mode": "catmullrom"
						},
						"1.8": {
							"post": [-22.06, -14.30818, -22.51847],
							"lerp_mode": "catmullrom"
						},
						"1.9": {
							"post": [-19.85494, -15.24265, -25.33485],
							"lerp_mode": "catmullrom"
						},
						"2.0": {
							"post": [-20.36562, -14.25062, -24.93336],
							"lerp_mode": "catmullrom"
						},
						"2.1333": {
							"post": [-20.74536, -12.32337, -24.02348],
							"lerp_mode": "catmullrom"
						},
						"2.2": {
							"post": [-20.49437, -13.16317, -24.72873],
							"lerp_mode": "catmullrom"
						},
						"2.2333": {
							"post": [-15.83817, -14.81264, -34.84285],
							"lerp_mode": "catmullrom"
						},
						"2.3": {
							"post": [-19.43505, -10.15957, -17.15869],
							"lerp_mode": "catmullrom"
						},
						"2.4333": {
							"post": [-16.78089, -12.68375, -24.37088],
							"lerp_mode": "catmullrom"
						},
						"2.6": {
							"post": [-16.39522, 2.36368, 18.07177],
							"lerp_mode": "catmullrom"
						},
						"2.7333": {
							"post": [-27.53159, 25.48139, 51.06994],
							"lerp_mode": "catmullrom"
						},
						"2.9": {
							"post": [-32.85105, 45.13006, 64.54397],
							"lerp_mode": "catmullrom"
						},
						"3.0667": {
							"post": [-30.1597, 44.68871, 67.01399],
							"lerp_mode": "catmullrom"
						},
						"3.3": {
							"post": [-31.91919, 43.30722, 64.1136],
							"lerp_mode": "catmullrom"
						},
						"3.5": {
							"post": [-32.85105, 43.68006, 63.36897],
							"lerp_mode": "catmullrom"
						},
						"3.6667": {
							"post": [-35.00594, 38.83145, 61.10897],
							"lerp_mode": "catmullrom"
						},
						"3.8": {
							"post": [-43.18649, 34.14971, 49.95519],
							"lerp_mode": "catmullrom"
						},
						"3.9333": {
							"post": [-49.18948, 39.23431, 47.54701],
							"lerp_mode": "catmullrom"
						},
						"4.0667": {
							"post": [-54.98121, 44.08652, 43.41541],
							"lerp_mode": "catmullrom"
						},
						"4.2333": {
							"post": [-52.5336, 43.3197, 45.53296],
							"lerp_mode": "catmullrom"
						},
						"4.4333": {
							"post": [-52.28627, 42.25294, 46.63345],
							"lerp_mode": "catmullrom"
						},
						"4.7": {
							"post": [-52.28629, 42.16418, 45.25809],
							"lerp_mode": "catmullrom"
						},
						"4.7333": {
							"post": [-51.81258, 34.78108, 43.16269],
							"lerp_mode": "catmullrom"
						},
						"4.8": {
							"post": [-44.48512, 40.88873, 49.99879],
							"lerp_mode": "catmullrom"
						},
						"4.9": {
							"post": [-48.48914, 32.3985, 41.07692],
							"lerp_mode": "catmullrom"
						},
						"5.1": {
							"post": [-19.41003, 3.54248, 29.74843],
							"lerp_mode": "catmullrom"
						},
						"5.2333": {
							"post": [-5.13312, -1.93407, 5.57088],
							"lerp_mode": "catmullrom"
						},
						"5.3333": {
							"post": [-2.55, -0.79, -0.27],
							"lerp_mode": "catmullrom"
						},
						"5.4": {
							"post": [-1.81116, -0.97475, 0.78066],
							"lerp_mode": "catmullrom"
						},
						"5.4667": {
							"post": [-0.6, -0.32, 0.26],
							"lerp_mode": "catmullrom"
						},
						"5.5": {
							"post": [0, -0.5, -1.5],
							"lerp_mode": "catmullrom"
						},
						"5.5667": {
							"post": [-0.00945, -0.1664, 2.75001],
							"lerp_mode": "catmullrom"
						},
						"5.6333": {
							"post": [0, 0, -1.25],
							"lerp_mode": "catmullrom"
						},
						"5.7": {
							"post": [0, 0, 0],
							"lerp_mode": "catmullrom"
						},
						"5.8": {
							"post": [0, 0, 0],
							"lerp_mode": "catmullrom"
						}
					},
					"position": {
						"0.0": {
							"post": [0, 0, 0],
							"lerp_mode": "catmullrom"
						},
						"0.1": {
							"post": [0.13, -1.05, -1.075],
							"lerp_mode": "catmullrom"
						},
						"0.2": {
							"post": [0.25, -1.15, -0.975],
							"lerp_mode": "catmullrom"
						},
						"0.3": {
							"post": [0.25, 0.2, -0.1],
							"lerp_mode": "catmullrom"
						},
						"0.4333": {
							"post": [0.19, 0.415, -0.05],
							"lerp_mode": "catmullrom"
						},
						"0.5667": {
							"post": [0.175, 0.445, -0.1],
							"lerp_mode": "catmullrom"
						},
						"0.6333": {
							"post": [0.505, -0.705, -0.1],
							"lerp_mode": "catmullrom"
						},
						"0.7667": {
							"post": [0.335, -0.83, -0.1],
							"lerp_mode": "catmullrom"
						},
						"0.9333": {
							"post": [0.115, -0.665, -0.09],
							"lerp_mode": "catmullrom"
						},
						"1.2": {
							"post": [-0.17, -0.59, -0.08],
							"lerp_mode": "catmullrom"
						},
						"1.5333": {
							"post": [-0.2, -0.225, -0.01],
							"lerp_mode": "catmullrom"
						},
						"1.7667": {
							"post": [0.035, 0.23, 0.04],
							"lerp_mode": "catmullrom"
						},
						"1.9333": {
							"post": [0.08, -0.05, 0.05],
							"lerp_mode": "catmullrom"
						},
						"2.0": {
							"post": [0.1325, 0.0625, 0.05],
							"lerp_mode": "catmullrom"
						},
						"2.1": {
							"post": [-0.03625, 0.13375, 0.05],
							"lerp_mode": "catmullrom"
						},
						"2.2": {
							"post": [0.025, 0.135, 0.05],
							"lerp_mode": "catmullrom"
						},
						"2.2667": {
							"post": [0.25, -0.85, 0.05],
							"lerp_mode": "catmullrom"
						},
						"2.4333": {
							"post": [0.285, -0.805, -0.4],
							"lerp_mode": "catmullrom"
						},
						"2.6667": {
							"post": [-0.365, -1.245, -1.54],
							"lerp_mode": "catmullrom"
						},
						"2.8667": {
							"post": [-0.695, 1.52, -1.825],
							"lerp_mode": "catmullrom"
						},
						"3.0333": {
							"post": [-0.69, 0.575, -1.13],
							"lerp_mode": "catmullrom"
						},
						"3.1667": {
							"post": [-0.69, 0.305, -1.13],
							"lerp_mode": "catmullrom"
						},
						"3.3333": {
							"post": [-0.69, 0.44, -1.13],
							"lerp_mode": "catmullrom"
						},
						"3.5333": {
							"post": [-0.69, 0.55, -1.13],
							"lerp_mode": "catmullrom"
						},
						"3.6667": {
							"post": [-1, -0.08, -1.355],
							"lerp_mode": "catmullrom"
						},
						"3.8": {
							"post": [-1.315, -1.37, -0.53],
							"lerp_mode": "catmullrom"
						},
						"3.9333": {
							"post": [-1.415, -1.64, -0.745],
							"lerp_mode": "catmullrom"
						},
						"4.0667": {
							"post": [-1.56, -2.28, -0.93],
							"lerp_mode": "catmullrom"
						},
						"4.3": {
							"post": [-1.645, -2.09, -0.97],
							"lerp_mode": "catmullrom"
						},
						"4.5333": {
							"post": [-1.655, -2.025, -0.79],
							"lerp_mode": "catmullrom"
						},
						"4.7": {
							"post": [-1.44, -2.19, -0.67],
							"lerp_mode": "catmullrom"
						},
						"4.7667": {
							"post": [-1.4, -0.155, -1.02],
							"lerp_mode": "catmullrom"
						},
						"4.8667": {
							"post": [-1.31, -1.075, -0.53],
							"lerp_mode": "catmullrom"
						},
						"5.0": {
							"post": [-1.2, -1.87, -0.64],
							"lerp_mode": "catmullrom"
						},
						"5.1": {
							"post": [-0.87, -2.65, -0.95],
							"lerp_mode": "catmullrom"
						},
						"5.2333": {
							"post": [-0.44, -1.155, -0.56],
							"lerp_mode": "catmullrom"
						},
						"5.3333": {
							"post": [-0.11, -0.315, -0.81],
							"lerp_mode": "catmullrom"
						},
						"5.4": {
							"post": [0, -0.025, -0.9],
							"lerp_mode": "catmullrom"
						},
						"5.5": {
							"post": [0, -0.225, 0.725],
							"lerp_mode": "catmullrom"
						},
						"5.6": {
							"post": [0, 0, -0.1],
							"lerp_mode": "catmullrom"
						},
						"5.7": {
							"post": [0, 0, 0.05],
							"lerp_mode": "catmullrom"
						},
						"5.8": {
							"post": [0, 0, 0],
							"lerp_mode": "catmullrom"
						}
					}
				},
				"mag_and_lefthand": {
					"rotation": {
						"0.4667": {
							"pre": [0, 0, 0],
							"post": [0, 0, 0],
							"lerp_mode": "catmullrom"
						},
						"0.5333": {
							"post": [-27, 0, 0],
							"lerp_mode": "catmullrom"
						},
						"0.6": {
							"post": [-29.78, -2.96, -4.25],
							"lerp_mode": "catmullrom"
						},
						"0.7": {
							"post": [-32.79558, -21.35651, -30.78829],
							"lerp_mode": "catmullrom"
						},
						"0.8333": {
							"post": [-37.05244, -10.19307, -12.28589],
							"lerp_mode": "catmullrom"
						},
						"1.0": {
							"post": [-28.21779, -6.39798, -6.82841],
							"lerp_mode": "catmullrom"
						},
						"1.1333": {
							"post": [-27.03329, -5.69318, -5.93799],
							"lerp_mode": "catmullrom"
						},
						"1.3667": {
							"post": [-22.665, -3.06, -4.05],
							"lerp_mode": "catmullrom"
						},
						"1.4667": {
							"post": [-23.15793, -1.03965, -16.16991],
							"lerp_mode": "catmullrom"
						},
						"1.5667": {
							"post": [-35.58629, 4.26018, -10.53212],
							"lerp_mode": "catmullrom"
						},
						"1.6667": {
							"post": [-21.603, -6.55814, -19.93633],
							"lerp_mode": "catmullrom"
						},
						"1.7667": {
							"post": [-23.2288, -8.52445, -26.23131],
							"lerp_mode": "catmullrom"
						},
						"1.9": [-25, 0, 0],
						"1.9667": [-22, 0, 0],
						"2.0667": [-35, 0, 0],
						"2.1667": [-32.75, 0, 0],
						"2.2333": [0, 0, 0]
					},
					"position": {
						"0.4667": {
							"pre": [0, 0, 0],
							"post": [0, 0, 0],
							"lerp_mode": "catmullrom"
						},
						"0.5333": {
							"post": [-0.19, -1.255, -1.285],
							"lerp_mode": "catmullrom"
						},
						"0.6333": {
							"post": [0, -2, -2.175],
							"lerp_mode": "catmullrom"
						},
						"0.7333": {
							"post": [2.43355, -7.06085, -4.34008],
							"lerp_mode": "catmullrom"
						},
						"0.9333": {
							"post": [4.88187, -4.75458, -0.85469],
							"lerp_mode": "catmullrom"
						},
						"1.0667": {
							"post": [5.4778, -4.03004, 0.00331],
							"lerp_mode": "catmullrom"
						},
						"1.2333": {
							"post": [5.54466, -3.84829, 0.07629],
							"lerp_mode": "catmullrom"
						},
						"1.3667": {
							"post": [5.5694, -3.90504, 0.1175],
							"lerp_mode": "catmullrom"
						},
						"1.4667": {
							"post": [5.40216, -4.31371, 0.3549],
							"lerp_mode": "catmullrom"
						},
						"1.6": {
							"post": [5.30526, -3.15082, -0.25021],
							"lerp_mode": "catmullrom"
						},
						"1.6667": {
							"post": [4.34537, -4.40834, 0.48379],
							"lerp_mode": "catmullrom"
						},
						"1.7667": {
							"post": [1.98789, -5.82832, 0.89525],
							"lerp_mode": "catmullrom"
						},
						"1.9": [0, -2, -1.175],
						"1.9667": [0, -1.8, -1],
						"2.0667": [0, -2.225, -1.725],
						"2.1667": [0, -2.1, -1.6],
						"2.2333": [0, 0, 0]
					}
				},
				"additional_magazine": {
					"scale": {
						"0.0": [0, 0, 0],
						"5.5": {
							"pre": [0, 0, 0],
							"post": [1, 1, 1]
						}
					}
				},
				"bolt": {
					"position": {
						"3.9333": [0, 0, 0],
						"4.1": [0, 0, 1.8],
						"4.7": [0, 0, 1.8],
						"4.7333": [0, 0, 0]
					}
				},
				"magrelease": {
					"rotation": {
						"0.2667": [0, 0, 0],
						"0.4333": [-35, 0, 0],
						"0.7": [-35, 0, 0],
						"0.8": [0, 0, 0],
						"2.2": [0, 0, 0],
						"2.2667": [-35, 0, 0],
						"2.3": [-35, 0, 0],
						"2.3667": [0, 0, 0]
					}
				},
				"gun_and_righthand": {
					"rotation": {
						"0.6333": {
							"pre": [0, 0, 0],
							"post": [0, 0, 0],
							"lerp_mode": "catmullrom"
						},
						"0.7333": {
							"post": [2.7501, 0.49942, 0.02399],
							"lerp_mode": "catmullrom"
						},
						"0.9333": {
							"post": [0.05867, 0.46466, 0.02232],
							"lerp_mode": "catmullrom"
						},
						"1.2": {
							"post": [0.55327, 0.34247, 0.76678],
							"lerp_mode": "catmullrom"
						},
						"1.8667": {
							"post": [0, 0, 0],
							"lerp_mode": "catmullrom"
						}
					},
					"position": {
						"0.6333": {
							"pre": [0, 0, 0],
							"post": [0, 0, 0],
							"lerp_mode": "catmullrom"
						},
						"0.7333": {
							"post": [-0.00886, 0.76732, -0.27264],
							"lerp_mode": "catmullrom"
						},
						"0.9": {
							"post": [-0.22369, 0.83168, -0.22112],
							"lerp_mode": "catmullrom"
						},
						"1.1333": {
							"post": [-0.20445, 0.41337, 0.07483],
							"lerp_mode": "catmullrom"
						},
						"1.4": {
							"post": [-0.02936, 0.22863, 0.01016],
							"lerp_mode": "catmullrom"
						},
						"1.6667": {
							"post": [-0.09899, 0.08433, 0.09439],
							"lerp_mode": "catmullrom"
						},
						"1.8667": {
							"post": [0, 0, 0],
							"lerp_mode": "catmullrom"
						}
					}
				},
				"bullet": {
					"scale": {
						"0.0": [0, 0, 0],
						"5.5333": {
							"pre": [0, 0, 0],
							"post": [1, 1, 1]
						}
					}
				},
				"camera": {
					"rotation": {
						"0.0": {
							"post": [0, 0, 0],
							"lerp_mode": "catmullrom"
						},
						"0.2": {
							"post": [0.345, 0, 0],
							"lerp_mode": "catmullrom"
						},
						"0.3667": {
							"post": [1.425, 0, 0],
							"lerp_mode": "catmullrom"
						},
						"0.5333": {
							"post": [1.28, -0.17, -0.15],
							"lerp_mode": "catmullrom"
						},
						"0.6": {
							"post": [1.155, -0.55, -0.3],
							"lerp_mode": "catmullrom"
						},
						"0.6667": {
							"post": [4.31, -1.17, 1.27],
							"lerp_mode": "catmullrom"
						},
						"0.7667": {
							"post": [6.485, -2.37, -1.695],
							"lerp_mode": "catmullrom"
						},
						"0.9": {
							"post": [6.905, -3.95, -0.575],
							"lerp_mode": "catmullrom"
						},
						"1.0667": {
							"post": [5.58, -4.07, -1.55],
							"lerp_mode": "catmullrom"
						},
						"1.2667": {
							"post": [5.785, -4.05, -1.26],
							"lerp_mode": "catmullrom"
						},
						"1.5333": {
							"post": [6.535, -3.65, -1.075],
							"lerp_mode": "catmullrom"
						},
						"1.8333": {
							"post": [1.03, -0.7, -1],
							"lerp_mode": "catmullrom"
						},
						"2.1": {
							"post": [-0.385, -0.43, -1.07],
							"lerp_mode": "catmullrom"
						},
						"2.2": {
							"post": [-0.3, -0.43, -1.11],
							"lerp_mode": "catmullrom"
						},
						"2.2667": {
							"post": [1.48, -0.45, 0.785],
							"lerp_mode": "catmullrom"
						},
						"2.3667": {
							"post": [-0.365, -0.5, -1.8],
							"lerp_mode": "catmullrom"
						},
						"2.5": {
							"post": [-0.37, -0.4, -0.75],
							"lerp_mode": "catmullrom"
						},
						"2.6667": {
							"post": [-2.68, 0.23, -0.735],
							"lerp_mode": "catmullrom"
						},
						"2.8333": {
							"post": [-5.17, 0.85, 0.55],
							"lerp_mode": "catmullrom"
						},
						"3.0333": {
							"post": [-6.555, 0.85, 1.025],
							"lerp_mode": "catmullrom"
						},
						"3.5333": {
							"post": [-5.625, 0.85, 1.45],
							"lerp_mode": "catmullrom"
						},
						"3.7667": {
							"post": [-4.94, 0.85, 1.45],
							"lerp_mode": "catmullrom"
						},
						"4.0667": {
							"post": [1.925, 0.85, 0.9],
							"lerp_mode": "catmullrom"
						},
						"4.3667": {
							"post": [3.7, 0.625, 0.7],
							"lerp_mode": "catmullrom"
						},
						"4.6667": {
							"post": [3.44, 0.66, 0.6],
							"lerp_mode": "catmullrom"
						},
						"4.7333": {
							"post": [5.375, 0.625, 1.85],
							"lerp_mode": "catmullrom"
						},
						"4.8333": {
							"post": [3.65, 0.41, -0.44],
							"lerp_mode": "catmullrom"
						},
						"4.9667": {
							"post": [4.625, 0, 0.45],
							"lerp_mode": "catmullrom"
						},
						"5.1333": {
							"post": [2.93, -0.03, -0.03],
							"lerp_mode": "catmullrom"
						},
						"5.3": {
							"post": [-1.275, 0, 0],
							"lerp_mode": "catmullrom"
						},
						"5.5": {
							"post": [-0.85, 0, -0.125],
							"lerp_mode": "catmullrom"
						},
						"5.5667": {
							"post": [0.675, 0, 0.45],
							"lerp_mode": "catmullrom"
						},
						"5.6667": {
							"post": [-0.375, 0, -0.275],
							"lerp_mode": "catmullrom"
						},
						"5.7667": {
							"post": [0.2, 0, 0.15],
							"lerp_mode": "catmullrom"
						},
						"5.9": {
							"post": [0, 0, 0],
							"lerp_mode": "catmullrom"
						}
					}
				}
			},
			"sound_effects": {
				"0.0": {
					"effect": "tacz:sks/sks_reload_raise"
				},
				"0.5333": {
					"effect": "tacz:sks/sks_reload_fast_magout"
				},
				"1.7667": {
					"effect": "tacz:sks/sks_reload_xmag_magin"
				},
				"2.5": {
					"effect": "tacz:sks/sks_reload_empty_rotate"
				},
				"3.9667": {
					"effect": "tacz:sks/sks_charge_01"
				},
				"4.7": {
					"effect": "tacz:sks/sks_charge_02"
				},
				"4.9667": {
					"effect": "tacz:sks/sks_reload_xmag_end"
				}
			}
		},
		"inspect_empty": {
			"animation_length": 7.86667,
			"bones": {
				"lefthand": {
					"rotation": {
						"0.0": [105.21, -25.38, -150.16],
						"0.1667": [105.21, -25.38, -150.16],
						"0.2333": [113.14534, -16.33581, -164.72012],
						"0.3333": [124.2487, 6.51029, -190.9453],
						"1.4667": [124.2487, 6.51029, -190.9453],
						"1.7333": [124.2487, 6.51029, -190.9453],
						"2.0": [124.2487, 6.51029, -190.9453],
						"5.0667": [124.2487, 6.51029, -190.9453],
						"6.1": [124.2487, 6.51029, -190.9453],
						"6.3": [105.21401, -25.37935, -150.1551]
					},
					"position": {
						"0.0": [8.03, -15.15, -4.57],
						"0.1667": [8.03, -15.15, -4.57],
						"0.2333": [7.94, -17.195, -1.435],
						"0.3333": [7.255, -17, 0.46],
						"1.4667": [7.26, -17, 0.46],
						"1.7333": [7.26, -17, 0.46],
						"2.0": [7.26, -17, 0.46],
						"2.1333": [8.135, -17, 0.46],
						"5.0667": [7.26, -17, 0.46],
						"5.2667": [8.135, -17, 0.46],
						"5.4333": [7.26, -17, 0.46],
						"6.1": [7.26, -17, 0.46],
						"6.3": [8.03, -15.15, -4.57]
					},
					"scale": [1, 1.5, 1]
				},
				"righthand": {
					"rotation": {
						"0.0": [95.0274, 5.97708, -179.47516],
						"3.2": [95.03, 5.98, -179.48],
						"3.3667": [97.3464, -7.62565, -181.19774],
						"3.4333": [97.3464, -7.62565, -181.19774],
						"3.5333": [97.31672, -5.64199, -180.94081],
						"3.5667": [97.31672, -5.64199, -180.94081],
						"3.7667": [97.31672, -5.64199, -180.94081],
						"3.9333": [96.57309, -8.58748, -92.75755],
						"4.0": [93.04973, -8.18312, -102.85765],
						"4.0667": [93.04973, -8.18312, -102.85765],
						"4.2": [93.04973, -8.18312, -102.85765],
						"4.7333": [93.04973, -8.18312, -102.85765],
						"4.8333": [93.79, -2.87, -131.59],
						"4.9": [93.79, -2.87, -131.59],
						"5.0": [95.03, 5.98, -179.48],
						"6.4": [95.03, 5.98, -179.48],
						"6.5667": [96.57309, -8.58748, -92.75755],
						"6.6333": [93.04973, -8.18312, -102.85765],
						"6.7": [93.04973, -8.18312, -102.85765],
						"6.8": [93.04973, -8.18312, -102.85765],
						"6.9333": [93.04973, -8.18312, -102.85765],
						"7.1333": [95.03, 5.98, -179.48]
					},
					"position": {
						"0.0": [-6.95, -17.1, 9.825],
						"3.2": [-6.95, -17.1, 9.82],
						"3.3667": [-8.485, -13.085, 4.945],
						"3.4333": [-8.485, -13.085, 4.945],
						"3.5333": [-8.485, -13.085, 6.17],
						"3.5667": [-8.485, -13.085, 6.17],
						"3.7333": [-9.455, -14.265, 9.395],
						"3.8": [-9.34, -13.9, 7.415],
						"3.9333": [-9.235, -12.095, 1.225],
						"4.0": [-8.69, -11.9, 0.78],
						"4.0667": [-8.69, -11.9, 0.78],
						"4.2": [-8.69, -11.8, 4.455],
						"4.7333": [-8.69, -11.8, 4.455],
						"4.8333": [-8.77, -13.3, 6.715],
						"4.9": [-8.16, -14.57, 7.955],
						"5.0": [-6.95, -17.1, 9.82],
						"6.4": [-6.95, -17.1, 9.82],
						"6.5667": [-9.235, -12.095, 1.225],
						"6.6333": [-8.69, -11.9, 0.78],
						"6.7": [-8.69, -11.9, 0.78],
						"6.8": [-8.69, -11.8, 5.555],
						"6.9333": [-8.69, -11.8, 5.555],
						"7.0333": [-8.745, -14.115, 8.33],
						"7.1333": [-6.95, -17.1, 9.82]
					},
					"scale": [1, 1.5, 1]
				},
				"root": {
					"rotation": {
						"0.0": {
							"post": [0, 0, 0],
							"lerp_mode": "catmullrom"
						},
						"0.1": {
							"post": [1.685, -3.53, -6.4],
							"lerp_mode": "catmullrom"
						},
						"0.2": {
							"post": [-8.105, -6.88, -13.015],
							"lerp_mode": "catmullrom"
						},
						"0.3": {
							"post": [-19.33504, -11.36125, -18.46825],
							"lerp_mode": "catmullrom"
						},
						"0.3667": {
							"post": [-20.235, -11.18, -19.17],
							"lerp_mode": "catmullrom"
						},
						"0.4667": {
							"post": [-16.47805, -10.70023, -18.69523],
							"lerp_mode": "catmullrom"
						},
						"0.5667": {
							"post": [-14.55312, -12.83757, -25.04784],
							"lerp_mode": "catmullrom"
						},
						"0.6": {
							"post": [-12.72319, -13.94798, -28.53683],
							"lerp_mode": "catmullrom"
						},
						"0.6667": {
							"post": [-18.7589, -12.26037, -23.3517],
							"lerp_mode": "catmullrom"
						},
						"0.7667": {
							"post": [-18.42323, -13.38988, -26.55795],
							"lerp_mode": "catmullrom"
						},
						"0.8667": {
							"post": [-18.53403, -12.14782, -23.01023],
							"lerp_mode": "catmullrom"
						},
						"1.2333": {
							"post": [-19.95302, -11.6677, -21.60679],
							"lerp_mode": "catmullrom"
						},
						"1.5667": {
							"post": [-20.70731, -11.65363, -21.51656],
							"lerp_mode": "catmullrom"
						},
						"1.9333": {
							"post": [-16.78089, -10.50875, -20.77088],
							"lerp_mode": "catmullrom"
						},
						"2.1": {
							"post": [-16.39522, 2.36368, 18.07177],
							"lerp_mode": "catmullrom"
						},
						"2.2333": {
							"post": [-27.53159, 25.48139, 51.06994],
							"lerp_mode": "catmullrom"
						},
						"2.4": {
							"post": [-32.85105, 45.13006, 64.54397],
							"lerp_mode": "catmullrom"
						},
						"2.5667": {
							"post": [-30.1597, 44.68871, 67.01399],
							"lerp_mode": "catmullrom"
						},
						"2.8": {
							"post": [-31.91919, 43.30722, 65.4886],
							"lerp_mode": "catmullrom"
						},
						"3.0": {
							"post": [-32.85105, 41.53006, 64.54397],
							"lerp_mode": "catmullrom"
						},
						"3.1333": {
							"post": [-35.65588, 38.25313, 58.62216],
							"lerp_mode": "catmullrom"
						},
						"3.3": {
							"post": [-43.18649, 34.14971, 49.95519],
							"lerp_mode": "catmullrom"
						},
						"3.4333": {
							"post": [-46.93948, 34.18431, 47.54701],
							"lerp_mode": "catmullrom"
						},
						"3.5333": {
							"post": [-48.75621, 38.31152, 46.01541],
							"lerp_mode": "catmullrom"
						},
						"3.6": {
							"post": [-47.92633, 37.23534, 48.40637],
							"lerp_mode": "catmullrom"
						},
						"3.6667": {
							"post": [-46.43835, 32.58487, 47.92599],
							"lerp_mode": "catmullrom"
						},
						"3.7667": {
							"post": [-44.79967, 36.68411, 52.08987],
							"lerp_mode": "catmullrom"
						},
						"3.9": {
							"post": [-47.84078, 34.72639, 48.63438],
							"lerp_mode": "catmullrom"
						},
						"4.0667": {
							"post": [-48.56784, 36.4876, 46.70052],
							"lerp_mode": "catmullrom"
						},
						"4.1667": {
							"post": [-45.41855, 41.78182, 50.55216],
							"lerp_mode": "catmullrom"
						},
						"4.2333": {
							"post": [-45.81556, 42.74038, 51.04951],
							"lerp_mode": "catmullrom"
						},
						"4.3": {
							"post": [-48.98, 40.11, 47.25],
							"lerp_mode": "catmullrom"
						},
						"4.4": {
							"post": [-49.23489, 41.13121, 47.44389],
							"lerp_mode": "catmullrom"
						},
						"4.5667": {
							"post": [-49.18711, 42.07983, 46.59303],
							"lerp_mode": "catmullrom"
						},
						"4.7667": {
							"post": [-50.23629, 42.16418, 45.25809],
							"lerp_mode": "catmullrom"
						},
						"4.8": {
							"post": [-49.76258, 34.78108, 43.16269],
							"lerp_mode": "catmullrom"
						},
						"4.8667": {
							"post": [-42.43512, 40.88873, 49.99879],
							"lerp_mode": "catmullrom"
						},
						"4.9667": {
							"post": [-48.48914, 32.3985, 41.07692],
							"lerp_mode": "catmullrom"
						},
						"5.0667": {
							"post": [-43.26872, 27.49021, 38.73168],
							"lerp_mode": "catmullrom"
						},
						"5.1667": {
							"post": [-35.2055, 19.98685, 36.00341],
							"lerp_mode": "catmullrom"
						},
						"5.3": {
							"post": [-26.25268, -1.76537, 10.48099],
							"lerp_mode": "catmullrom"
						},
						"5.4333": {
							"post": [-22.06, -14.30818, -17.66847],
							"lerp_mode": "catmullrom"
						},
						"5.5667": {
							"post": [-20.10803, -14.90093, -24.36157],
							"lerp_mode": "catmullrom"
						},
						"5.7333": {
							"post": [-20.36562, -14.25062, -24.93336],
							"lerp_mode": "catmullrom"
						},
						"5.8667": {
							"post": [-20.74536, -12.32337, -24.02348],
							"lerp_mode": "catmullrom"
						},
						"5.9333": {
							"post": [-20.49437, -13.16317, -24.72873],
							"lerp_mode": "catmullrom"
						},
						"5.9667": {
							"post": [-15.83817, -14.81264, -34.84285],
							"lerp_mode": "catmullrom"
						},
						"6.0333": {
							"post": [-19.43505, -10.15957, -17.15869],
							"lerp_mode": "catmullrom"
						},
						"6.1333": {
							"post": [-16.2147, -10.95773, -20.90644],
							"lerp_mode": "catmullrom"
						},
						"6.2667": {
							"post": [-11.32508, -5.39898, -8.93252],
							"lerp_mode": "catmullrom"
						},
						"6.3667": {
							"post": [-2.90548, -4.30241, -5.32769],
							"lerp_mode": "catmullrom"
						},
						"6.5": {
							"post": [-4.99621, -4.2794, 1.75805],
							"lerp_mode": "catmullrom"
						},
						"6.6333": {
							"post": [-6.16614, -4.16766, 5.74532],
							"lerp_mode": "catmullrom"
						},
						"6.7333": {
							"post": [-5.25703, -2.79591, 6.22114],
							"lerp_mode": "catmullrom"
						},
						"6.8": {
							"post": [-3.51262, -3.17465, 1.03847],
							"lerp_mode": "catmullrom"
						},
						"6.9": {
							"post": [-5.44961, -3.54234, 2.67944],
							"lerp_mode": "catmullrom"
						},
						"7.0": {
							"post": [-5.34357, -3.12703, 2.57146],
							"lerp_mode": "catmullrom"
						},
						"7.1": {
							"post": [-3.39737, -2.42997, 5.13189],
							"lerp_mode": "catmullrom"
						},
						"7.2333": {
							"post": [-2.55, -0.79, -0.27],
							"lerp_mode": "catmullrom"
						},
						"7.3667": {
							"post": [-0.6, -0.32, 0.26],
							"lerp_mode": "catmullrom"
						},
						"7.4": {
							"post": [0, -0.5, -0.775],
							"lerp_mode": "catmullrom"
						},
						"7.4667": {
							"post": [-0.00945, -0.1664, 1.77501],
							"lerp_mode": "catmullrom"
						},
						"7.5333": {
							"post": [0, 0, -1.25],
							"lerp_mode": "catmullrom"
						},
						"7.6": {
							"post": [0, 0, 0],
							"lerp_mode": "catmullrom"
						},
						"7.7": {
							"post": [0, 0, 0],
							"lerp_mode": "catmullrom"
						}
					},
					"position": {
						"0.0": {
							"post": [0, 0, 0],
							"lerp_mode": "catmullrom"
						},
						"0.1": {
							"post": [0.13, -1.025, -1.075],
							"lerp_mode": "catmullrom"
						},
						"0.2": {
							"post": [0.25, -1.15, -0.975],
							"lerp_mode": "catmullrom"
						},
						"0.3": {
							"post": [0.25, 0.325, -0.1],
							"lerp_mode": "catmullrom"
						},
						"0.4": {
							"post": [0.19, 0.54, -0.05],
							"lerp_mode": "catmullrom"
						},
						"0.5333": {
							"post": [0.175, 0.395, -0.1],
							"lerp_mode": "catmullrom"
						},
						"0.6": {
							"post": [0.505, -0.88, -0.1],
							"lerp_mode": "catmullrom"
						},
						"0.7333": {
							"post": [0.335, -0.905, -0.1],
							"lerp_mode": "catmullrom"
						},
						"0.9": {
							"post": [0.115, -0.665, -0.09],
							"lerp_mode": "catmullrom"
						},
						"1.1667": {
							"post": [-0.17, -0.715, -0.08],
							"lerp_mode": "catmullrom"
						},
						"1.5": {
							"post": [-0.2, -0.55, -0.01],
							"lerp_mode": "catmullrom"
						},
						"1.9667": {
							"post": [-0.24, -0.63, -0.4],
							"lerp_mode": "catmullrom"
						},
						"2.1667": {
							"post": [-0.365, -1.47, -1.94],
							"lerp_mode": "catmullrom"
						},
						"2.3667": {
							"post": [-0.695, 0.545, -1.975],
							"lerp_mode": "catmullrom"
						},
						"2.5333": {
							"post": [-0.69, 0.25, -1.13],
							"lerp_mode": "catmullrom"
						},
						"2.6667": {
							"post": [-0.69, 0.48, -1.13],
							"lerp_mode": "catmullrom"
						},
						"2.8333": {
							"post": [-0.69, 0.44, -1.13],
							"lerp_mode": "catmullrom"
						},
						"3.0": {
							"post": [-0.69, 0.275, -1.13],
							"lerp_mode": "catmullrom"
						},
						"3.1333": {
							"post": [-1, -0.305, -1.355],
							"lerp_mode": "catmullrom"
						},
						"3.3": {
							"post": [-1.315, -1.27, -0.755],
							"lerp_mode": "catmullrom"
						},
						"3.4333": {
							"post": [-1.415, -1.465, -0.745],
							"lerp_mode": "catmullrom"
						},
						"3.5667": {
							"post": [-1.56, -2.28, -0.93],
							"lerp_mode": "catmullrom"
						},
						"3.6667": {
							"post": [-1.6, -1.85, -0.97],
							"lerp_mode": "catmullrom"
						},
						"3.8333": {
							"post": [-1.645, -2.24, -0.97],
							"lerp_mode": "catmullrom"
						},
						"4.0333": {
							"post": [-1.655, -2.025, -0.79],
							"lerp_mode": "catmullrom"
						},
						"4.1": {
							"post": [-1.64, -2.04, -0.78],
							"lerp_mode": "catmullrom"
						},
						"4.2333": {
							"post": [-1.77, -2.455, -0.76],
							"lerp_mode": "catmullrom"
						},
						"4.4": {
							"post": [-1.79, -2.33, -0.72],
							"lerp_mode": "catmullrom"
						},
						"4.7667": {
							"post": [-1.765, -2.415, -0.67],
							"lerp_mode": "catmullrom"
						},
						"4.8333": {
							"post": [-1.55, -1.205, -1.02],
							"lerp_mode": "catmullrom"
						},
						"4.9333": {
							"post": [-1.31, -1.575, -0.53],
							"lerp_mode": "catmullrom"
						},
						"5.0667": {
							"post": [-1.27, -1.58, -0.53],
							"lerp_mode": "catmullrom"
						},
						"5.2": {
							"post": [-1.2, -2.12, -0.64],
							"lerp_mode": "catmullrom"
						},
						"5.3": {
							"post": [-0.87, -3.35, -1.275],
							"lerp_mode": "catmullrom"
						},
						"5.5": {
							"post": [-0.665, -0.645, 0.04],
							"lerp_mode": "catmullrom"
						},
						"5.6667": {
							"post": [-0.095, -0.225, 0.05],
							"lerp_mode": "catmullrom"
						},
						"5.7333": {
							"post": [-0.0425, -0.1125, 0.05],
							"lerp_mode": "catmullrom"
						},
						"5.8333": {
							"post": [-0.03625, -0.04125, 0.05],
							"lerp_mode": "catmullrom"
						},
						"5.9333": {
							"post": [0.025, 0.06, 0.05],
							"lerp_mode": "catmullrom"
						},
						"6.0": {
							"post": [0.25, -1.025, 0.05],
							"lerp_mode": "catmullrom"
						},
						"6.1333": {
							"post": [0.15, -0.745, -0.04],
							"lerp_mode": "catmullrom"
						},
						"6.2667": {
							"post": [0.14, -1.815, 0.325],
							"lerp_mode": "catmullrom"
						},
						"6.4333": {
							"post": [0.1, -0.8, 0.395],
							"lerp_mode": "catmullrom"
						},
						"6.5667": {
							"post": [-0.19, -0.805, 0.165],
							"lerp_mode": "catmullrom"
						},
						"6.7333": {
							"post": [-0.14, -0.97, 0.28],
							"lerp_mode": "catmullrom"
						},
						"6.8": {
							"post": [-0.11, -1.665, 0.49],
							"lerp_mode": "catmullrom"
						},
						"6.9333": {
							"post": [-0.1, -1.385, 0.455],
							"lerp_mode": "catmullrom"
						},
						"7.0667": {
							"post": [-0.09, -1.13, 0.385],
							"lerp_mode": "catmullrom"
						},
						"7.2333": {
							"post": [-0.11, -0.315, -0.685],
							"lerp_mode": "catmullrom"
						},
						"7.4": {
							"post": [0, -0.3, 0.25],
							"lerp_mode": "catmullrom"
						},
						"7.5": {
							"post": [0, 0, -0.1],
							"lerp_mode": "catmullrom"
						},
						"7.6": {
							"post": [0, 0, 0.05],
							"lerp_mode": "catmullrom"
						},
						"7.7": {
							"post": [0, 0, 0],
							"lerp_mode": "catmullrom"
						}
					}
				},
				"mag_and_lefthand": {
					"rotation": {
						"0.4333": {
							"pre": [0, 0, 0],
							"post": [0, 0, 0],
							"lerp_mode": "catmullrom"
						},
						"0.5": {
							"post": [-27, 0, 0],
							"lerp_mode": "catmullrom"
						},
						"0.5667": {
							"post": [-29.78, -2.96, -4.25],
							"lerp_mode": "catmullrom"
						},
						"0.6667": {
							"post": [-32.79558, -21.35651, -30.78829],
							"lerp_mode": "catmullrom"
						},
						"0.8": {
							"post": [-36.58149, -11.99113, -14.73318],
							"lerp_mode": "catmullrom"
						},
						"0.9667": {
							"post": [-28.33547, -5.8058, -5.7213],
							"lerp_mode": "catmullrom"
						},
						"1.1": [-27.03329, -5.69318, -5.93799],
						"1.4": [-27.06, -6.77, -5.84],
						"1.7667": [-27.37907, -5.75707, -2.34845],
						"1.9333": [-27.03329, -5.69318, -5.93799],
						"2.0333": [1.07814, -0.35648, -12.07068],
						"2.1333": [28.91025, 4.41364, 13.7931],
						"2.5": [28.91025, 4.41364, 13.7931],
						"5.1": [28.91025, 4.41364, 13.7931],
						"5.2667": [-0.26458, 8.70102, -46.38093],
						"5.6": [-25, 0, 0],
						"5.7": [-22, 0, 0],
						"5.8": [-35, 0, 0],
						"5.9": [-32.75, 0, 0],
						"5.9667": [0, 0, 0]
					},
					"position": {
						"0.4333": {
							"pre": [0, 0, 0],
							"post": [0, 0, 0],
							"lerp_mode": "catmullrom"
						},
						"0.5": {
							"post": [-0.19, -1.255, -1.285],
							"lerp_mode": "catmullrom"
						},
						"0.6": {
							"post": [0, -2, -2.175],
							"lerp_mode": "catmullrom"
						},
						"0.7": {
							"post": [2.43355, -7.06085, -4.34008],
							"lerp_mode": "catmullrom"
						},
						"0.9": {
							"post": [4.88187, -4.75458, -0.85469],
							"lerp_mode": "catmullrom"
						},
						"1.0333": {
							"post": [5.4778, -4.03004, 0.00331],
							"lerp_mode": "catmullrom"
						},
						"1.2": {
							"post": [5.54466, -3.84829, 0.07629],
							"lerp_mode": "catmullrom"
						},
						"1.5": {
							"post": [5.21596, -4.02085, 0.17246],
							"lerp_mode": "catmullrom"
						},
						"1.8667": {
							"post": [5.03569, -4.15038, 0.22115],
							"lerp_mode": "catmullrom"
						},
						"1.9333": [4.29266, -3.11871, 0.03464],
						"2.0333": [3.0953, -0.29915, 0.21733],
						"2.1333": [1.84, 3.69, -1.68],
						"2.5": [1.84, 3.69, -1.68],
						"5.1": [1.84, 3.69, -1.68],
						"5.2667": {
							"pre": [4.425, 2.76, -0.49],
							"post": [4.425, 2.76, -0.49],
							"lerp_mode": "catmullrom"
						},
						"5.4": {
							"post": [3.15151, -2.07426, -0.82701],
							"lerp_mode": "catmullrom"
						},
						"5.5": {
							"post": [0.48795, -2.83892, -1.26484],
							"lerp_mode": "catmullrom"
						},
						"5.6": [0, -2, -1.175],
						"5.7": [0, -1.8, -1],
						"5.8": [0, -2.225, -1.725],
						"5.9": [0, -2.1, -1.6],
						"5.9667": [0, 0, 0]
					}
				},
				"additional_magazine": {
					"scale": {
						"0.0": [0, 0, 0],
						"7.6667": {
							"pre": [0, 0, 0],
							"post": [1, 1, 1]
						}
					}
				},
				"bolt": {
					"position": {
						"3.4333": [0, 0, 4],
						"3.5333": [0, 0, 4.75],
						"3.5667": [0, 0, 4.75],
						"3.6333": [0, 0, 0],
						"4.0667": [0, 0, 0],
						"4.1333": [0, 0, 4],
						"4.7333": [0, 0, 4],
						"4.8": [0, 0, 0],
						"6.7": [0, 0, 0],
						"6.8": [0, 0, 4.75],
						"6.9667": [0, 0, 4.75],
						"7.0333": [0, 0, 4]
					}
				},
				"magrelease": {
					"rotation": {
						"0.3333": [0, 0, 0],
						"0.4": [-35, 0, 0],
						"0.6667": [-35, 0, 0],
						"0.7667": [0, 0, 0],
						"5.9": [0, 0, 0],
						"5.9667": [-35, 0, 0],
						"6.0": [-35, 0, 0],
						"6.0667": [0, 0, 0]
					}
				},
				"gun_and_righthand": {
					"rotation": {
						"0.6": {
							"pre": [0, 0, 0],
							"post": [0, 0, 0],
							"lerp_mode": "catmullrom"
						},
						"0.7": {
							"post": [2.7501, 0.49942, 0.02399],
							"lerp_mode": "catmullrom"
						},
						"0.9": {
							"post": [0.05867, 0.46466, 0.02232],
							"lerp_mode": "catmullrom"
						},
						"1.1667": {
							"post": [0.55327, 0.34247, 0.76678],
							"lerp_mode": "catmullrom"
						},
						"1.8333": {
							"post": [0, 0, 0],
							"lerp_mode": "catmullrom"
						}
					},
					"position": {
						"0.6": {
							"pre": [0, 0, 0],
							"post": [0, 0, 0],
							"lerp_mode": "catmullrom"
						},
						"0.7": {
							"post": [-0.00886, 0.76732, -0.27264],
							"lerp_mode": "catmullrom"
						},
						"0.8667": {
							"post": [-0.22369, 0.83168, -0.22112],
							"lerp_mode": "catmullrom"
						},
						"1.1": {
							"post": [-0.20445, 0.41337, -0.00017],
							"lerp_mode": "catmullrom"
						},
						"1.3667": {
							"post": [-0.02936, 0.22863, 0.01016],
							"lerp_mode": "catmullrom"
						},
						"1.6333": {
							"post": [-0.09899, 0.08433, 0.04439],
							"lerp_mode": "catmullrom"
						},
						"1.8333": {
							"post": [0, 0, 0],
							"lerp_mode": "catmullrom"
						}
					}
				},
				"bullet": {
					"scale": 0
				},
				"camera": {
					"rotation": {
						"0.0": {
							"post": [0, 0, 0],
							"lerp_mode": "catmullrom"
						},
						"0.2": {
							"post": [0.345, 0, 0],
							"lerp_mode": "catmullrom"
						},
						"0.3667": {
							"post": [1.425, 0, 0],
							"lerp_mode": "catmullrom"
						},
						"0.5333": {
							"post": [1.28, -0.17, -0.15],
							"lerp_mode": "catmullrom"
						},
						"0.6": {
							"post": [1.155, -0.55, -0.3],
							"lerp_mode": "catmullrom"
						},
						"0.6667": {
							"post": [4.31, -1.17, 1.27],
							"lerp_mode": "catmullrom"
						},
						"0.7667": {
							"post": [6.485, -2.37, -1.695],
							"lerp_mode": "catmullrom"
						},
						"0.9": {
							"post": [6.905, -3.95, -0.575],
							"lerp_mode": "catmullrom"
						},
						"1.0667": {
							"post": [5.58, -4.07, -1.55],
							"lerp_mode": "catmullrom"
						},
						"1.2667": {
							"post": [4.735, -4.05, -1.26],
							"lerp_mode": "catmullrom"
						},
						"1.6333": {
							"post": [6.115, -4.04, -1.2],
							"lerp_mode": "catmullrom"
						},
						"2.0333": {
							"post": [4.635, -3.65, -0.475],
							"lerp_mode": "catmullrom"
						},
						"2.4": {
							"post": [-0.22, -1.225, -0.3],
							"lerp_mode": "catmullrom"
						},
						"2.5333": {
							"post": [-1.975, -0.56, -0.47],
							"lerp_mode": "catmullrom"
						},
						"2.6667": {
							"post": [-1.435, -0.155, 0.155],
							"lerp_mode": "catmullrom"
						},
						"2.8667": {
							"post": [-2.075, 0.25, 0.9],
							"lerp_mode": "catmullrom"
						},
						"3.1": {
							"post": [-0.815, 0.325, 1.45],
							"lerp_mode": "catmullrom"
						},
						"3.4": {
							"post": [6.175, 0.325, 0.9],
							"lerp_mode": "catmullrom"
						},
						"3.5667": {
							"post": [7.63, 0.19, 0.76],
							"lerp_mode": "catmullrom"
						},
						"3.6333": {
							"post": [9.19, 0.13, 1.755],
							"lerp_mode": "catmullrom"
						},
						"3.7333": {
							"post": [7.375, 0.1, -0.1],
							"lerp_mode": "catmullrom"
						},
						"3.8667": {
							"post": [8.025, 0.14, 1.045],
							"lerp_mode": "catmullrom"
						},
						"4.0333": {
							"post": [7.085, 0.24, 0.62],
							"lerp_mode": "catmullrom"
						},
						"4.1333": {
							"post": [6.95, 0.29, 1.015],
							"lerp_mode": "catmullrom"
						},
						"4.2333": {
							"post": [7.895, 0.35, 0.41],
							"lerp_mode": "catmullrom"
						},
						"4.4": {
							"post": [6.84, 0.51, 0.81],
							"lerp_mode": "catmullrom"
						},
						"4.6": {
							"post": [7.685, 0.6, 0.47],
							"lerp_mode": "catmullrom"
						},
						"4.7667": {
							"post": [8.29, 0.66, 0.6],
							"lerp_mode": "catmullrom"
						},
						"4.8333": {
							"post": [10.225, 0.625, 1.85],
							"lerp_mode": "catmullrom"
						},
						"4.9333": {
							"post": [8.5, 0.41, -0.44],
							"lerp_mode": "catmullrom"
						},
						"5.0667": {
							"post": [9.475, 0, 0.45],
							"lerp_mode": "catmullrom"
						},
						"5.2333": {
							"post": [7.78, -0.03, -0.03],
							"lerp_mode": "catmullrom"
						},
						"5.6333": {
							"post": [2.84, -0.03, -0.65],
							"lerp_mode": "catmullrom"
						},
						"5.7667": {
							"post": [2.36, -0.03, -0.75],
							"lerp_mode": "catmullrom"
						},
						"5.9": {
							"post": [1.98, -0.03, -0.76],
							"lerp_mode": "catmullrom"
						},
						"5.9667": {
							"post": [3.21, -0.03, 0.29],
							"lerp_mode": "catmullrom"
						},
						"6.0667": {
							"post": [1.34, -0.03, -1.445],
							"lerp_mode": "catmullrom"
						},
						"6.2": {
							"post": [2.08, -0.02, -0.315],
							"lerp_mode": "catmullrom"
						},
						"6.3667": {
							"post": [1.83, -0.02, -0.37],
							"lerp_mode": "catmullrom"
						},
						"6.6": {
							"post": [3.425, -0.01, 0.725],
							"lerp_mode": "catmullrom"
						},
						"6.7": {
							"post": [3.56, -0.01, 0.81],
							"lerp_mode": "catmullrom"
						},
						"6.7667": {
							"post": [2.5, -0.01, 1.68],
							"lerp_mode": "catmullrom"
						},
						"6.8667": {
							"post": [3.59, -0.01, 0.28],
							"lerp_mode": "catmullrom"
						},
						"6.9667": {
							"post": [3.32, 0, 0.935],
							"lerp_mode": "catmullrom"
						},
						"7.1667": {
							"post": [1.775, 0, -0.075],
							"lerp_mode": "catmullrom"
						},
						"7.3667": {
							"post": [-0.525, 0, -0.125],
							"lerp_mode": "catmullrom"
						},
						"7.4333": {
							"post": [0.225, 0, 0.325],
							"lerp_mode": "catmullrom"
						},
						"7.5333": {
							"post": [-0.175, 0, -0.15],
							"lerp_mode": "catmullrom"
						},
						"7.6333": {
							"post": [0.1, 0, 0.05],
							"lerp_mode": "catmullrom"
						},
						"7.7667": {
							"post": [0, 0, 0],
							"lerp_mode": "catmullrom"
						}
					}
				}
			},
			"sound_effects": {
				"0.0": {
					"effect": "tacz:sks/sks_reload_raise"
				},
				"0.5333": {
					"effect": "tacz:sks/sks_reload_fast_magout"
				},
				"2.1": {
					"effect": "tacz:sks/sks_reload_empty_rotate"
				},
				"3.4667": {
					"effect": "tacz:sks/sks_charge_01"
				},
				"3.6": {
					"effect": "tacz:sks/sks_charge_02"
				},
				"4.0667": {
					"effect": "tacz:sks/sks_charge_01"
				},
				"4.7333": {
					"effect": "tacz:sks/sks_charge_02"
				},
				"5.5": {
					"effect": "tacz:sks/sks_reload_xmag_magin"
				},
				"6.7333": {
					"effect": "tacz:sks/sks_charge_01"
				},
				"6.9": {
					"effect": "tacz:sks/sks_reload_xmag_end"
				}
			}
		},
		"shoot": {
			"animation_length": 0.6333,
			"bones": {
				"bolt": {
					"position": {
						"0.0": [0, 0, 0],
						"0.0333": [0, 0, 5],
						"0.0667": [0, 0, 0]
					}
				},
				"root": {
					"rotation": {
						"0.0": [0, 0, 0],
						"0.0333": [1.225, 0, 0.725],
						"0.0667": [-0.595, 0, -1.175],
						"0.1": [-0.72, 0, -1.225],
						"0.1667": [0.18, 0, 0.525],
						"0.2667": [0.45, 0, -0.25],
						"0.3667": [0.225, -0.2, 0.25],
						"0.5": [0.055, -0.075, -0.075],
						"0.6333": [0, 0, 0]
					},
					"position": {
						"0.0": [0, 0, 0],
						"0.0333": [0, -0.025, 1.725],
						"0.0667": [0, -0.05, 1.38],
						"0.1333": [0, -0.05, -0.045],
						"0.2667": [0, -0.025, 0.1],
						"0.3667": [0, 0, 0]
					}
				},
				"camera": {
					"rotation": {
						"0.0": {
							"post": [0, 0, 0],
							"lerp_mode": "catmullrom"
						},
						"0.0333": {
							"post": [0, 0, 0.6],
							"lerp_mode": "catmullrom"
						},
						"0.0667": {
							"post": [0, 0, -0.4],
							"lerp_mode": "catmullrom"
						},
						"0.1": {
							"post": [0, 0, 0.375],
							"lerp_mode": "catmullrom"
						},
						"0.1667": {
							"post": [0, 0, -0.225],
							"lerp_mode": "catmullrom"
						},
						"0.2333": {
							"post": [0, 0, 0.075],
							"lerp_mode": "catmullrom"
						},
						"0.3": {
							"post": [0, 0, 0],
							"lerp_mode": "catmullrom"
						}
					}
				}
			}
		}
	}
}