{
	"format_version": "1.8.0",
	"animations": {
		"static_idle": {
			"animation_length": 0.05,
			"bones": {
				"lefthand": {
					"rotation": [99.13767, -21.82367, -128.45709],
					"position": [7.4, -15.2, -8.5],
					"scale": [1, 1.5, 1]
				},
				"righthand": {
					"rotation": [100.3191, 19.92066, -178.18307],
					"position": [-6.2, -16.5, 7.1],
					"scale": [1, 1.5, 1]
				},
				"constraint": {
					"rotation": [0.2, 0.15, 0.2],
					"position": [0.1, 0.1, 0.4]
				}
			}
		},
		"shoot": {
			"loop": true,
			"animation_length": 0.8333,
			"bones": {
				"bolt2": {
					"position": {
						"0.0": [0, 0, 0],
						"0.0167": [0, -0.375, 3.38125],
						"0.0333": [0, 0, 0]
					}
				},
				"charger": {
					"position": {
						"0.0": [0, 0, 0],
						"0.0167": [0, 0, 3.38125],
						"0.0333": [0, 0, 0]
					}
				},
				"camera": {
					"rotation": {
						"0.0": {
							"post": [0, 0, 0],
							"lerp_mode": "catmullrom"
						},
						"0.0167": {
							"post": [0, 0, -2.25],
							"lerp_mode": "catmullrom"
						},
						"0.0333": {
							"post": [0, 0, 2],
							"lerp_mode": "catmullrom"
						},
						"0.05": {
							"post": [0, 0, -1.675],
							"lerp_mode": "catmullrom"
						},
						"0.0833": {
							"post": [0, 0, 1.1],
							"lerp_mode": "catmullrom"
						},
						"0.1333": {
							"post": [0, 0, -1],
							"lerp_mode": "catmullrom"
						},
						"0.2": {
							"post": [0, 0, 0.55],
							"lerp_mode": "catmullrom"
						},
						"0.2833": {
							"post": [0, 0, -0.15],
							"lerp_mode": "catmullrom"
						},
						"0.3833": {
							"post": [0, 0, 0],
							"lerp_mode": "catmullrom"
						}
					}
				},
				"root": {
					"rotation": {
						"0.0": {
							"post": [0, 0, 0],
							"lerp_mode": "catmullrom"
						},
						"0.0167": {
							"post": [0.92, 0, 1.0175],
							"lerp_mode": "catmullrom"
						},
						"0.0333": {
							"post": [-2.46953, 0, 1.3],
							"lerp_mode": "catmullrom"
						},
						"0.1333": {
							"post": [-0.86953, 0, -0.815],
							"lerp_mode": "catmullrom"
						},
						"0.1833": {
							"post": [-0.125, 0, 0.48281],
							"lerp_mode": "catmullrom"
						},
						"0.25": {
							"post": [0.01641, 0.00036, -0.76172],
							"lerp_mode": "catmullrom"
						},
						"0.35": {
							"post": [0.3, 0, 0.175],
							"lerp_mode": "catmullrom"
						},
						"0.45": {
							"post": [0.37485, -0.36189, -0.1543],
							"lerp_mode": "catmullrom"
						},
						"0.5667": {
							"post": [0.24996, -0.05436, 0.27499],
							"lerp_mode": "catmullrom"
						},
						"0.7167": {
							"post": [-0.01, 0, -0.03],
							"lerp_mode": "catmullrom"
						},
						"0.8333": {
							"post": [0, 0, 0],
							"lerp_mode": "catmullrom"
						}
					},
					"position": {
						"0.0": {
							"post": [0, 0, 0],
							"lerp_mode": "catmullrom"
						},
						"0.0167": {
							"post": [0, -0.26875, 2.1],
							"lerp_mode": "catmullrom"
						},
						"0.0333": {
							"post": [0, 0.03, 2.2875],
							"lerp_mode": "catmullrom"
						},
						"0.1167": {
							"post": [0, -0.05469, 1.40656],
							"lerp_mode": "catmullrom"
						},
						"0.1833": {
							"post": [0, -0.15156, -0.32109],
							"lerp_mode": "catmullrom"
						},
						"0.4": {
							"post": [0, -0.06, 0.02],
							"lerp_mode": "catmullrom"
						},
						"0.5167": {
							"post": [0, 0, 0],
							"lerp_mode": "catmullrom"
						},
						"0.6333": {
							"post": [0, 0, 0],
							"lerp_mode": "catmullrom"
						},
						"0.7667": {
							"post": [0, 0, 0],
							"lerp_mode": "catmullrom"
						}
					}
				}
			}
		},
		"bolt": {
			"animation_length": 1.125,
			"bones": {
				"lefthand": {
					"rotation": [99.13767, -21.82367, -128.45709],
					"position": {
						"0.0": [7.4, -15.2, -8.5],
						"0.25": [7.4, -15.2, -8.5],
						"0.375": [7.4, -15.2, -4.5],
						"0.5": [7.4, -15.2, -4.5],
						"0.5833": [7.4, -15.2, -8.5]
					},
					"scale": [1, 1.5, 1]
				},
				"righthand": {
					"rotation": [100.3191, 19.92066, -178.18307],
					"position": [-6.2, -16.5, 7.1],
					"scale": [1, 1.5, 1]
				},
				"constraint": {
					"rotation": [0.2, 0.15, 0.2],
					"position": [0.1, 0.1, 0.4]
				},
				"fore_grip": {
					"position": {
						"0.25": [0, 0, 0],
						"0.375": [0, 0, 4],
						"0.5": [0, 0, 4],
						"0.5833": [0, 0, 0]
					}
				},
				"bolt": {
					"position": {
						"0.25": [0, 0, 0],
						"0.375": [0, 0, 4],
						"0.5": [0, 0, 4],
						"0.5833": [0, 0, 0]
					}
				},
				"root": {
					"rotation": {
						"0.0": {
							"post": [0, 0, 0],
							"lerp_mode": "catmullrom"
						},
						"0.2083": {
							"post": [-16.50371, 5.90316, 19.14314],
							"lerp_mode": "catmullrom"
						},
						"0.375": {
							"post": [-26.5, 5.9, 19.14],
							"lerp_mode": "catmullrom"
						},
						"0.5": {
							"post": [-19, 5.9, 19.14],
							"lerp_mode": "catmullrom"
						},
						"0.6667": {
							"post": [-16.50371, 5.90316, 19.14314],
							"lerp_mode": "catmullrom"
						},
						"0.8333": {
							"post": [0, 0, 0],
							"lerp_mode": "catmullrom"
						},
						"0.875": [0.54897, 0.03925, -2.99974],
						"0.9583": [-0.68804, -0.01635, -0.25033],
						"1.0833": [0, 0, 0],
						"1.125": [0, 0, 0]
					},
					"position": {
						"0.0": {
							"post": [0, 0, 0],
							"lerp_mode": "catmullrom"
						},
						"0.2083": {
							"post": [0, 3, 1],
							"lerp_mode": "catmullrom"
						},
						"0.375": {
							"post": [0, 0, 1],
							"lerp_mode": "catmullrom"
						},
						"0.5": {
							"post": [0, 2, 1],
							"lerp_mode": "catmullrom"
						},
						"0.6667": {
							"post": [0, 3, 1],
							"lerp_mode": "catmullrom"
						},
						"0.8333": {
							"post": [0, -0.075, 0.45],
							"lerp_mode": "catmullrom"
						},
						"0.9167": {
							"post": [0, 0, -0.2125],
							"lerp_mode": "catmullrom"
						},
						"1.0": {
							"post": [0, 0, 0.05],
							"lerp_mode": "catmullrom"
						},
						"1.0833": {
							"post": [0, 0, 0],
							"lerp_mode": "catmullrom"
						},
						"1.125": [0, 0, 0]
					}
				},
				"shell_ejection": {
					"rotation": {
						"0.25": [0, 0, 0],
						"0.2917": [0, 0, 0],
						"0.375": [0, -135.42, 0],
						"0.4583": [0, -270.83, 0],
						"0.5": [0, -406.25, 0],
						"0.5833": [0, -541.67, 0],
						"0.625": [0, -677.08, 0],
						"0.7083": [0, -812.5, 0],
						"0.75": [0, 0, 0]
					},
					"position": {
						"0.2083": [0, 0, 0],
						"0.2917": [0, 0.0875, -0.18125],
						"0.375": {
							"pre": [-9.1, 1.0875, -1.98125],
							"post": [-9.1, 1.0875, -1.98125],
							"lerp_mode": "catmullrom"
						},
						"0.4583": {
							"post": [-16.3, 1.0875, -7.98125],
							"lerp_mode": "catmullrom"
						},
						"0.5": {
							"post": [-24.4, -2.9125, -14.98125],
							"lerp_mode": "catmullrom"
						},
						"0.5833": {
							"post": [-31.8, -8.9125, -21.98125],
							"lerp_mode": "catmullrom"
						},
						"0.625": {
							"post": [-37.8, -16.9125, -27.28125],
							"lerp_mode": "catmullrom"
						},
						"0.7083": {
							"post": [-42, -25.3125, -30.28125],
							"lerp_mode": "catmullrom"
						},
						"0.75": [-46.1, -35.0125, -33.48125],
						"0.7917": [0, 0, 0]
					},
					"scale": {
						"0.2083": [1, 1, 1],
						"0.75": {"pre": [1, 1, 1], "post": [0, 0, 0]},
						"0.875": {"pre": [0, 0, 0], "post": [1, 1, 1]}
					}
				}
			}
		},
		"draw": {
			"loop": "hold_on_last_frame",
			"animation_length": 0.75,
			"bones": {
				"lefthand": {
					"rotation": {
						"0.05": [84.55606, -1.91886, -130.46016],
						"0.15": [84.28, -15.19, -129.13],
						"0.25": [92.28735, -29.81773, -128.79991],
						"0.35": [99.13767, -21.82367, -128.45709]
					},
					"position": {
						"0.05": [7.6, -28.9, -8],
						"0.15": [7.6, -20.23, -8],
						"0.25": [7.6, -16.5, -9.1],
						"0.35": [7.4, -15.2, -8.5]
					},
					"scale": [1, 1.5, 1]
				},
				"righthand": {
					"rotation": [100.3191, 19.92066, -178.18307],
					"position": [-6.2, -16.5, 7.1],
					"scale": [1, 1.5, 1]
				},
				"camera": {
					"rotation": {
						"0.0": {
							"post": [0, 0, 0],
							"lerp_mode": "catmullrom"
						},
						"0.1": {
							"post": [1, 1, 0],
							"lerp_mode": "catmullrom"
						},
						"0.25": {
							"post": [1, 0, 1],
							"lerp_mode": "catmullrom"
						},
						"0.4": {
							"post": [-1, 0, 0],
							"lerp_mode": "catmullrom"
						},
						"0.5": {
							"post": [-0.49992, 0.00873, 0.99996],
							"lerp_mode": "catmullrom"
						},
						"0.65": {
							"post": [0, 0, 0],
							"lerp_mode": "catmullrom"
						}
					}
				},
				"root": {
					"rotation": {
						"0.0": [19.64807, -30.83866, 63.3425],
						"0.1": [21.19122, -14.40747, 12.59763],
						"0.2": [5.09, -6.61, 5.06],
						"0.3": [1.82144, 0.01118, 0.03752],
						"0.35": [-0.042, -0.4187, 4.03899],
						"0.45": {
							"pre": [0.14086, -0.97706, 1.04153],
							"post": [0.14086, -0.97706, 1.04153],
							"lerp_mode": "catmullrom"
						},
						"0.55": {
							"post": [-0.13, 0.1, 0],
							"lerp_mode": "catmullrom"
						},
						"0.7": [0, 0, 0]
					},
					"position": {
						"0.0": [3, -14, 0],
						"0.05": [2.1, -6, 0],
						"0.15": [1.5, -1.85, -0.2],
						"0.2": [1.05, -1.47, -0.7],
						"0.3": {
							"pre": [0.45, -0.86, -1.1],
							"post": [0.45, -0.86, -1.1],
							"lerp_mode": "catmullrom"
						},
						"0.35": {
							"post": [0.13, -0.35, -0.27],
							"lerp_mode": "catmullrom"
						},
						"0.4": {
							"post": [0, 0.17, 0.17],
							"lerp_mode": "catmullrom"
						},
						"0.45": {
							"post": [0, 0.08, -0.13],
							"lerp_mode": "catmullrom"
						},
						"0.55": [0, -0.01, -0.28],
						"0.65": [0, 0, 0]
					}
				}
			}
		},
		"put_away": {
			"loop": "hold_on_last_frame",
			"animation_length": 0.5,
			"bones": {
				"lefthand": {
					"rotation": [99.13767, -21.82367, -128.45709],
					"position": [7.4, -15.2, -8.5],
					"scale": [1, 1.5, 1]
				},
				"righthand": {
					"rotation": {
						"0.0": [100.3191, 19.92066, -178.18307],
						"0.1167": [99.24832, 57.15935, -172.20989]
					},
					"position": {
						"0.0": [-6.2, -16.5, 7.1],
						"0.1167": [-8.2, -13.5, -2.9]
					},
					"scale": [1, 1.5, 1]
				},
				"camera": {
					"rotation": {
						"0.0": [0, 0, 0],
						"0.1833": [-1.9997, 0.00061, 0.0349],
						"0.3167": [-1, -0.99878, 0.0698],
						"0.5": [0, 0, 0]
					}
				},
				"root": {
					"rotation": {
						"0.0": [0, 0, 0],
						"0.05": [0, -3, 6],
						"0.15": [-10.32567, -18.95265, -8.14869],
						"0.2": [-26.69, -18.04, 2.69],
						"0.3": [-36.96, -11.63, -10.34],
						"0.4": [-43.84, -7.53, -20.73],
						"0.5": [-47.31135, -5.75386, -28.4767]
					},
					"position": {
						"0.0": [0, 0, 0],
						"0.05": [0, 0, 0],
						"0.15": [1.6, 0.2, 0],
						"0.2": [4.17, -1.16, 0],
						"0.3": [10.63, -11.12, 1.93],
						"0.4": [19.92, -27.81, 5.6],
						"0.5": [27.5, -44.4, 9.1]
					}
				}
			}
		},
		"reload_tactical": {
			"animation_length": 2.45,
			"bones": {
				"lefthand": {
					"rotation": {
						"0.0": [99.13767, -21.82367, -128.45709],
						"0.0333": [83.52863, -32.75691, -127.13262],
						"0.1": [84.14, -21.82, -128.46],
						"0.1333": [82.27302, -22.58468, -126.11991],
						"0.3667": [78.31278, -52.18619, -119.82238],
						"1.0333": [78.31278, -52.18619, -119.82238],
						"1.1667": [78.31278, -52.18619, -119.82238],
						"1.3": [98.15985, -25.58805, -110.01019],
						"1.4": [98.15985, -25.58805, -110.01019],
						"1.5": [97.55576, -13.20433, -108.20194],
						"1.6": [99.13767, -21.82367, -128.45709],
						"1.8": {
							"pre": [86.64, -19.43, -114.91],
							"post": [86.64, -19.43, -114.91],
							"lerp_mode": "catmullrom"
						},
						"1.9": [99.13767, -21.82367, -128.45709]
					},
					"position": {
						"0.0": [7.4, -15.2, -6.5],
						"0.0333": [8.35, -17.175, -7.45],
						"0.1": [8.1, -18.2, -2.5],
						"0.1333": [7.3, -17.775, -0.875],
						"0.3667": [7.3, -27.77, 4.13],
						"1.0333": [7.3, -27.77, 4.13],
						"1.1667": [7.3, -19.77, 2.13],
						"1.3": [7.3, -17.775, -0.875],
						"1.4667": [7.2, -17.05, -1.225],
						"1.5667": [7.2, -16.05, -4.225],
						"1.6667": [7.4, -15.2, -6.5],
						"1.8": {
							"pre": [8.4, -17.75, -4.85],
							"post": [8.4, -17.75, -4.85],
							"lerp_mode": "catmullrom"
						},
						"1.9": [7.4, -15.2, -6.5]
					},
					"scale": [1, 1.5, 1]
				},
				"righthand": {
					"rotation": {
						"0.0": [100.3191, 19.92066, -178.18307],
						"0.1": [95.51385, 24.89837, -177.6727],
						"1.7667": [95.51385, 24.89837, -177.6727],
						"1.8667": [100.3191, 19.92066, -178.18307]
					},
					"position": {
						"0.0": [-6.2, -16.5, 7.1],
						"0.1": [-6.2, -17, 7.7],
						"1.7667": [-6.2, -17, 7.7],
						"1.8667": [-6.2, -16.5, 7.1]
					},
					"scale": [1, 1.5, 1]
				},
				"magrelease": {
					"rotation": {
						"0.1333": [0, 0, 0],
						"0.2": [-25, 0, 0],
						"0.3333": [-25, 0, 0],
						"0.4": [0, 0, 0],
						"1.4333": [0, 0, 0],
						"1.5": [-25, 0, 0],
						"1.5667": [0, 0, 0]
					}
				},
				"additional_magazine": {
					"scale": {
						"0.0": [0, 0, 0],
						"2.2": {"pre": [0, 0, 0], "post": [1, 1, 1]}
					}
				},
				"mag_and_lefthand": {
					"rotation": {
						"0.2333": [0, 0, 0],
						"0.3": [-12.5, 0, 0],
						"0.3333": [-31.5, 0, 0],
						"0.4333": [-31.5, 0, 0],
						"1.1333": [-31.5, 0, 0],
						"1.2333": [-30.59287, -5.2529, -12.275],
						"1.3": [-17.87896, -3.70362, -8.5796],
						"1.3333": [-12.88, -3.7, -8.58],
						"1.4": [-18.88, -3.7, -8.58],
						"1.4333": [-19.88, -3.7, -8.58],
						"1.5": [0, 0, 0]
					},
					"position": {
						"0.2333": [0, 0, 0],
						"0.3": [0, -0.8, -0.8],
						"0.3333": [0, -1.6, -2.3],
						"0.4333": [0.4, -14.7, -3.7],
						"0.5333": [0.4, -23.5, 1.7],
						"1.1333": [0.4, -23.5, 1.7],
						"1.2333": [0.8, -7.1, -2.9],
						"1.3": [0.8, -2.1, -1.9],
						"1.3333": [0.8, -1.7, -1.4],
						"1.4": [0.8, -1.5, -1.7],
						"1.4333": [0.8, -1.5, -1.8],
						"1.5": [0, 0, 0]
					}
				},
				"bullet": {
					"scale": {
						"0.0": [0, 0, 0],
						"0.7": {"pre": [0, 0, 0], "post": [1, 1, 1]}
					}
				},
				"octagon18": {
					"scale": [1, 1, 1.03]
				},
				"constraint": {
					"rotation": {
						"0.0": [0.2, 0.15, 0.2],
						"0.3": [0.05, 0.05, 0.05],
						"1.6667": [0.05, 0.05, 0.05],
						"2.0667": [0.2, 0.15, 0.2]
					},
					"position": {
						"0.0": [0.1, 0.1, 0.4],
						"0.3": [0.05, 0.05, 0.05],
						"1.6667": [0.05, 0.05, 0.05],
						"2.0667": [0.1, 0.1, 0.4]
					}
				},
				"camera": {
					"rotation": {
						"0.0": {
							"post": [0, 0, 0],
							"lerp_mode": "catmullrom"
						},
						"0.1": {
							"post": [1.52, 0.28, -0.09],
							"lerp_mode": "catmullrom"
						},
						"0.2333": {
							"post": [2.40072, 0.69906, 0.04887],
							"lerp_mode": "catmullrom"
						},
						"0.3": {
							"post": [2.10701, 0.88443, 1.13978],
							"lerp_mode": "catmullrom"
						},
						"0.4": {
							"post": [1.37609, 0.97329, -0.82614],
							"lerp_mode": "catmullrom"
						},
						"0.5333": {
							"post": [1.66, 0.64, -0.225],
							"lerp_mode": "catmullrom"
						},
						"0.7333": {
							"post": [2.02506, 0.19994, 0.00698],
							"lerp_mode": "catmullrom"
						},
						"0.9333": {
							"post": [2.3, 0.05, -0.04],
							"lerp_mode": "catmullrom"
						},
						"1.0333": {
							"post": [2.65, 0.02, 0.36],
							"lerp_mode": "catmullrom"
						},
						"1.2": {
							"post": [2.63, 0.08, 0.81],
							"lerp_mode": "catmullrom"
						},
						"1.3": {
							"post": [2.44, 0.23, 1.05],
							"lerp_mode": "catmullrom"
						},
						"1.4": {
							"post": [2.20505, 0.18687, 1.11955],
							"lerp_mode": "catmullrom"
						},
						"1.5": {
							"post": [2.03005, 0.18687, 0.51955],
							"lerp_mode": "catmullrom"
						},
						"1.5333": {
							"post": [2.03511, 0.10372, 1.91782],
							"lerp_mode": "catmullrom"
						},
						"1.6333": {
							"post": [2.03005, 0.18687, 1.11955],
							"lerp_mode": "catmullrom"
						},
						"1.7667": {
							"post": [2.03294, 0.14531, 1.74369],
							"lerp_mode": "catmullrom"
						},
						"1.8667": {
							"post": [1.19, 0.08, 1.01],
							"lerp_mode": "catmullrom"
						},
						"1.9333": {
							"post": [0.4, 0.03, 0.67],
							"lerp_mode": "catmullrom"
						},
						"2.0333": {
							"post": [-0.3, 0, -0.15],
							"lerp_mode": "catmullrom"
						},
						"2.1667": [0.1, 0, 0.15],
						"2.3": [-0.075, 0, -0.01875],
						"2.4333": [0, 0, 0]
					}
				},
				"root": {
					"rotation": {
						"0.0": [0, 0, 0],
						"0.0333": [1.29, 0.6, 0.52],
						"0.1333": [-3.32, -0.14, -6.98],
						"0.2": [-3.32, -0.14, -6.98],
						"0.2333": [-5.27, -0.59, -10.74],
						"0.3": [-7.85369, -0.15245, -16.40886],
						"0.3333": [-6.57698, -0.04259, -17.42703],
						"0.4": [-5.34473, -0.14114, -16.33336],
						"0.5": [-4.60386, -0.97126, -12.25364],
						"0.6": [-3.80667, -0.91096, -17.5262],
						"0.7333": {
							"pre": [-5.11281, -0.17645, -14.82654],
							"post": [-5.11281, -0.17645, -14.82654],
							"lerp_mode": "catmullrom"
						},
						"0.9": {
							"post": [-5.86, -0.34, -16.32],
							"lerp_mode": "catmullrom"
						},
						"0.9667": {
							"post": [-7.42, 0.36, -19.05],
							"lerp_mode": "catmullrom"
						},
						"1.0333": [-8.74329, 1.11452, -22.08781],
						"1.1333": {
							"pre": [-12.64096, -2.59262, -35.68603],
							"post": [-12.64096, -2.59262, -35.68603],
							"lerp_mode": "catmullrom"
						},
						"1.2333": {
							"post": [-13.30412, -3.87138, -41.56149],
							"lerp_mode": "catmullrom"
						},
						"1.3333": [-13.16462, -4.32806, -43.51726],
						"1.4": {
							"pre": [-13.21, -4.18, -42.87],
							"post": [-13.21, -4.18, -42.87],
							"lerp_mode": "catmullrom"
						},
						"1.4333": {
							"post": [-13.26092, -4.02376, -42.21555],
							"lerp_mode": "catmullrom"
						},
						"1.5": {
							"post": [-13.37351, 0.12101, -38.06253],
							"lerp_mode": "catmullrom"
						},
						"1.5333": {
							"post": [-14.22331, -2.21713, -43.14809],
							"lerp_mode": "catmullrom"
						},
						"1.6": {
							"post": [-15.38296, -2.04766, -38.5387],
							"lerp_mode": "catmullrom"
						},
						"1.6667": {
							"post": [-15.35382, -1.46806, -40.23593],
							"lerp_mode": "catmullrom"
						},
						"1.7667": [-7.87, -0.73, -15.76],
						"1.8667": [-0.37032, 0.39084, 0.10152],
						"1.9333": {
							"pre": [2.85846, -0.25261, 0.94987],
							"post": [2.85846, -0.25261, 0.94987],
							"lerp_mode": "catmullrom"
						},
						"1.9667": {
							"post": [2.29999, -0.18288, 0.4296],
							"lerp_mode": "catmullrom"
						},
						"2.0667": {
							"post": [-0.36337, -0.23485, 0.12572],
							"lerp_mode": "catmullrom"
						},
						"2.1333": {
							"post": [-0.2891, -0.33048, 1.24003],
							"lerp_mode": "catmullrom"
						},
						"2.2333": [0, 0.225, -0.225],
						"2.3333": [0, 0, 0.6625],
						"2.4333": [0, 0, 0]
					},
					"position": {
						"0.0": [0, 0, 0],
						"0.0667": [-0.07, -0.19, 0.15],
						"0.1333": [-0.16, 0.14, 0.32],
						"0.2": [-0.21, 0.4275, 0.42],
						"0.2333": [-0.2, 0.4, 0.4],
						"0.3333": [-0.4, 0.125, 0.4],
						"0.4333": [-0.53, -0.5175, 0.4],
						"0.5333": [-0.57, -0.425, 0.48],
						"0.7": {
							"pre": [-0.52, 0.2, 0.64],
							"post": [-0.52, 0.2, 0.64],
							"lerp_mode": "catmullrom"
						},
						"0.8": {
							"post": [-0.5, 0.21, 0.72],
							"lerp_mode": "catmullrom"
						},
						"0.9333": {
							"post": [-0.5, 0.125, 0.8],
							"lerp_mode": "catmullrom"
						},
						"1.0667": [-0.56, 0.245, 0.5],
						"1.2": [-0.8, 0.945, 0.7],
						"1.3": [-0.8, 1.115, 1],
						"1.4": [-0.8, 1.125, 1.075],
						"1.4333": [-0.8, 1.025, 1],
						"1.5333": [-0.8, 0.4, 1],
						"1.6333": [-0.9, 0.8, 1],
						"1.7333": [-0.9, 0.63, 0.5],
						"1.8333": [-0.3, -0.7, -1.07],
						"1.9333": {
							"pre": [0.2, -1.1, -1],
							"post": [0.2, -1.1, -1],
							"lerp_mode": "catmullrom"
						},
						"2.0333": [0, 0, 0.1625],
						"2.0667": [0, 0.07, 0.3],
						"2.1667": [0, -0.0625, -0.2],
						"2.3": [0, 0, 0.0625],
						"2.4333": [0, 0, 0]
					}
				}
			},
			"sound_effects": {
				"0.2": {
					"effect": "p18_dm_mike14_reload_magout"
				},
				"1.2667": {
					"effect": "p18_dm_mike14_reload_maghit"
				},
				"1.5": {
					"effect": "p18_dm_mike14_reload_magin"
				},
				"1.5333": {
					"effect": "p18_dm_mike14_reload_movemnt"
				},
				"1.8667": {
					"effect": "p18_dm_mike14_reload_end"
				}
			}
		},
		"reload_empty": {
			"animation_length": 2.7,
			"bones": {
				"lefthand": {
					"rotation": {
						"0.0": [99.13767, -21.82367, -128.45709],
						"0.1": [137.55616, -32.28573, -221.22433],
						"0.3333": [95.80182, -30.60797, -111.83129],
						"0.6": [95.05648, -9.20174, -109.68037],
						"0.7333": [95.80182, -30.60797, -111.83129],
						"1.1333": [95.80182, -30.60797, -111.83129],
						"1.4333": [95.80182, -30.60797, -111.83129],
						"1.7": [93.71808, -70.66846, -91.71306],
						"1.7667": [96.26037, -78.64173, -94.33787],
						"1.8": [96.85511, -79.63347, -94.94595],
						"1.8667": [264.41424, -77.23873, -262.75239],
						"1.9333": [267.34954, -62.27346, -265.8563],
						"2.1": [68.30635, -57.68378, -90.15543],
						"2.2667": [99.13767, -21.82367, -128.45709]
					},
					"position": {
						"0.0": [7.4, -15.2, -6.5],
						"0.2": [6.3, -18.05, -2.05],
						"0.3333": [6.3, -17.5, -1.75],
						"1.4333": [6.3, -17.5, -1.75],
						"1.5": [6.1, -20.1, -0.97],
						"1.5667": [4.5, -22.15, 0.1],
						"1.6333": [3.3, -16.42, 0.33],
						"1.7": [2.7, -13.55, 1.95],
						"1.7667": [2.7, -13.35, 2.55],
						"1.8": [2.7, -13.35, 3.65],
						"1.8667": [2.7, -13.35, 4.35],
						"1.9333": [0.7, -13.35, 8.05],
						"2.0333": [3.66787, -21.43098, 4.28385],
						"2.1": [6.58101, -24.02268, -1.10078],
						"2.2": [8.85239, -17.98314, -6.78847],
						"2.2667": [7.4, -15.2, -8.5]
					},
					"scale": [1, 1.5, 1]
				},
				"righthand": {
					"rotation": {
						"0.0": [95, 0, -180],
						"0.1": [96.61242, 40.81074, -175.66736],
						"1.5333": [96.61, 40.81, -175.67],
						"1.6333": [95, 0, -180]
					},
					"position": {
						"0.0": [-6.2, -17, 7],
						"0.1": [-6.7, -17, 7.7],
						"1.5333": [-6.7, -17, 7.7],
						"1.6333": [-6.2, -17, 7]
					},
					"scale": [1, 1.5, 1]
				},
				"bolt2": {
					"position": {
						"0.0": [0, -0.425, 3.4],
						"1.8": [0, -0.3, 3.4],
						"1.8667": [0, -0.625, 3.65],
						"1.9333": [0, 0, 0]
					}
				},
				"charger": {
					"position": {
						"0.0": [0, 0, 4],
						"1.8": [0, 0, 4],
						"1.8333": [0, 0, 4.9],
						"1.9333": [0, 0, 0]
					}
				},
				"additional_magazine": {
					"rotation": {
						"0.5": [0, 0, 0],
						"0.5667": [-30, 0, 0],
						"0.6": [-56, 0, 0],
						"0.6667": [-108.41418, -3.56158, -18.67532],
						"0.7667": [-243.41418, -3.56158, -18.67532],
						"0.8667": [-405.91418, -3.56158, -18.67532]
					},
					"position": {
						"0.5": [0, 0, 0],
						"0.5667": [0, -0.9, -2.2],
						"0.6": [0, -3.3, -6.6],
						"0.6667": [2.46185, -8.66557, -12.70206],
						"0.7": [-1.74743, -16.99746, -17.86022],
						"0.7667": [-5.75499, -26.28526, -20.76749],
						"0.8667": [-17.7591, -50.79572, -20.062],
						"0.9667": [-38.74871, -75.06957, -9.21071]
					}
				},
				"magrelease": {
					"rotation": {
						"0.5": [0, 0, 0],
						"0.5667": [-25, 0, 0],
						"0.7": [-25, 0, 0],
						"0.7667": [0, 0, 0]
					}
				},
				"mag_and_lefthand": {
					"rotation": {
						"0.0": [0, 0, 0],
						"0.2667": [-17.46424, -4.66327, -12.00948],
						"0.4333": [-63.73585, -12.84363, -57.72264],
						"0.4667": [-73.61085, -12.84363, -57.72264],
						"0.5667": [-74.41085, -12.84363, -57.72264],
						"0.6667": [-29.40644, -15.85235, -63.08175],
						"0.7667": [-8.1622, -18.25658, -48.6439],
						"0.9": [-12.68633, -4.00996, -9.07306],
						"1.0": [-41.90596, -10.97262, -4.03855],
						"1.0667": [-22.6851, -7.81794, -8.02401],
						"1.2667": [-17.46424, -4.66327, -12.00948],
						"1.3": [0, 0, 0],
						"1.5333": [0, 0, 0]
					},
					"position": {
						"0.0": [0, 0, 0],
						"0.2667": [11.38, -20.04, 10.35],
						"0.3667": [0.28, -3.39, 5.45],
						"0.4333": [0.28, -1.69, 5.15],
						"0.5": [0.28, -1.69, 4.85125],
						"0.5667": [0.28, -1.69, 4.05],
						"0.6": [0.28, -2.99, 0.05],
						"0.6667": [1.82088, -7.81752, -4.21517],
						"0.7333": [2.51178, -11.13294, -3.85467],
						"0.8": [4.48, -18.24, -5.35],
						"0.9": [2.43, -16.4, -5.04],
						"1.0": [0.88, -6.09, -3.4],
						"1.0667": [0.88, -2.29, -2],
						"1.2667": [0.9, -2.1, -1.9],
						"1.3": [0, 0, 0],
						"1.5333": [0, 0, 0]
					}
				},
				"boltrelease": {
					"position": {
						"0.0": [0, 0.1, 0],
						"1.9": [0, 0.1, 0],
						"1.9333": [0, 0, 0]
					}
				},
				"magazine_bullet": {
					"scale": {
						"0.0": [0, 0, 0],
						"0.1333": {"pre": [0, 0, 0], "post": [1, 1, 1]}
					}
				},
				"bullet": {
					"scale": 1
				},
				"constraint": {
					"rotation": {
						"0.0": [0.2, 0.15, 0.2],
						"0.3": [0.05, 0.05, 0.05],
						"2.0667": [0.05, 0.05, 0.05],
						"2.4667": [0.2, 0.15, 0.2]
					},
					"position": {
						"0.0": [0.1, 0.1, 0.4],
						"0.3": [0.05, 0.05, 0.05],
						"2.0667": [0.05, 0.05, 0.05],
						"2.4667": [0.1, 0.1, 0.4]
					}
				},
				"camera": {
					"rotation": {
						"0.0": {
							"post": [0, 0, 0],
							"lerp_mode": "catmullrom"
						},
						"0.1667": {
							"post": [0.025, 0.35, 0.02],
							"lerp_mode": "catmullrom"
						},
						"0.3667": {
							"post": [3.815, 0.69, -0.6],
							"lerp_mode": "catmullrom"
						},
						"0.4667": {
							"post": [4.36275, 0.78888, -1.25052],
							"lerp_mode": "catmullrom"
						},
						"0.5667": {
							"post": [3.98198, 1.0696, -0.92774],
							"lerp_mode": "catmullrom"
						},
						"0.6": {
							"post": [3.53303, 0.89459, 0.46756],
							"lerp_mode": "catmullrom"
						},
						"0.6667": {
							"post": [2.98198, 1.0696, -0.92774],
							"lerp_mode": "catmullrom"
						},
						"0.7667": {
							"post": [3.01, 0.98, 0.1],
							"lerp_mode": "catmullrom"
						},
						"0.8667": {
							"post": [3.03444, 1.37201, 0.02012],
							"lerp_mode": "catmullrom"
						},
						"0.9667": {
							"post": [3.06127, 1.94373, 0.96742],
							"lerp_mode": "catmullrom"
						},
						"1.0667": {
							"post": [3.3, 2.13, 0.49],
							"lerp_mode": "catmullrom"
						},
						"1.1667": {
							"post": [3.99634, 1.98177, -0.95789],
							"lerp_mode": "catmullrom"
						},
						"1.2667": {
							"post": [5.03025, 1.91178, 0.04023],
							"lerp_mode": "catmullrom"
						},
						"1.3333": {
							"post": [3.9607, 2.08596, -1.25338],
							"lerp_mode": "catmullrom"
						},
						"1.4333": {
							"post": [4.03095, 1.94657, 0.04299],
							"lerp_mode": "catmullrom"
						},
						"1.5333": {
							"post": [3.39, 1.91, 0.71],
							"lerp_mode": "catmullrom"
						},
						"1.6333": {
							"post": [3.32, 1.57, 1.05],
							"lerp_mode": "catmullrom"
						},
						"1.7667": {
							"post": [5.06811, 0.9895, 1.13052],
							"lerp_mode": "catmullrom"
						},
						"1.8667": {
							"post": [5.7, 1.07, 0.47],
							"lerp_mode": "catmullrom"
						},
						"1.9333": {
							"post": [6.72955, 1.71085, -0.2356],
							"lerp_mode": "catmullrom"
						},
						"1.9667": {
							"post": [5.96168, 0.73569, 1.29946],
							"lerp_mode": "catmullrom"
						},
						"2.0667": {
							"post": [4.8414, 0.2939, -0.0352],
							"lerp_mode": "catmullrom"
						},
						"2.1667": {
							"post": [3.95968, 0.08756, 1.05617],
							"lerp_mode": "catmullrom"
						},
						"2.2667": {
							"post": [1.31, 0.035, 0.23],
							"lerp_mode": "catmullrom"
						},
						"2.3667": {
							"post": [-0.11, 0.05, -0.14],
							"lerp_mode": "catmullrom"
						},
						"2.4333": {
							"post": [0.125, 0.03, 0.185],
							"lerp_mode": "catmullrom"
						},
						"2.5333": {
							"post": [-0.0875, 0, -0.1],
							"lerp_mode": "catmullrom"
						},
						"2.6667": {
							"post": [0, 0, 0],
							"lerp_mode": "catmullrom"
						}
					}
				},
				"root": {
					"rotation": {
						"0.0": [0, 0, 0],
						"0.0667": [-3.76, -1.1, -6.47],
						"0.1667": [-10.125, -1.9, -15.53],
						"0.2333": [-13.14285, -2.39491, -20.82763],
						"0.3667": [-13.82282, -2.77888, -25.87342],
						"0.4333": [-14.69575, -4.33931, -29.56579],
						"0.5": [-16.72265, -4.72658, -30.49065],
						"0.5667": [-14.52247, -4.32667, -29.57708],
						"0.6": [-18.87514, -8.05631, -41.34561],
						"0.6667": [-17.69079, -3.01602, -27.99459],
						"0.8": [-17.08856, -7.33221, -35.77724],
						"0.9667": [-22.81, -6.29, -38.14],
						"1.0667": [-25.12269, -6.25624, -38.64842],
						"1.1": [-26.21, -5.82, -37.75],
						"1.1667": [-26.2729, -4.12793, -34.12007],
						"1.3": [-24.77093, -2.94923, -38.49759],
						"1.3667": [-19.86979, -2.42956, -29.93791],
						"1.4333": [-22.06015, -0.42105, -25.90544],
						"1.5333": {
							"pre": [-20.03, -2.43, -31.06],
							"post": [-20.03, -2.43, -31.06],
							"lerp_mode": "catmullrom"
						},
						"1.6": {
							"post": [-21.39, -0.63, -28.61],
							"lerp_mode": "catmullrom"
						},
						"1.6667": {
							"post": [-24.36, 1.37, -25.42],
							"lerp_mode": "catmullrom"
						},
						"1.7667": {
							"post": [-25.52, 3.04, -22.81],
							"lerp_mode": "catmullrom"
						},
						"1.8333": [-24.11737, 2.37892, -23.97505],
						"1.9": [-26.04, 6.21, -20.45],
						"1.9333": [-26.31177, 8.35411, -13.14955],
						"2.0": [-21.43416, 0.39432, -29.14096],
						"2.0667": [-19.63712, 5.8788, -21.08862],
						"2.1333": [-14.43, 4.86, -28.18],
						"2.2333": [-0.08, 1.62, -7.06],
						"2.3333": [3.32, 0.02, 0.25],
						"2.4": [0.54897, 0.03925, -2.99974],
						"2.4667": [-0.47058, -0.0434, 0.36929],
						"2.5": [-0.68804, -0.01635, -0.25033],
						"2.6": [0, 0, 0]
					},
					"position": {
						"0.0": [0, 0, 0],
						"0.1": [-0.49, -0.805, -0.29],
						"0.1667": [-0.86, -0.835, -0.05],
						"0.2333": [-1.1, -0.05, 0.6],
						"0.3333": [-1.33, 0.35, 1.1],
						"0.4333": [-1.33, 0.575, 1.3],
						"0.5667": [-1.33, 0.45, 1.3],
						"0.6": [-1.23, 0.4625, 1.4],
						"0.6667": [-1.33, -0.05, 0.5375],
						"0.7667": [-1.33, -0.875, 0.375],
						"0.9": [-1.33, -1.05, 1.1],
						"1.0": [-1.33, -0.925, 1.4],
						"1.1": [-1.33, -0.675, 1.5],
						"1.2667": [-1.33, -0.625, 1.6],
						"1.3": [-1.33, -1.1875, 1.55],
						"1.3333": [-1.33, -1.3, 1.5],
						"1.4333": [-1.33, -1.425, 1.425],
						"1.5": [-1.33, -1.175, 1.4],
						"1.5667": [-1.16, -0.855, 1.6],
						"1.6667": [-0.98, 0.25, 1.6],
						"1.7667": [-0.63, 0.4, 1.5],
						"1.8333": [-0.77, 0.07, 1.12],
						"1.9": {
							"pre": [-1.03, -1.6, 0.9],
							"post": [-1.03, -1.6, 0.9],
							"lerp_mode": "catmullrom"
						},
						"1.9667": {
							"post": [-1.03, -1.2, -0.2],
							"lerp_mode": "catmullrom"
						},
						"2.0333": {
							"post": [-1.1, -0.07, 0.17],
							"lerp_mode": "catmullrom"
						},
						"2.1": {
							"post": [-0.82, 0, -0.07],
							"lerp_mode": "catmullrom"
						},
						"2.2": {
							"post": [-0.1, -0.9, -1.5],
							"lerp_mode": "catmullrom"
						},
						"2.3": {
							"post": [-0.02, -1.265, -1.685],
							"lerp_mode": "catmullrom"
						},
						"2.3667": {
							"post": [0, -0.375, 0.25],
							"lerp_mode": "catmullrom"
						},
						"2.4333": {
							"post": [0, -0.075, 0.45],
							"lerp_mode": "catmullrom"
						},
						"2.5": {
							"post": [0, 0, -0.2125],
							"lerp_mode": "catmullrom"
						},
						"2.6": {
							"post": [0, 0, 0.05],
							"lerp_mode": "catmullrom"
						},
						"2.7": {
							"post": [0, 0, 0],
							"lerp_mode": "catmullrom"
						}
					}
				},
				"bolt": {
					"position": {
						"1.9": [0, 0, 4],
						"1.9667": [0, 0, 0]
					}
				}
			},
			"sound_effects": {
				"0.0": {
					"effect": "p18_dm_mike14_reload_empty_raise"
				},
				"0.5333": {
					"effect": "p18_dm_mike14_reload_empty_quick_magout"
				},
				"0.9667": {
					"effect": "p18_dm_mike14_reload_empty_maghit"
				},
				"1.2667": {
					"effect": "p18_dm_mike14_reload_empty_magin"
				},
				"1.7333": {
					"effect": "p18_dm_mike14_reload_empty_quick_charge"
				},
				"2.0": {
					"effect": "p18_dm_mike14_reload_empty_end"
				}
			}
		},
		"draw2": {
			"loop": "hold_on_last_frame",
			"animation_length": 1.1806,
			"bones": {
				"righthand": {
					"rotation": [101.07, 8.95, -179.05],
					"position": {
						"0.0": [-6.75, -13.3, 0.55],
						"0.125": [-6.75, -13.3, 0.55],
						"0.2083": {
							"pre": [-6.75, -15.3, 1.55],
							"post": [-6.75, -15.3, 1.55],
							"lerp_mode": "catmullrom"
						},
						"0.2917": {
							"post": [-6.75, -10.3, -0.45],
							"lerp_mode": "catmullrom"
						},
						"0.3333": [-6.75, -8.05, -2.15],
						"0.4167": [-6.75, -1.55, 6.45],
						"0.5": [-6.75, -11.05, 15.05],
						"0.5833": {
							"pre": [-6.75, -11.15, 21.65],
							"post": [-6.75, -11.15, 21.65],
							"lerp_mode": "catmullrom"
						},
						"0.75": {
							"post": [-6.75, -15.3, 10.05],
							"lerp_mode": "catmullrom"
						},
						"0.9167": [-6.75, -16.3, 6.55]
					},
					"scale": [1, 1.5, 1]
				},
				"lefthand": {
					"rotation": [141.38069, -56.60097, -188.26937],
					"position": [6.17, -13.62, -7.02],
					"scale": [1, 1.5, 1]
				},
				"stock": {
					"rotation": {
						"0.3333": [180, 0, 0],
						"0.4167": [115, 0, 0],
						"0.5417": [0, 0, 0]
					}
				},
				"root": {
					"rotation": {
						"0.0": [-80, 0, 0],
						"0.1667": {
							"pre": [-40.51, -29.67, 13.76],
							"post": [-40.51, -29.67, 13.76],
							"lerp_mode": "catmullrom"
						},
						"0.3333": {
							"post": [7.25, -27.25, 17.5],
							"lerp_mode": "catmullrom"
						},
						"0.5": {
							"post": [6.08, -27.65, 17.73],
							"lerp_mode": "catmullrom"
						},
						"0.6667": {
							"post": [5.875, -27.25, 17.5],
							"lerp_mode": "catmullrom"
						},
						"0.75": {
							"post": [10.83, -20.74, 18.45],
							"lerp_mode": "catmullrom"
						},
						"0.9167": {
							"post": [-1.0426, -7.43355, -1.54071],
							"lerp_mode": "catmullrom"
						},
						"1.0417": [0, 0, 0]
					},
					"position": {
						"0.0": [-2.5, -11.75, 6.5],
						"0.1667": {
							"pre": [0.1875, -1.5, -2.5],
							"post": [0.1875, -1.5, -2.5],
							"lerp_mode": "catmullrom"
						},
						"0.3333": {
							"post": [0.9375, -1.1875, -1.25],
							"lerp_mode": "catmullrom"
						},
						"0.5": {
							"post": [0.9375, -1, -1.5],
							"lerp_mode": "catmullrom"
						},
						"0.5833": {
							"post": [2.1275, -2.115, -4.27],
							"lerp_mode": "catmullrom"
						},
						"0.7083": {
							"post": [0.97, -1.02, -3.02],
							"lerp_mode": "catmullrom"
						},
						"0.8333": {
							"post": [0.1875, -2.5, -3.75],
							"lerp_mode": "catmullrom"
						},
						"1.0": {
							"post": [0, 0, -0.03],
							"lerp_mode": "catmullrom"
						},
						"1.1667": [0, 0, 0]
					}
				},
				"stock_default": {
					"position": {
						"0.5": [0, 0, -4],
						"0.5833": [0, 0, 0]
					}
				},
				"camera": {
					"rotation": {
						"0.0": {
							"post": [0, 0, 0],
							"lerp_mode": "catmullrom"
						},
						"0.125": {
							"post": [1.5, 0, 0.25],
							"lerp_mode": "catmullrom"
						},
						"0.2917": {
							"post": [-0.5, 0, -0.5],
							"lerp_mode": "catmullrom"
						},
						"0.5": {
							"post": [-0.5, 0, -0.5],
							"lerp_mode": "catmullrom"
						},
						"0.5833": {
							"post": [0.82, 0, 0.25],
							"lerp_mode": "catmullrom"
						},
						"0.7083": {
							"post": [-0.25, 0, -0.75],
							"lerp_mode": "catmullrom"
						},
						"0.7917": {
							"post": [0, 0, -0.75],
							"lerp_mode": "catmullrom"
						},
						"0.9583": {
							"post": [-0.46, 0, 0.5],
							"lerp_mode": "catmullrom"
						},
						"1.0833": {
							"post": [0.17, 0, -0.25],
							"lerp_mode": "catmullrom"
						},
						"1.1667": {
							"post": [0, 0, 0],
							"lerp_mode": "catmullrom"
						}
					}
				},
				"stock_pos": {
					"position": {
						"0.5": [0, 0, -4],
						"0.5833": [0, 0, 0]
					}
				}
			}
		},
		"put_away2": {
			"animation_length": 1.1667,
			"bones": {
				"righthand": {
					"rotation": {
						"0.2917": [101.07, 8.95, -179.05],
						"0.4583": [121.07, 8.95, -179.05],
						"0.5417": [91.98957, 8.95, -179.05],
						"0.5833": [91.98957, 8.95, -179.05],
						"1.125": [101.07, 8.95, -179.05]
					},
					"position": {
						"0.0": [-6.75, -16.3, 6.55],
						"0.125": [-6.75, -16.3, 10.65],
						"0.25": {
							"pre": [-6.75, -15.3, 15.05],
							"post": [-6.75, -15.3, 15.05],
							"lerp_mode": "catmullrom"
						},
						"0.3333": {
							"post": [-6.75, -15.15, 20.05],
							"lerp_mode": "catmullrom"
						},
						"0.4583": [-6.75, -3.9, 15.47],
						"0.5": [-6.75, -4.05, 8.55],
						"0.5833": [-6.75, -7.05, -0.7],
						"0.7083": [-6.75, -9.05, 16.55],
						"0.7917": {
							"pre": [-6.75, -10.3, 18.55],
							"post": [-6.75, -10.3, 18.55],
							"lerp_mode": "catmullrom"
						},
						"0.875": {
							"post": [-6.75, -15.3, 16.55],
							"lerp_mode": "catmullrom"
						},
						"1.0": [-6.75, -16.3, 5.55],
						"1.125": [-6.75, -16.3, 5.55]
					},
					"scale": [1, 1.5, 1]
				},
				"lefthand": {
					"rotation": [141.38069, -56.60097, -188.26937],
					"position": [6.17, -13.62, -7.02],
					"scale": [1, 1.5, 1]
				},
				"stock": {
					"rotation": {
						"0.375": [0, 0, 0],
						"0.5833": [180, 0, 0]
					}
				},
				"root": {
					"rotation": {
						"0.0": [0, 0, 0],
						"0.1667": {
							"pre": [-1.0426, -7.43355, -1.54071],
							"post": [-1.0426, -7.43355, -1.54071],
							"lerp_mode": "catmullrom"
						},
						"0.3333": {
							"post": [10.83, -20.74, 18.45],
							"lerp_mode": "catmullrom"
						},
						"0.4583": {
							"post": [5.875, -27.25, 17.5],
							"lerp_mode": "catmullrom"
						},
						"0.6667": {
							"post": [6.08, -27.65, 17.73],
							"lerp_mode": "catmullrom"
						},
						"0.8333": {
							"post": [-40.51, -29.67, 13.76],
							"lerp_mode": "catmullrom"
						},
						"1.0417": [-80, 0, 0]
					},
					"position": {
						"0.0": [0, 0, 0],
						"0.2083": {
							"pre": [0.1875, -3.75, -0.5],
							"post": [0.1875, -3.75, -0.5],
							"lerp_mode": "catmullrom"
						},
						"0.4167": {
							"post": [0.47, -2.27, -1.52],
							"lerp_mode": "catmullrom"
						},
						"0.5": {
							"post": [1.8775, -3.365, -3.02],
							"lerp_mode": "catmullrom"
						},
						"0.625": {
							"post": [-0.0625, -2.25, -1.5],
							"lerp_mode": "catmullrom"
						},
						"0.8333": {
							"post": [-2.0625, -2.75, -1],
							"lerp_mode": "catmullrom"
						},
						"1.0833": [-2.5, -11.75, 6.5]
					}
				},
				"stock_default": {
					"position": {
						"0.375": [0, 0, 0],
						"0.5": [0, 0, -4]
					}
				},
				"camera": {
					"rotation": {
						"0.0": {
							"post": [0, 0, 0],
							"lerp_mode": "catmullrom"
						},
						"0.1667": {
							"post": [0.905, 0, -0.2],
							"lerp_mode": "catmullrom"
						},
						"0.3333": {
							"post": [-0.5775, 0, 0.56],
							"lerp_mode": "catmullrom"
						},
						"0.4583": {
							"post": [-0.5, 0, -0.5],
							"lerp_mode": "catmullrom"
						},
						"0.5417": {
							"post": [0.82, 0, 1.5],
							"lerp_mode": "catmullrom"
						},
						"0.7083": {
							"post": [-0.25, 0, 0],
							"lerp_mode": "catmullrom"
						},
						"0.8333": {
							"post": [0, 0, 0.25],
							"lerp_mode": "catmullrom"
						},
						"1.0": {
							"post": [0.165, 0, 0],
							"lerp_mode": "catmullrom"
						},
						"1.1667": {
							"post": [0.17, 0, 0],
							"lerp_mode": "catmullrom"
						},
						"1.2917": {
							"post": [0, 0, 0],
							"lerp_mode": "catmullrom"
						}
					}
				},
				"stock_pos": {
					"position": {
						"0.375": [0, 0, 0],
						"0.5": [0, 0, -4]
					}
				}
			}
		}
	}
}