{
  // 版本
  "version": "0.2.4",
  // 名称，支持本地化
  "name": "pack.tacz.emx_arms_gun.name",
  // 描述文本，支持本地化
  "desc": "pack.tacz.emx_arms_gun.desc",
  // 许可证
  "license": "CC BY-NC-ND 4.0",
  // 作者
  "authors": [
    "SF2403"
  ],
  // 日期：ISO 8601 标准，即 YYYY-MM-DD
  "date": "2024-07-17",
  // URL 链接，可以在枪械合成台看到，点击按钮可以访问网络链接
  "url": "https://www.curseforge.com/minecraft/customization/tacz-emx-arms-gunpack"
}